site_id,check_date,strategy,lcp_ms,inp_ms,cls,performance_score
S001,2023-07-03,mobile,2377.0,125.0,0.097,64.0
S001,2023-07-10,mobile,2156.0,107.0,0.014,77.0
S001,2023-07-17,mobile,2400.0,260.0,0.116,51.0
S001,2023-07-24,mobile,2061.0,140.0,0.081,71.0
S001,2023-07-31,mobile,2347.0,118.0,0.12,63.0
S001,2023-08-07,mobile,2269.0,174.0,0.032,68.0
S001,2023-08-14,mobile,1846.0,164.0,0.088,73.0
S001,2023-08-21,mobile,2132.0,160.0,0.105,66.0
S001,2023-08-28,mobile,2619.0,248.0,0.104,48.0
S001,2023-09-04,mobile,2313.0,200.0,0.044,63.0
S001,2023-09-11,mobile,1960.0,229.0,0.086,65.0
S001,2023-09-18,mobile,2071.0,293.0,0.06,60.0
S001,2023-09-25,mobile,2303.0,154.0,0.088,64.0
S001,2023-10-02,mobile,2212.0,201.0,0.013,68.0
S001,2023-10-09,mobile,1876.0,127.0,0.139,72.0
S001,2023-10-16,mobile,1830.0,259.0,0.056,68.0
S001,2023-10-23,mobile,2272.0,181.0,0.099,61.0
S001,2023-10-30,mobile,2091.0,51.0,0.034,82.0
S001,2023-11-06,mobile,2332.0,130.0,0.014,71.0
S001,2023-11-13,mobile,2198.0,257.0,0.107,56.0
S001,2023-11-20,mobile,1987.0,108.0,0.106,73.0
S001,2023-11-27,mobile,2125.0,186.0,0.114,63.0
S001,2023-12-04,mobile,2053.0,212.0,0.094,64.0
S001,2023-12-11,mobile,2179.0,215.0,0.127,58.0
S001,2023-12-18,mobile,1963.0,305.0,0.094,58.0
S001,2023-12-25,mobile,1849.0,186.0,0.043,75.0
S001,2024-01-01,mobile,2091.0,147.0,0.176,62.0
S001,2024-01-08,mobile,1963.0,151.0,0.047,75.0
S001,2024-01-15,mobile,2285.0,242.0,0.114,55.0
S001,2024-01-22,mobile,2069.0,80.0,0.1,74.0
S001,2024-01-29,mobile,2157.0,201.0,0.122,61.0
S001,2024-02-05,mobile,2040.0,264.0,0.076,62.0
S001,2024-02-12,mobile,2134.0,194.0,0.093,64.0
S001,2024-02-19,mobile,2212.0,249.0,0.055,61.0
S001,2024-02-26,mobile,2143.0,94.0,0.103,71.0
S001,2024-03-04,mobile,1803.0,247.0,0.029,72.0
S001,2024-03-11,mobile,2015.0,199.0,0.131,63.0
S001,2024-03-18,mobile,2461.0,166.0,0.174,53.0
S001,2024-03-25,mobile,2158.0,166.0,0.124,63.0
S001,2024-04-01,mobile,2007.0,268.0,0.0,68.0
S001,2024-04-08,mobile,1994.0,153.0,0.059,73.0
S001,2024-04-15,mobile,2336.0,155.0,0.119,61.0
S001,2024-04-22,mobile,2176.0,263.0,0.035,62.0
S001,2024-04-29,mobile,1851.0,204.0,0.026,75.0
S001,2024-05-06,mobile,2436.0,212.0,0.086,56.0
S001,2024-05-13,mobile,2124.0,144.0,0.061,71.0
S001,2024-05-20,mobile,2118.0,143.0,0.059,71.0
S001,2024-05-27,mobile,2335.0,269.0,0.024,59.0
S001,2024-06-03,mobile,2095.0,205.0,0.148,60.0
S001,2024-06-10,mobile,2140.0,189.0,0.041,68.0
S001,2024-06-17,mobile,1788.0,175.0,0.063,76.0
S001,2024-06-24,mobile,2043.0,183.0,0.097,67.0
S001,2024-07-01,mobile,1829.0,154.0,0.071,76.0
S001,2024-07-08,mobile,1961.0,207.0,0.061,69.0
S001,2024-07-15,mobile,2097.0,160.0,0.118,66.0
S001,2024-07-22,mobile,1646.0,171.0,0.095,77.0
S001,2024-07-29,mobile,2105.0,210.0,0.093,63.0
S001,2024-08-05,mobile,2195.0,253.0,0.063,60.0
S001,2024-08-12,mobile,1712.0,245.0,0.027,74.0
S001,2024-08-19,mobile,1917.0,160.0,0.126,69.0
S001,2024-08-26,mobile,1764.0,180.0,0.051,77.0
S001,2024-09-02,mobile,2128.0,113.0,0.025,76.0
S001,2024-09-09,mobile,1942.0,217.0,0.065,69.0
S001,2024-09-16,mobile,2232.0,222.0,0.077,61.0
S001,2024-09-23,mobile,1791.0,189.0,0.023,78.0
S001,2024-09-30,mobile,2060.0,246.0,0.062,64.0
S001,2024-10-07,mobile,1872.0,162.0,0.079,74.0
S001,2024-10-14,mobile,2023.0,193.0,0.028,72.0
S001,2024-10-21,mobile,1958.0,137.0,0.124,70.0
S001,2024-10-28,mobile,2142.0,183.0,0.028,70.0
S001,2024-11-04,mobile,2064.0,167.0,0.106,67.0
S001,2024-11-11,mobile,2217.0,216.0,0.086,61.0
S001,2024-11-18,mobile,1990.0,172.0,0.182,62.0
S001,2024-11-25,mobile,1841.0,243.0,0.082,67.0
S001,2024-12-02,mobile,2113.0,112.0,0.024,77.0
S001,2024-12-09,mobile,1987.0,214.0,0.029,71.0
S001,2024-12-16,mobile,1950.0,65.0,0.067,81.0
S001,2024-12-23,mobile,2057.0,184.0,0.0,74.0
S001,2024-12-30,mobile,1857.0,242.0,0.026,71.0
S001,2025-01-06,mobile,2311.0,184.0,0.105,60.0
S001,2025-01-13,mobile,2177.0,244.0,0.167,53.0
S001,2025-01-20,mobile,2052.0,144.0,0.076,71.0
S001,2025-01-27,mobile,2029.0,197.0,0.038,70.0
S001,2025-02-03,mobile,1988.0,152.0,0.121,68.0
S001,2025-02-10,mobile,1885.0,255.0,0.132,61.0
S001,2025-02-17,mobile,2067.0,151.0,0.062,72.0
S001,2025-02-24,mobile,1897.0,145.0,0.105,72.0
S001,2025-03-03,mobile,2267.0,246.0,0.132,54.0
S001,2025-03-10,mobile,2227.0,132.0,0.093,67.0
S001,2025-03-17,mobile,2006.0,152.0,0.052,74.0
S001,2025-03-24,mobile,2130.0,214.0,0.059,65.0
S001,2025-03-31,mobile,1691.0,199.0,0.031,78.0
S001,2025-04-07,mobile,1989.0,157.0,0.049,74.0
S001,2025-04-14,mobile,1641.0,184.0,0.105,75.0
S001,2025-04-21,mobile,1973.0,269.0,0.071,63.0
S001,2025-04-28,mobile,1807.0,143.0,0.019,81.0
S001,2025-05-05,mobile,2112.0,189.0,0.094,65.0
S001,2025-05-12,mobile,1961.0,176.0,0.124,67.0
S001,2025-05-19,mobile,1877.0,234.0,0.073,68.0
S001,2025-05-26,mobile,1878.0,133.0,0.077,76.0
S001,2025-06-02,mobile,1544.0,158.0,0.139,76.0
S001,2025-06-09,mobile,2096.0,174.0,0.127,64.0
S001,2025-06-16,mobile,2183.0,158.0,0.102,65.0
S001,2025-06-23,mobile,2073.0,208.0,0.137,61.0
S001,2025-06-30,mobile,1840.0,220.0,0.127,66.0
S001,2025-07-07,mobile,1771.0,208.0,0.075,72.0
S001,2025-07-14,mobile,1623.0,109.0,0.096,82.0
S001,2025-07-21,mobile,1853.0,174.0,0.085,73.0
S001,2025-07-28,mobile,1504.0,177.0,0.159,74.0
S001,2025-08-04,mobile,1533.0,137.0,0.097,82.0
S001,2025-08-11,mobile,2089.0,149.0,0.094,69.0
S001,2025-08-18,mobile,2201.0,268.0,0.155,51.0
S001,2025-08-25,mobile,1798.0,225.0,0.087,69.0
S001,2025-09-01,mobile,1993.0,134.0,0.067,74.0
S001,2025-09-08,mobile,1817.0,218.0,0.0,76.0
S001,2025-09-15,mobile,2115.0,215.0,0.063,65.0
S001,2025-09-22,mobile,1941.0,153.0,0.088,72.0
S001,2025-09-29,mobile,2009.0,211.0,0.119,63.0
S001,2025-10-06,mobile,1569.0,168.0,0.08,80.0
S001,2025-10-13,mobile,1876.0,107.0,0.045,81.0
S001,2025-10-20,mobile,1796.0,168.0,0.096,73.0
S001,2025-10-27,mobile,2135.0,140.0,0.009,75.0
S001,2025-11-03,mobile,1788.0,161.0,0.132,71.0
S001,2025-11-10,mobile,1839.0,212.0,0.137,66.0
S001,2025-11-17,mobile,1546.0,212.0,0.01,82.0
S001,2025-11-24,mobile,1906.0,206.0,0.046,72.0
S001,2025-12-01,mobile,1895.0,203.0,0.094,68.0
S001,2025-12-08,mobile,1822.0,141.0,0.15,71.0
S001,2025-12-15,mobile,2101.0,154.0,0.078,69.0
S001,2025-12-22,mobile,1872.0,242.0,0.096,66.0
S001,2025-12-29,mobile,1753.0,270.0,0.09,66.0
S001,2026-01-05,mobile,1720.0,189.0,0.018,80.0
S001,2026-01-12,mobile,1996.0,203.0,0.066,68.0
S001,2026-01-19,mobile,1567.0,285.0,0.05,72.0
S001,2026-01-26,mobile,1737.0,171.0,0.089,75.0
S001,2026-02-02,mobile,1831.0,197.0,0.053,74.0
S001,2026-02-09,mobile,1778.0,160.0,0.081,76.0
S001,2026-02-16,mobile,1836.0,94.0,0.078,80.0
S001,2026-02-23,mobile,2051.0,163.0,0.081,69.0
S001,2026-03-02,mobile,1796.0,207.0,0.123,68.0
S001,2026-03-09,mobile,1663.0,119.0,0.095,81.0
S001,2026-03-16,mobile,2117.0,212.0,0.07,65.0
S001,2026-03-23,mobile,1787.0,132.0,0.1,76.0
S001,2026-03-30,mobile,1911.0,162.0,0.058,74.0
S001,2026-04-06,mobile,2098.0,181.0,0.037,70.0
S001,2026-04-13,mobile,1700.0,148.0,0.123,75.0
S001,2026-04-20,mobile,2149.0,191.0,0.054,67.0
S001,2026-04-27,mobile,2146.0,185.0,0.04,69.0
S001,2026-05-04,mobile,1691.0,193.0,0.141,70.0
S001,2026-05-11,mobile,1717.0,256.0,0.115,66.0
S001,2026-05-18,mobile,1950.0,153.0,0.073,73.0
S001,2026-05-25,mobile,2076.0,211.0,0.116,62.0
S001,2026-06-01,mobile,1962.0,156.0,0.061,73.0
S001,2026-06-08,mobile,1803.0,190.0,0.099,71.0
S001,2026-06-15,mobile,1904.0,233.0,0.082,67.0
S001,2026-06-22,mobile,1934.0,234.0,0.065,67.0
S001,2026-06-29,mobile,1860.0,169.0,0.09,72.0
S001,2026-07-06,mobile,1720.0,231.0,0.035,75.0
S001,2026-07-13,mobile,1945.0,203.0,0.057,70.0
S001,2026-07-20,mobile,1749.0,195.0,0.0,80.0
S001,2026-07-27,mobile,1453.0,202.0,0.067,80.0
S001,2026-08-03,mobile,1546.0,189.0,0.09,78.0
S001,2026-08-10,mobile,2022.0,151.0,0.022,76.0
S001,2026-08-17,mobile,1594.0,184.0,0.095,77.0
S001,2026-08-24,mobile,1803.0,254.0,0.0,74.0
S001,2026-08-31,mobile,2012.0,162.0,0.056,72.0
S001,2026-09-07,mobile,1811.0,336.0,0.076,61.0
S001,2026-09-14,mobile,2191.0,156.0,0.079,67.0
S001,2026-09-21,mobile,1757.0,229.0,0.089,70.0
S001,2026-09-28,mobile,1624.0,124.0,0.014,87.0
S001,2023-07-03,desktop,1323.0,116.0,0.102,88.0
S001,2023-07-10,desktop,1119.0,96.0,0.177,88.0
S001,2023-07-17,desktop,1154.0,76.0,0.12,93.0
S001,2023-07-24,desktop,936.0,117.0,0.058,100.0
S001,2023-07-31,desktop,1349.0,145.0,0.019,91.0
S001,2023-08-07,desktop,964.0,86.0,0.081,100.0
S001,2023-08-14,desktop,1385.0,141.0,0.082,86.0
S001,2023-08-21,desktop,1585.0,109.0,0.12,81.0
S001,2023-08-28,desktop,1098.0,59.0,0.133,95.0
S001,2023-09-04,desktop,1047.0,40.0,0.105,100.0
S001,2023-09-11,desktop,1151.0,115.0,0.118,90.0
S001,2023-09-18,desktop,1362.0,102.0,0.072,90.0
S001,2023-09-25,desktop,1017.0,72.0,0.114,97.0
S001,2023-10-02,desktop,793.0,78.0,0.093,100.0
S001,2023-10-09,desktop,1381.0,52.0,0.16,87.0
S001,2023-10-16,desktop,1180.0,116.0,0.089,92.0
S001,2023-10-23,desktop,1133.0,57.0,0.073,99.0
S001,2023-10-30,desktop,1183.0,92.0,0.111,92.0
S001,2023-11-06,desktop,1023.0,83.0,0.141,94.0
S001,2023-11-13,desktop,1135.0,40.0,0.113,97.0
S001,2023-11-20,desktop,1215.0,132.0,0.097,89.0
S001,2023-11-27,desktop,1254.0,97.0,0.078,93.0
S001,2023-12-04,desktop,1170.0,212.0,0.045,88.0
S001,2023-12-11,desktop,728.0,66.0,0.127,100.0
S001,2023-12-18,desktop,1102.0,185.0,0.127,85.0
S001,2023-12-25,desktop,1168.0,107.0,0.0,100.0
S001,2024-01-01,desktop,1181.0,83.0,0.046,98.0
S001,2024-01-08,desktop,1078.0,60.0,0.109,97.0
S001,2024-01-15,desktop,1507.0,45.0,0.06,93.0
S001,2024-01-22,desktop,1072.0,76.0,0.102,97.0
S001,2024-01-29,desktop,1231.0,71.0,0.04,98.0
S001,2024-02-05,desktop,1065.0,86.0,0.047,100.0
S001,2024-02-12,desktop,1232.0,72.0,0.034,99.0
S001,2024-02-19,desktop,879.0,145.0,0.075,97.0
S001,2024-02-26,desktop,1416.0,56.0,0.08,93.0
S001,2024-03-04,desktop,1203.0,71.0,0.032,100.0
S001,2024-03-11,desktop,1045.0,93.0,0.039,100.0
S001,2024-03-18,desktop,1067.0,67.0,0.063,100.0
S001,2024-03-25,desktop,1005.0,147.0,0.066,95.0
S001,2024-04-01,desktop,1072.0,63.0,0.049,100.0
S001,2024-04-08,desktop,1131.0,90.0,0.104,94.0
S001,2024-04-15,desktop,1032.0,86.0,0.063,100.0
S001,2024-04-22,desktop,1263.0,87.0,0.086,93.0
S001,2024-04-29,desktop,1530.0,200.0,0.096,77.0
S001,2024-05-06,desktop,1088.0,160.0,0.044,94.0
S001,2024-05-13,desktop,725.0,126.0,0.101,100.0
S001,2024-05-20,desktop,1062.0,116.0,0.086,95.0
S001,2024-05-27,desktop,1104.0,186.0,0.083,88.0
S001,2024-06-03,desktop,1258.0,95.0,0.046,95.0
S001,2024-06-10,desktop,992.0,90.0,0.116,96.0
S001,2024-06-17,desktop,994.0,100.0,0.014,100.0
S001,2024-06-24,desktop,988.0,97.0,0.074,99.0
S001,2024-07-01,desktop,884.0,116.0,0.046,100.0
S001,2024-07-08,desktop,793.0,106.0,0.063,100.0
S001,2024-07-15,desktop,1127.0,40.0,0.023,100.0
S001,2024-07-22,desktop,850.0,114.0,0.051,100.0
S001,2024-07-29,desktop,1054.0,124.0,0.035,98.0
S001,2024-08-05,desktop,1225.0,123.0,0.02,96.0
S001,2024-08-12,desktop,941.0,73.0,0.101,100.0
S001,2024-08-19,desktop,1310.0,40.0,0.051,98.0
S001,2024-08-26,desktop,971.0,154.0,0.071,95.0
S001,2024-09-02,desktop,827.0,88.0,0.094,100.0
S001,2024-09-09,desktop,1024.0,83.0,0.091,98.0
S001,2024-09-16,desktop,1159.0,76.0,0.073,97.0
S001,2024-09-23,desktop,1240.0,126.0,0.052,93.0
S001,2024-09-30,desktop,1163.0,144.0,0.064,92.0
S001,2024-10-07,desktop,1411.0,121.0,0.087,87.0
S001,2024-10-14,desktop,1127.0,120.0,0.121,90.0
S001,2024-10-21,desktop,995.0,87.0,0.0,100.0
S001,2024-10-28,desktop,1079.0,83.0,0.095,96.0
S001,2024-11-04,desktop,853.0,86.0,0.032,100.0
S001,2024-11-11,desktop,1236.0,121.0,0.059,93.0
S001,2024-11-18,desktop,835.0,79.0,0.071,100.0
S001,2024-11-25,desktop,896.0,129.0,0.075,98.0
S001,2024-12-02,desktop,1057.0,132.0,0.054,96.0
S001,2024-12-09,desktop,909.0,134.0,0.125,94.0
S001,2024-12-16,desktop,1145.0,85.0,0.102,94.0
S001,2024-12-23,desktop,1129.0,65.0,0.061,100.0
S001,2024-12-30,desktop,1205.0,105.0,0.142,88.0
S001,2025-01-06,desktop,1177.0,83.0,0.051,98.0
S001,2025-01-13,desktop,1112.0,76.0,0.048,100.0
S001,2025-01-20,desktop,1056.0,92.0,0.083,97.0
S001,2025-01-27,desktop,1195.0,131.0,0.056,93.0
S001,2025-02-03,desktop,1068.0,66.0,0.095,98.0
S001,2025-02-10,desktop,1318.0,180.0,0.067,85.0
S001,2025-02-17,desktop,1225.0,128.0,0.092,90.0
S001,2025-02-24,desktop,1014.0,83.0,0.043,100.0
S001,2025-03-03,desktop,1275.0,136.0,0.151,83.0
S001,2025-03-10,desktop,1330.0,64.0,0.059,95.0
S001,2025-03-17,desktop,1440.0,111.0,0.136,83.0
S001,2025-03-24,desktop,1261.0,124.0,0.025,95.0
S001,2025-03-31,desktop,863.0,134.0,0.151,93.0
S001,2025-04-07,desktop,881.0,98.0,0.074,100.0
S001,2025-04-14,desktop,863.0,56.0,0.07,100.0
S001,2025-04-21,desktop,1232.0,104.0,0.0,99.0
S001,2025-04-28,desktop,1506.0,159.0,0.026,86.0
S001,2025-05-05,desktop,1113.0,74.0,0.04,100.0
S001,2025-05-12,desktop,1054.0,73.0,0.034,100.0
S001,2025-05-19,desktop,1135.0,94.0,0.103,94.0
S001,2025-05-26,desktop,1145.0,130.0,0.061,94.0
S001,2025-06-02,desktop,1269.0,55.0,0.078,96.0
S001,2025-06-09,desktop,934.0,77.0,0.086,100.0
S001,2025-06-16,desktop,1120.0,58.0,0.0,100.0
S001,2025-06-23,desktop,1184.0,166.0,0.066,90.0
S001,2025-06-30,desktop,1080.0,62.0,0.161,93.0
S001,2025-07-07,desktop,752.0,110.0,0.121,99.0
S001,2025-07-14,desktop,700.0,74.0,0.097,100.0
S001,2025-07-21,desktop,782.0,122.0,0.084,100.0
S001,2025-07-28,desktop,1228.0,147.0,0.135,85.0
S001,2025-08-04,desktop,1310.0,97.0,0.102,90.0
S001,2025-08-11,desktop,827.0,138.0,0.072,99.0
S001,2025-08-18,desktop,1170.0,130.0,0.093,91.0
S001,2025-08-25,desktop,700.0,115.0,0.111,100.0
S001,2025-09-01,desktop,909.0,144.0,0.129,93.0
S001,2025-09-08,desktop,1085.0,205.0,0.022,92.0
S001,2025-09-15,desktop,1168.0,160.0,0.083,89.0
S001,2025-09-22,desktop,894.0,40.0,0.117,100.0
S001,2025-09-29,desktop,995.0,42.0,0.055,100.0
S001,2025-10-06,desktop,1000.0,100.0,0.071,99.0
S001,2025-10-13,desktop,771.0,40.0,0.144,100.0
S001,2025-10-20,desktop,1198.0,98.0,0.088,93.0
S001,2025-10-27,desktop,1042.0,40.0,0.048,100.0
S001,2025-11-03,desktop,862.0,111.0,0.021,100.0
S001,2025-11-10,desktop,993.0,122.0,0.074,97.0
S001,2025-11-17,desktop,1201.0,97.0,0.055,96.0
S001,2025-11-24,desktop,856.0,89.0,0.129,98.0
S001,2025-12-01,desktop,793.0,72.0,0.049,100.0
S001,2025-12-08,desktop,799.0,108.0,0.114,99.0
S001,2025-12-15,desktop,1429.0,50.0,0.078,93.0
S001,2025-12-22,desktop,1155.0,63.0,0.06,99.0
S001,2025-12-29,desktop,817.0,123.0,0.067,100.0
S001,2026-01-05,desktop,1012.0,88.0,0.129,95.0
S001,2026-01-12,desktop,1036.0,83.0,0.11,96.0
S001,2026-01-19,desktop,999.0,147.0,0.087,94.0
S001,2026-01-26,desktop,884.0,102.0,0.054,100.0
S001,2026-02-02,desktop,734.0,83.0,0.108,100.0
S001,2026-02-09,desktop,853.0,134.0,0.083,98.0
S001,2026-02-16,desktop,890.0,64.0,0.062,100.0
S001,2026-02-23,desktop,1130.0,40.0,0.042,100.0
S001,2026-03-02,desktop,1010.0,166.0,0.056,94.0
S001,2026-03-09,desktop,1077.0,51.0,0.036,100.0
S001,2026-03-16,desktop,773.0,179.0,0.046,99.0
S001,2026-03-23,desktop,929.0,79.0,0.187,93.0
S001,2026-03-30,desktop,1162.0,40.0,0.005,100.0
S001,2026-04-06,desktop,742.0,62.0,0.114,100.0
S001,2026-04-13,desktop,1274.0,121.0,0.099,89.0
S001,2026-04-20,desktop,988.0,174.0,0.016,97.0
S001,2026-04-27,desktop,1083.0,144.0,0.112,90.0
S001,2026-05-04,desktop,700.0,150.0,0.163,94.0
S001,2026-05-11,desktop,1093.0,47.0,0.079,100.0
S001,2026-05-18,desktop,805.0,141.0,0.117,96.0
S001,2026-05-25,desktop,973.0,94.0,0.074,100.0
S001,2026-06-01,desktop,743.0,183.0,0.096,96.0
S001,2026-06-08,desktop,1137.0,125.0,0.005,99.0
S001,2026-06-15,desktop,765.0,122.0,0.08,100.0
S001,2026-06-22,desktop,1039.0,42.0,0.08,100.0
S001,2026-06-29,desktop,1017.0,133.0,0.062,96.0
S001,2026-07-06,desktop,999.0,77.0,0.138,95.0
S001,2026-07-13,desktop,916.0,135.0,0.078,97.0
S001,2026-07-20,desktop,1046.0,96.0,0.074,98.0
S001,2026-07-27,desktop,935.0,82.0,0.065,100.0
S001,2026-08-03,desktop,896.0,127.0,0.063,99.0
S001,2026-08-10,desktop,1075.0,111.0,0.074,96.0
S001,2026-08-17,desktop,1310.0,48.0,0.068,96.0
S001,2026-08-24,desktop,934.0,173.0,0.097,92.0
S001,2026-08-31,desktop,700.0,95.0,0.102,100.0
S001,2026-09-07,desktop,887.0,143.0,0.138,92.0
S001,2026-09-14,desktop,1049.0,99.0,0.062,98.0
S001,2026-09-21,desktop,869.0,65.0,0.04,100.0
S001,2026-09-28,desktop,700.0,96.0,0.086,100.0
S002,2023-07-03,mobile,2778.0,116.0,0.018,62.0
S002,2023-07-10,mobile,2485.0,167.0,0.0,66.0
S002,2023-07-17,mobile,2521.0,175.0,0.071,59.0
S002,2023-07-24,mobile,2650.0,215.0,0.101,50.0
S002,2023-07-31,mobile,2542.0,244.0,0.078,52.0
S002,2023-08-07,mobile,2546.0,307.0,0.084,46.0
S002,2023-08-14,mobile,2684.0,125.0,0.05,61.0
S002,2023-08-21,mobile,2533.0,229.0,0.071,54.0
S002,2023-08-28,mobile,2527.0,123.0,0.0,69.0
S002,2023-09-04,mobile,2333.0,240.0,0.125,53.0
S002,2023-09-11,mobile,2780.0,148.0,0.026,59.0
S002,2023-09-18,mobile,2441.0,233.0,0.11,53.0
S002,2023-09-25,mobile,2359.0,216.0,0.085,58.0
S002,2023-10-02,mobile,2711.0,191.0,0.047,55.0
S002,2023-10-09,mobile,2519.0,172.0,0.102,57.0
S002,2023-10-16,mobile,2320.0,173.0,0.107,61.0
S002,2023-10-23,mobile,2357.0,182.0,0.08,61.0
S002,2023-10-30,mobile,2379.0,195.0,0.05,62.0
S002,2023-11-06,mobile,2395.0,205.0,0.038,62.0
S002,2023-11-13,mobile,2233.0,153.0,0.02,71.0
S002,2023-11-20,mobile,2163.0,209.0,0.055,65.0
S002,2023-11-27,mobile,2452.0,215.0,0.076,57.0
S002,2023-12-04,mobile,2561.0,213.0,0.103,52.0
S002,2023-12-11,mobile,2611.0,242.0,0.107,48.0
S002,2023-12-18,mobile,2854.0,209.0,0.063,49.0
S002,2023-12-25,mobile,2708.0,193.0,0.073,53.0
S002,2024-01-01,mobile,2496.0,175.0,0.098,57.0
S002,2024-01-08,mobile,2438.0,247.0,0.048,56.0
S002,2024-01-15,mobile,2314.0,215.0,0.091,58.0
S002,2024-01-22,mobile,2290.0,146.0,0.104,64.0
S002,2024-01-29,mobile,2321.0,151.0,0.074,65.0
S002,2024-02-05,mobile,2153.0,116.0,0.064,72.0
S002,2024-02-12,mobile,2420.0,136.0,0.14,59.0
S002,2024-02-19,mobile,2489.0,232.0,0.05,56.0
S002,2024-02-26,mobile,2347.0,161.0,0.068,64.0
S002,2024-03-04,mobile,2578.0,137.0,0.102,58.0
S002,2024-03-11,mobile,2312.0,157.0,0.039,67.0
S002,2024-03-18,mobile,2335.0,118.0,0.036,70.0
S002,2024-03-25,mobile,2752.0,262.0,0.086,45.0
S002,2024-04-01,mobile,2485.0,272.0,0.054,53.0
S002,2024-04-08,mobile,2535.0,281.0,0.14,44.0
S002,2024-04-15,mobile,2313.0,166.0,0.133,59.0
S002,2024-04-22,mobile,2393.0,193.0,0.069,60.0
S002,2024-04-29,mobile,2400.0,291.0,0.096,50.0
S002,2024-05-06,mobile,2413.0,178.0,0.068,61.0
S002,2024-05-13,mobile,2223.0,189.0,0.081,63.0
S002,2024-05-20,mobile,2624.0,166.0,0.125,53.0
S002,2024-05-27,mobile,2335.0,158.0,0.081,63.0
S002,2024-06-03,mobile,2540.0,197.0,0.061,57.0
S002,2024-06-10,mobile,2112.0,126.0,0.0,78.0
S002,2024-06-17,mobile,2251.0,185.0,0.029,67.0
S002,2024-06-24,mobile,2417.0,246.0,0.139,50.0
S002,2024-07-01,mobile,2245.0,222.0,0.128,56.0
S002,2024-07-08,mobile,2329.0,271.0,0.035,58.0
S002,2024-07-15,mobile,2288.0,316.0,0.059,53.0
S002,2024-07-22,mobile,2272.0,249.0,0.064,59.0
S002,2024-07-29,mobile,2301.0,204.0,0.063,62.0
S002,2024-08-05,mobile,2518.0,221.0,0.033,58.0
S002,2024-08-12,mobile,2290.0,239.0,0.041,61.0
S002,2024-08-19,mobile,2203.0,146.0,0.07,68.0
S002,2024-08-26,mobile,2081.0,197.0,0.081,66.0
S002,2024-09-02,mobile,2492.0,188.0,0.014,63.0
S002,2024-09-09,mobile,2168.0,217.0,0.138,58.0
S002,2024-09-16,mobile,2291.0,211.0,0.086,60.0
S002,2024-09-23,mobile,2158.0,227.0,0.08,62.0
S002,2024-09-30,mobile,2430.0,236.0,0.107,53.0
S002,2024-10-07,mobile,2420.0,193.0,0.055,61.0
S002,2024-10-14,mobile,2189.0,137.0,0.023,73.0
S002,2024-10-21,mobile,2061.0,165.0,0.008,75.0
S002,2024-10-28,mobile,2345.0,240.0,0.109,54.0
S002,2024-11-04,mobile,2322.0,149.0,0.105,63.0
S002,2024-11-11,mobile,2554.0,141.0,0.118,57.0
S002,2024-11-18,mobile,2253.0,228.0,0.131,55.0
S002,2024-11-25,mobile,2161.0,191.0,0.071,65.0
S002,2024-12-02,mobile,2296.0,200.0,0.172,54.0
S002,2024-12-09,mobile,2479.0,178.0,0.059,60.0
S002,2024-12-16,mobile,2240.0,81.0,0.031,76.0
S002,2024-12-23,mobile,2153.0,206.0,0.047,66.0
S002,2024-12-30,mobile,2314.0,121.0,0.14,62.0
S002,2025-01-06,mobile,2052.0,90.0,0.078,76.0
S002,2025-01-13,mobile,2016.0,242.0,0.126,60.0
S002,2025-01-20,mobile,1814.0,223.0,0.136,65.0
S002,2025-01-27,mobile,2418.0,138.0,0.035,67.0
S002,2025-02-03,mobile,2392.0,198.0,0.058,61.0
S002,2025-02-10,mobile,2375.0,175.0,0.039,65.0
S002,2025-02-17,mobile,2145.0,202.0,0.109,62.0
S002,2025-02-24,mobile,2431.0,209.0,0.102,55.0
S002,2025-03-03,mobile,2172.0,212.0,0.098,61.0
S002,2025-03-10,mobile,2140.0,226.0,0.041,65.0
S002,2025-03-17,mobile,2282.0,242.0,0.107,56.0
S002,2025-03-24,mobile,2455.0,249.0,0.065,54.0
S002,2025-03-31,mobile,2247.0,270.0,0.093,55.0
S002,2025-04-07,mobile,2047.0,313.0,0.072,58.0
S002,2025-04-14,mobile,2316.0,187.0,0.057,63.0
S002,2025-04-21,mobile,1757.0,245.0,0.091,68.0
S002,2025-04-28,mobile,1835.0,179.0,0.111,70.0
S002,2025-05-05,mobile,1849.0,209.0,0.122,67.0
S002,2025-05-12,mobile,2079.0,218.0,0.024,69.0
S002,2025-05-19,mobile,1894.0,215.0,0.042,72.0
S002,2025-05-26,mobile,2265.0,142.0,0.036,70.0
S002,2025-06-02,mobile,2097.0,201.0,0.016,70.0
S002,2025-06-09,mobile,1766.0,110.0,0.13,76.0
S002,2025-06-16,mobile,1602.0,115.0,0.02,88.0
S002,2025-06-23,mobile,1914.0,137.0,0.044,78.0
S002,2025-06-30,mobile,2158.0,193.0,0.085,64.0
S002,2025-07-07,mobile,1952.0,180.0,0.072,71.0
S002,2025-07-14,mobile,2029.0,157.0,0.115,68.0
S002,2025-07-21,mobile,1991.0,236.0,0.099,63.0
S002,2025-07-28,mobile,2114.0,243.0,0.132,57.0
S002,2025-08-04,mobile,2245.0,131.0,0.12,65.0
S002,2025-08-11,mobile,2233.0,195.0,0.075,63.0
S002,2025-08-18,mobile,1952.0,157.0,0.065,73.0
S002,2025-08-25,mobile,2112.0,234.0,0.073,63.0
S002,2025-09-01,mobile,2000.0,139.0,0.038,76.0
S002,2025-09-08,mobile,1872.0,109.0,0.041,81.0
S002,2025-09-15,mobile,2100.0,170.0,0.068,69.0
S002,2025-09-22,mobile,1968.0,222.0,0.0,73.0
S002,2025-09-29,mobile,2048.0,131.0,0.076,73.0
S002,2025-10-06,mobile,2116.0,225.0,0.061,64.0
S002,2025-10-13,mobile,1930.0,208.0,0.08,68.0
S002,2025-10-20,mobile,1972.0,180.0,0.043,73.0
S002,2025-10-27,mobile,1959.0,208.0,0.087,67.0
S002,2025-11-03,mobile,1891.0,244.0,0.023,71.0
S002,2025-11-10,mobile,1865.0,165.0,0.124,70.0
S002,2025-11-17,mobile,1815.0,130.0,0.089,77.0
S002,2025-11-24,mobile,1878.0,164.0,0.063,75.0
S002,2025-12-01,mobile,2167.0,122.0,0.109,68.0
S002,2025-12-08,mobile,2275.0,317.0,0.034,55.0
S002,2025-12-15,mobile,2180.0,232.0,0.121,58.0
S002,2025-12-22,mobile,1691.0,226.0,0.13,68.0
S002,2025-12-29,mobile,1705.0,179.0,0.103,74.0
S002,2026-01-05,mobile,2037.0,144.0,0.0,78.0
S002,2026-01-12,mobile,1936.0,130.0,0.073,75.0
S002,2026-01-19,mobile,2337.0,228.0,0.03,62.0
S002,2026-01-26,mobile,1904.0,199.0,0.074,70.0
S002,2026-02-02,mobile,2139.0,144.0,0.15,63.0
S002,2026-02-09,mobile,1699.0,125.0,0.057,82.0
S002,2026-02-16,mobile,2064.0,178.0,0.038,71.0
S002,2026-02-23,mobile,2060.0,141.0,0.051,73.0
S002,2026-03-02,mobile,1953.0,184.0,0.051,72.0
S002,2026-03-09,mobile,2063.0,246.0,0.035,66.0
S002,2026-03-16,mobile,1819.0,87.0,0.044,84.0
S002,2026-03-23,mobile,1663.0,178.0,0.033,81.0
S002,2026-03-30,mobile,1556.0,242.0,0.047,76.0
S002,2026-04-06,mobile,1977.0,204.0,0.0,74.0
S002,2026-04-13,mobile,1808.0,285.0,0.118,62.0
S002,2026-04-20,mobile,1784.0,190.0,0.095,72.0
S002,2026-04-27,mobile,1649.0,266.0,0.141,65.0
S002,2026-05-04,mobile,2174.0,210.0,0.072,63.0
S002,2026-05-11,mobile,2024.0,170.0,0.071,70.0
S002,2026-05-18,mobile,1963.0,186.0,0.081,69.0
S002,2026-05-25,mobile,1555.0,222.0,0.051,78.0
S002,2026-06-01,mobile,1831.0,194.0,0.016,77.0
S002,2026-06-08,mobile,1660.0,219.0,0.115,71.0
S002,2026-06-15,mobile,2098.0,132.0,0.087,70.0
S002,2026-06-22,mobile,1762.0,213.0,0.067,73.0
S002,2026-06-29,mobile,1950.0,158.0,0.069,73.0
S002,2026-07-06,mobile,1506.0,151.0,0.071,83.0
S002,2026-07-13,mobile,1807.0,204.0,0.11,69.0
S002,2026-07-20,mobile,1641.0,153.0,0.053,82.0
S002,2026-07-27,mobile,1562.0,265.0,0.039,75.0
S002,2026-08-03,mobile,1458.0,179.0,0.073,82.0
S002,2026-08-10,mobile,1483.0,128.0,0.084,85.0
S002,2026-08-17,mobile,1463.0,96.0,0.077,88.0
S002,2026-08-24,mobile,1438.0,177.0,0.038,85.0
S002,2026-08-31,mobile,1866.0,184.0,0.027,76.0
S002,2026-09-07,mobile,1435.0,132.0,0.103,84.0
S002,2026-09-14,mobile,1915.0,200.0,0.085,69.0
S002,2026-09-21,mobile,1737.0,180.0,0.082,75.0
S002,2026-09-28,mobile,1954.0,164.0,0.133,67.0
S002,2023-07-03,desktop,1510.0,127.0,0.024,89.0
S002,2023-07-10,desktop,1578.0,142.0,0.114,79.0
S002,2023-07-17,desktop,1481.0,40.0,0.06,94.0
S002,2023-07-24,desktop,1420.0,107.0,0.07,89.0
S002,2023-07-31,desktop,1382.0,130.0,0.01,93.0
S002,2023-08-07,desktop,1431.0,106.0,0.0,94.0
S002,2023-08-14,desktop,1270.0,75.0,0.115,91.0
S002,2023-08-21,desktop,1485.0,183.0,0.066,81.0
S002,2023-08-28,desktop,1663.0,145.0,0.11,77.0
S002,2023-09-04,desktop,1173.0,86.0,0.122,92.0
S002,2023-09-11,desktop,1760.0,148.0,0.055,79.0
S002,2023-09-18,desktop,994.0,54.0,0.054,100.0
S002,2023-09-25,desktop,1404.0,110.0,0.069,89.0
S002,2023-10-02,desktop,1490.0,40.0,0.111,90.0
S002,2023-10-09,desktop,1150.0,125.0,0.046,95.0
S002,2023-10-16,desktop,1300.0,40.0,0.027,100.0
S002,2023-10-23,desktop,1164.0,110.0,0.081,94.0
S002,2023-10-30,desktop,1340.0,128.0,0.135,84.0
S002,2023-11-06,desktop,1544.0,190.0,0.159,72.0
S002,2023-11-13,desktop,1670.0,58.0,0.094,86.0
S002,2023-11-20,desktop,1335.0,119.0,0.008,95.0
S002,2023-11-27,desktop,1774.0,40.0,0.071,87.0
S002,2023-12-04,desktop,1184.0,174.0,0.094,87.0
S002,2023-12-11,desktop,1639.0,167.0,0.04,81.0
S002,2023-12-18,desktop,1404.0,65.0,0.12,89.0
S002,2023-12-25,desktop,1344.0,42.0,0.04,98.0
S002,2024-01-01,desktop,1557.0,86.0,0.086,86.0
S002,2024-01-08,desktop,1616.0,141.0,0.117,78.0
S002,2024-01-15,desktop,1710.0,69.0,0.07,86.0
S002,2024-01-22,desktop,1618.0,42.0,0.039,92.0
S002,2024-01-29,desktop,1428.0,113.0,0.112,85.0
S002,2024-02-05,desktop,1584.0,157.0,0.077,81.0
S002,2024-02-12,desktop,1374.0,175.0,0.095,82.0
S002,2024-02-19,desktop,1505.0,78.0,0.059,90.0
S002,2024-02-26,desktop,1231.0,53.0,0.009,100.0
S002,2024-03-04,desktop,958.0,68.0,0.082,100.0
S002,2024-03-11,desktop,1704.0,163.0,0.076,78.0
S002,2024-03-18,desktop,1580.0,95.0,0.019,90.0
S002,2024-03-25,desktop,1431.0,96.0,0.146,83.0
S002,2024-04-01,desktop,1785.0,80.0,0.107,80.0
S002,2024-04-08,desktop,1692.0,40.0,0.045,90.0
S002,2024-04-15,desktop,1425.0,92.0,0.122,86.0
S002,2024-04-22,desktop,1114.0,99.0,0.0,100.0
S002,2024-04-29,desktop,1280.0,139.0,0.121,85.0
S002,2024-05-06,desktop,1517.0,95.0,0.06,89.0
S002,2024-05-13,desktop,1167.0,115.0,0.048,96.0
S002,2024-05-20,desktop,1184.0,87.0,0.058,97.0
S002,2024-05-27,desktop,1436.0,145.0,0.052,87.0
S002,2024-06-03,desktop,1386.0,127.0,0.099,86.0
S002,2024-06-10,desktop,1531.0,137.0,0.102,81.0
S002,2024-06-17,desktop,1659.0,58.0,0.009,93.0
S002,2024-06-24,desktop,1591.0,121.0,0.085,83.0
S002,2024-07-01,desktop,1272.0,119.0,0.07,91.0
S002,2024-07-08,desktop,1718.0,97.0,0.112,80.0
S002,2024-07-15,desktop,1472.0,62.0,0.051,93.0
S002,2024-07-22,desktop,1448.0,151.0,0.048,86.0
S002,2024-07-29,desktop,1647.0,93.0,0.095,83.0
S002,2024-08-05,desktop,1175.0,131.0,0.045,94.0
S002,2024-08-12,desktop,1682.0,115.0,0.118,79.0
S002,2024-08-19,desktop,1311.0,137.0,0.043,91.0
S002,2024-08-26,desktop,1588.0,129.0,0.064,84.0
S002,2024-09-02,desktop,1473.0,73.0,0.139,85.0
S002,2024-09-09,desktop,1457.0,61.0,0.044,94.0
S002,2024-09-16,desktop,1523.0,106.0,0.097,85.0
S002,2024-09-23,desktop,1211.0,102.0,0.096,92.0
S002,2024-09-30,desktop,1418.0,85.0,0.096,89.0
S002,2024-10-07,desktop,1426.0,144.0,0.061,86.0
S002,2024-10-14,desktop,1151.0,104.0,0.152,89.0
S002,2024-10-21,desktop,1416.0,187.0,0.098,80.0
S002,2024-10-28,desktop,1419.0,171.0,0.053,85.0
S002,2024-11-04,desktop,1684.0,196.0,0.047,78.0
S002,2024-11-11,desktop,1492.0,101.0,0.042,90.0
S002,2024-11-18,desktop,1520.0,83.0,0.102,86.0
S002,2024-11-25,desktop,1691.0,66.0,0.105,84.0
S002,2024-12-02,desktop,1443.0,88.0,0.076,90.0
S002,2024-12-09,desktop,1352.0,155.0,0.059,87.0
S002,2024-12-16,desktop,1462.0,108.0,0.0,94.0
S002,2024-12-23,desktop,1399.0,78.0,0.03,95.0
S002,2024-12-30,desktop,1350.0,221.0,0.139,75.0
S002,2025-01-06,desktop,1490.0,131.0,0.057,86.0
S002,2025-01-13,desktop,1471.0,66.0,0.039,94.0
S002,2025-01-20,desktop,1318.0,89.0,0.083,92.0
S002,2025-01-27,desktop,1846.0,74.0,0.097,80.0
S002,2025-02-03,desktop,1493.0,51.0,0.041,94.0
S002,2025-02-10,desktop,1481.0,96.0,0.096,86.0
S002,2025-02-17,desktop,1543.0,48.0,0.119,87.0
S002,2025-02-24,desktop,1898.0,74.0,0.117,77.0
S002,2025-03-03,desktop,1268.0,40.0,0.072,98.0
S002,2025-03-10,desktop,1090.0,128.0,0.083,93.0
S002,2025-03-17,desktop,1583.0,147.0,0.032,85.0
S002,2025-03-24,desktop,1668.0,129.0,0.055,83.0
S002,2025-03-31,desktop,1306.0,131.0,0.16,82.0
S002,2025-04-07,desktop,1315.0,81.0,0.035,96.0
S002,2025-04-14,desktop,1287.0,84.0,0.0,99.0
S002,2025-04-21,desktop,1730.0,71.0,0.122,81.0
S002,2025-04-28,desktop,1563.0,194.0,0.049,80.0
S002,2025-05-05,desktop,1794.0,71.0,0.082,83.0
S002,2025-05-12,desktop,1360.0,66.0,0.008,99.0
S002,2025-05-19,desktop,1549.0,40.0,0.07,92.0
S002,2025-05-26,desktop,1610.0,146.0,0.082,81.0
S002,2025-06-02,desktop,1489.0,138.0,0.088,83.0
S002,2025-06-09,desktop,1275.0,50.0,0.12,93.0
S002,2025-06-16,desktop,1814.0,56.0,0.062,85.0
S002,2025-06-23,desktop,1649.0,104.0,0.053,85.0
S002,2025-06-30,desktop,1575.0,106.0,0.08,85.0
S002,2025-07-07,desktop,1534.0,40.0,0.085,91.0
S002,2025-07-14,desktop,1781.0,145.0,0.085,77.0
S002,2025-07-21,desktop,1421.0,155.0,0.025,88.0
S002,2025-07-28,desktop,1633.0,55.0,0.14,83.0
S002,2025-08-04,desktop,1453.0,162.0,0.154,77.0
S002,2025-08-11,desktop,997.0,100.0,0.178,90.0
S002,2025-08-18,desktop,1273.0,93.0,0.109,90.0
S002,2025-08-25,desktop,1419.0,107.0,0.039,91.0
S002,2025-09-01,desktop,1425.0,91.0,0.102,88.0
S002,2025-09-08,desktop,1231.0,142.0,0.055,91.0
S002,2025-09-15,desktop,1386.0,199.0,0.121,78.0
S002,2025-09-22,desktop,1481.0,43.0,0.096,91.0
S002,2025-09-29,desktop,1733.0,104.0,0.053,84.0
S002,2025-10-06,desktop,1318.0,52.0,0.104,93.0
S002,2025-10-13,desktop,1318.0,54.0,0.138,90.0
S002,2025-10-20,desktop,1256.0,67.0,0.029,99.0
S002,2025-10-27,desktop,1566.0,90.0,0.049,89.0
S002,2025-11-03,desktop,1651.0,103.0,0.117,80.0
S002,2025-11-10,desktop,1715.0,88.0,0.055,85.0
S002,2025-11-17,desktop,1513.0,90.0,0.0,94.0
S002,2025-11-24,desktop,1549.0,42.0,0.019,96.0
S002,2025-12-01,desktop,1355.0,118.0,0.131,85.0
S002,2025-12-08,desktop,1162.0,116.0,0.116,90.0
S002,2025-12-15,desktop,1311.0,119.0,0.045,92.0
S002,2025-12-22,desktop,1603.0,78.0,0.039,90.0
S002,2025-12-29,desktop,1510.0,40.0,0.11,89.0
S002,2026-01-05,desktop,1510.0,89.0,0.012,93.0
S002,2026-01-12,desktop,1712.0,89.0,0.125,80.0
S002,2026-01-19,desktop,1263.0,40.0,0.084,97.0
S002,2026-01-26,desktop,1398.0,59.0,0.052,95.0
S002,2026-02-02,desktop,1115.0,177.0,0.11,87.0
S002,2026-02-09,desktop,1080.0,115.0,0.077,95.0
S002,2026-02-16,desktop,1308.0,105.0,0.051,93.0
S002,2026-02-23,desktop,1707.0,88.0,0.078,83.0
S002,2026-03-02,desktop,1523.0,41.0,0.135,87.0
S002,2026-03-09,desktop,1435.0,109.0,0.021,92.0
S002,2026-03-16,desktop,1498.0,40.0,0.019,97.0
S002,2026-03-23,desktop,1621.0,144.0,0.104,79.0
S002,2026-03-30,desktop,1521.0,145.0,0.143,78.0
S002,2026-04-06,desktop,1489.0,136.0,0.071,85.0
S002,2026-04-13,desktop,1336.0,86.0,0.148,86.0
S002,2026-04-20,desktop,1472.0,102.0,0.054,89.0
S002,2026-04-27,desktop,1459.0,115.0,0.027,91.0
S002,2026-05-04,desktop,1333.0,200.0,0.122,79.0
S002,2026-05-11,desktop,1416.0,104.0,0.042,92.0
S002,2026-05-18,desktop,1396.0,82.0,0.045,94.0
S002,2026-05-25,desktop,1646.0,91.0,0.107,82.0
S002,2026-06-01,desktop,1574.0,119.0,0.051,86.0
S002,2026-06-08,desktop,1293.0,111.0,0.12,87.0
S002,2026-06-15,desktop,1375.0,91.0,0.05,93.0
S002,2026-06-22,desktop,1392.0,191.0,0.107,80.0
S002,2026-06-29,desktop,1503.0,77.0,0.134,84.0
S002,2026-07-06,desktop,1564.0,119.0,0.081,84.0
S002,2026-07-13,desktop,1275.0,132.0,0.051,92.0
S002,2026-07-20,desktop,1127.0,115.0,0.025,98.0
S002,2026-07-27,desktop,1632.0,111.0,0.127,79.0
S002,2026-08-03,desktop,1503.0,106.0,0.041,89.0
S002,2026-08-10,desktop,1313.0,131.0,0.009,94.0
S002,2026-08-17,desktop,1390.0,129.0,0.133,83.0
S002,2026-08-24,desktop,1484.0,92.0,0.037,91.0
S002,2026-08-31,desktop,1327.0,40.0,0.176,88.0
S002,2026-09-07,desktop,1424.0,63.0,0.038,95.0
S002,2026-09-14,desktop,1313.0,159.0,0.092,85.0
S002,2026-09-21,desktop,1557.0,177.0,0.079,79.0
S002,2026-09-28,desktop,1602.0,53.0,0.081,89.0
S003,2023-07-03,mobile,2718.0,230.0,0.008,55.0
S003,2023-07-10,mobile,2719.0,109.0,0.023,64.0
S003,2023-07-17,mobile,2415.0,183.0,0.085,59.0
S003,2023-07-24,mobile,2543.0,166.0,0.06,60.0
S003,2023-07-31,mobile,2298.0,256.0,0.054,58.0
S003,2023-08-07,mobile,2719.0,157.0,0.081,55.0
S003,2023-08-14,mobile,2374.0,77.0,0.068,70.0
S003,2023-08-21,mobile,2618.0,155.0,0.04,61.0
S003,2023-08-28,mobile,2146.0,230.0,0.064,63.0
S003,2023-09-04,mobile,2469.0,162.0,0.11,58.0
S003,2023-09-11,mobile,2593.0,192.0,0.086,55.0
S003,2023-09-18,mobile,2553.0,174.0,0.113,55.0
S003,2023-09-25,mobile,2205.0,216.0,0.085,61.0
S003,2023-10-02,mobile,2815.0,251.0,0.07,46.0
S003,2023-10-09,mobile,2537.0,150.0,0.122,56.0
S003,2023-10-16,mobile,2861.0,228.0,0.106,44.0
S003,2023-10-23,mobile,2707.0,251.0,0.163,41.0
S003,2023-10-30,mobile,2865.0,196.0,0.053,51.0
S003,2023-11-06,mobile,2300.0,130.0,0.094,66.0
S003,2023-11-13,mobile,2591.0,214.0,0.034,57.0
S003,2023-11-20,mobile,2886.0,184.0,0.09,48.0
S003,2023-11-27,mobile,2502.0,224.0,0.045,57.0
S003,2023-12-04,mobile,2703.0,163.0,0.144,50.0
S003,2023-12-11,mobile,2799.0,170.0,0.112,50.0
S003,2023-12-18,mobile,2775.0,151.0,0.026,59.0
S003,2023-12-25,mobile,2183.0,157.0,0.014,72.0
S003,2024-01-01,mobile,2768.0,179.0,0.122,49.0
S003,2024-01-08,mobile,2611.0,208.0,0.077,53.0
S003,2024-01-15,mobile,2248.0,240.0,0.118,56.0
S003,2024-01-22,mobile,2863.0,237.0,0.059,47.0
S003,2024-01-29,mobile,2188.0,196.0,0.003,70.0
S003,2024-02-05,mobile,2661.0,162.0,0.104,54.0
S003,2024-02-12,mobile,2831.0,96.0,0.073,58.0
S003,2024-02-19,mobile,2515.0,228.0,0.059,55.0
S003,2024-02-26,mobile,2591.0,249.0,0.111,48.0
S003,2024-03-04,mobile,2646.0,200.0,0.105,51.0
S003,2024-03-11,mobile,2241.0,131.0,0.123,64.0
S003,2024-03-18,mobile,2364.0,264.0,0.149,49.0
S003,2024-03-25,mobile,2581.0,247.0,0.133,46.0
S003,2024-04-01,mobile,2494.0,288.0,0.03,53.0
S003,2024-04-08,mobile,2442.0,171.0,0.082,60.0
S003,2024-04-15,mobile,2703.0,253.0,0.088,47.0
S003,2024-04-22,mobile,2516.0,201.0,0.098,54.0
S003,2024-04-29,mobile,2331.0,155.0,0.091,63.0
S003,2024-05-06,mobile,2735.0,218.0,0.092,49.0
S003,2024-05-13,mobile,2676.0,167.0,0.025,60.0
S003,2024-05-20,mobile,2696.0,131.0,0.091,57.0
S003,2024-05-27,mobile,2652.0,201.0,0.018,58.0
S003,2024-06-03,mobile,2314.0,117.0,0.021,72.0
S003,2024-06-10,mobile,2516.0,241.0,0.098,51.0
S003,2024-06-17,mobile,2510.0,257.0,0.103,50.0
S003,2024-06-24,mobile,2362.0,206.0,0.072,60.0
S003,2024-07-01,mobile,2430.0,213.0,0.035,60.0
S003,2024-07-08,mobile,2652.0,184.0,0.127,51.0
S003,2024-07-15,mobile,2525.0,138.0,0.165,54.0
S003,2024-07-22,mobile,2486.0,210.0,0.057,58.0
S003,2024-07-29,mobile,2322.0,184.0,0.052,64.0
S003,2024-08-05,mobile,2419.0,182.0,0.026,64.0
S003,2024-08-12,mobile,2560.0,124.0,0.131,57.0
S003,2024-08-19,mobile,2683.0,241.0,0.087,48.0
S003,2024-08-26,mobile,2640.0,121.0,0.05,62.0
S003,2024-09-02,mobile,2077.0,156.0,0.089,69.0
S003,2024-09-09,mobile,2398.0,129.0,0.065,66.0
S003,2024-09-16,mobile,2690.0,116.0,0.12,56.0
S003,2024-09-23,mobile,2642.0,181.0,0.06,56.0
S003,2024-09-30,mobile,2604.0,153.0,0.094,57.0
S003,2024-10-07,mobile,2212.0,192.0,0.134,59.0
S003,2024-10-14,mobile,2277.0,185.0,0.083,62.0
S003,2024-10-21,mobile,2452.0,212.0,0.108,54.0
S003,2024-10-28,mobile,2297.0,182.0,0.04,66.0
S003,2024-11-04,mobile,2307.0,172.0,0.089,62.0
S003,2024-11-11,mobile,2631.0,175.0,0.074,56.0
S003,2024-11-18,mobile,2411.0,186.0,0.109,57.0
S003,2024-11-25,mobile,2388.0,164.0,0.12,59.0
S003,2024-12-02,mobile,2395.0,215.0,0.086,57.0
S003,2024-12-09,mobile,2740.0,176.0,0.148,48.0
S003,2024-12-16,mobile,2398.0,142.0,0.076,64.0
S003,2024-12-23,mobile,2554.0,52.0,0.135,63.0
S003,2024-12-30,mobile,2685.0,244.0,0.086,48.0
S003,2025-01-06,mobile,2266.0,151.0,0.095,64.0
S003,2025-01-13,mobile,2518.0,202.0,0.082,56.0
S003,2025-01-20,mobile,2345.0,128.0,0.061,67.0
S003,2025-01-27,mobile,2441.0,190.0,0.072,59.0
S003,2025-02-03,mobile,2445.0,223.0,0.117,53.0
S003,2025-02-10,mobile,2328.0,275.0,0.056,56.0
S003,2025-02-17,mobile,2410.0,187.0,0.1,58.0
S003,2025-02-24,mobile,2163.0,172.0,0.057,68.0
S003,2025-03-03,mobile,2268.0,209.0,0.107,59.0
S003,2025-03-10,mobile,2324.0,228.0,0.093,57.0
S003,2025-03-17,mobile,2518.0,241.0,0.031,56.0
S003,2025-03-24,mobile,2310.0,144.0,0.113,63.0
S003,2025-03-31,mobile,2187.0,124.0,0.105,68.0
S003,2025-04-07,mobile,2523.0,169.0,0.081,58.0
S003,2025-04-14,mobile,2202.0,209.0,0.121,59.0
S003,2025-04-21,mobile,2066.0,176.0,0.065,69.0
S003,2025-04-28,mobile,2540.0,158.0,0.061,61.0
S003,2025-05-05,mobile,2223.0,165.0,0.126,62.0
S003,2025-05-12,mobile,2608.0,222.0,0.042,55.0
S003,2025-05-19,mobile,2437.0,212.0,0.082,57.0
S003,2025-05-26,mobile,2425.0,212.0,0.111,55.0
S003,2025-06-02,mobile,2429.0,185.0,0.048,62.0
S003,2025-06-09,mobile,2447.0,153.0,0.101,60.0
S003,2025-06-16,mobile,2201.0,224.0,0.074,62.0
S003,2025-06-23,mobile,2403.0,124.0,0.044,68.0
S003,2025-06-30,mobile,2212.0,138.0,0.078,68.0
S003,2025-07-07,mobile,2260.0,135.0,0.07,68.0
S003,2025-07-14,mobile,2457.0,203.0,0.066,58.0
S003,2025-07-21,mobile,2382.0,125.0,0.091,64.0
S003,2025-07-28,mobile,2544.0,140.0,0.183,52.0
S003,2025-08-04,mobile,2275.0,162.0,0.094,63.0
S003,2025-08-11,mobile,2488.0,168.0,0.111,57.0
S003,2025-08-18,mobile,2450.0,171.0,0.017,65.0
S003,2025-08-25,mobile,2099.0,188.0,0.074,67.0
S003,2025-09-01,mobile,2601.0,207.0,0.031,57.0
S003,2025-09-08,mobile,2077.0,270.0,0.098,58.0
S003,2025-09-15,mobile,2368.0,204.0,0.066,60.0
S003,2025-09-22,mobile,2225.0,154.0,0.11,64.0
S003,2025-09-29,mobile,2117.0,251.0,0.058,62.0
S003,2025-10-06,mobile,2094.0,171.0,0.059,70.0
S003,2025-10-13,mobile,2063.0,219.0,0.132,60.0
S003,2025-10-20,mobile,2310.0,140.0,0.073,66.0
S003,2025-10-27,mobile,2379.0,154.0,0.13,59.0
S003,2025-11-03,mobile,2224.0,186.0,0.026,68.0
S003,2025-11-10,mobile,2390.0,265.0,0.086,53.0
S003,2025-11-17,mobile,2206.0,185.0,0.014,69.0
S003,2025-11-24,mobile,2099.0,158.0,0.026,73.0
S003,2025-12-01,mobile,2304.0,220.0,0.042,62.0
S003,2025-12-08,mobile,2307.0,118.0,0.155,62.0
S003,2025-12-15,mobile,2346.0,126.0,0.076,66.0
S003,2025-12-22,mobile,2349.0,200.0,0.045,63.0
S003,2025-12-29,mobile,2181.0,197.0,0.082,64.0
S003,2026-01-05,mobile,2377.0,190.0,0.075,60.0
S003,2026-01-12,mobile,2340.0,119.0,0.08,67.0
S003,2026-01-19,mobile,2175.0,210.0,0.067,64.0
S003,2026-01-26,mobile,2432.0,155.0,0.063,63.0
S003,2026-02-02,mobile,2195.0,224.0,0.146,56.0
S003,2026-02-09,mobile,2148.0,151.0,0.068,69.0
S003,2026-02-16,mobile,2444.0,227.0,0.08,55.0
S003,2026-02-23,mobile,2818.0,237.0,0.092,45.0
S003,2026-03-02,mobile,1999.0,134.0,0.0,79.0
S003,2026-03-09,mobile,2243.0,215.0,0.073,61.0
S003,2026-03-16,mobile,2410.0,206.0,0.033,62.0
S003,2026-03-23,mobile,2195.0,123.0,0.131,66.0
S003,2026-03-30,mobile,2341.0,197.0,0.134,56.0
S003,2026-04-06,mobile,2308.0,252.0,0.081,56.0
S003,2026-04-13,mobile,2274.0,172.0,0.061,65.0
S003,2026-04-20,mobile,2150.0,142.0,0.004,75.0
S003,2026-04-27,mobile,2295.0,264.0,0.082,55.0
S003,2026-05-04,mobile,2175.0,259.0,0.126,55.0
S003,2026-05-11,mobile,2059.0,231.0,0.067,65.0
S003,2026-05-18,mobile,1918.0,181.0,0.162,64.0
S003,2026-05-25,mobile,2132.0,168.0,0.031,71.0
S003,2026-06-01,mobile,2085.0,217.0,0.053,66.0
S003,2026-06-08,mobile,2001.0,179.0,0.042,72.0
S003,2026-06-15,mobile,2372.0,201.0,0.093,58.0
S003,2026-06-22,mobile,2250.0,230.0,0.063,61.0
S003,2026-06-29,mobile,2229.0,130.0,0.045,71.0
S003,2026-07-06,mobile,2205.0,213.0,0.095,61.0
S003,2026-07-13,mobile,2430.0,149.0,0.064,63.0
S003,2026-07-20,mobile,2238.0,209.0,0.052,64.0
S003,2026-07-27,mobile,2406.0,267.0,0.101,51.0
S003,2026-08-03,mobile,2032.0,167.0,0.068,71.0
S003,2026-08-10,mobile,1967.0,244.0,0.086,64.0
S003,2026-08-17,mobile,2252.0,156.0,0.015,71.0
S003,2026-08-24,mobile,2031.0,161.0,0.114,67.0
S003,2026-08-31,mobile,2141.0,188.0,0.092,64.0
S003,2026-09-07,mobile,2100.0,99.0,0.078,74.0
S003,2026-09-14,mobile,2083.0,230.0,0.078,63.0
S003,2026-09-21,mobile,1886.0,206.0,0.142,65.0
S003,2026-09-28,mobile,2430.0,204.0,0.137,53.0
S003,2023-07-03,desktop,1434.0,70.0,0.102,89.0
S003,2023-07-10,desktop,1285.0,40.0,0.104,95.0
S003,2023-07-17,desktop,1282.0,150.0,0.078,88.0
S003,2023-07-24,desktop,1329.0,149.0,0.087,86.0
S003,2023-07-31,desktop,1225.0,130.0,0.08,91.0
S003,2023-08-07,desktop,1296.0,149.0,0.109,85.0
S003,2023-08-14,desktop,1527.0,125.0,0.057,86.0
S003,2023-08-21,desktop,1130.0,77.0,0.112,94.0
S003,2023-08-28,desktop,1565.0,88.0,0.105,85.0
S003,2023-09-04,desktop,1469.0,51.0,0.18,84.0
S003,2023-09-11,desktop,1610.0,78.0,0.138,82.0
S003,2023-09-18,desktop,1282.0,84.0,0.084,93.0
S003,2023-09-25,desktop,1325.0,59.0,0.047,97.0
S003,2023-10-02,desktop,1621.0,42.0,0.1,87.0
S003,2023-10-09,desktop,1349.0,122.0,0.101,87.0
S003,2023-10-16,desktop,1504.0,149.0,0.056,85.0
S003,2023-10-23,desktop,1585.0,63.0,0.061,90.0
S003,2023-10-30,desktop,1708.0,138.0,0.058,81.0
S003,2023-11-06,desktop,1393.0,86.0,0.147,85.0
S003,2023-11-13,desktop,1529.0,178.0,0.128,76.0
S003,2023-11-20,desktop,1171.0,116.0,0.061,94.0
S003,2023-11-27,desktop,1592.0,136.0,0.093,81.0
S003,2023-12-04,desktop,1335.0,72.0,0.045,96.0
S003,2023-12-11,desktop,1241.0,122.0,0.071,92.0
S003,2023-12-18,desktop,1487.0,150.0,0.054,85.0
S003,2023-12-25,desktop,1680.0,95.0,0.049,86.0
S003,2024-01-01,desktop,1002.0,116.0,0.086,96.0
S003,2024-01-08,desktop,1439.0,75.0,0.064,92.0
S003,2024-01-15,desktop,1392.0,60.0,0.066,94.0
S003,2024-01-22,desktop,1451.0,133.0,0.097,84.0
S003,2024-01-29,desktop,1257.0,150.0,0.061,90.0
S003,2024-02-05,desktop,1242.0,129.0,0.134,86.0
S003,2024-02-12,desktop,1355.0,130.0,0.078,88.0
S003,2024-02-19,desktop,1717.0,225.0,0.013,77.0
S003,2024-02-26,desktop,1279.0,58.0,0.0,100.0
S003,2024-03-04,desktop,1406.0,108.0,0.158,82.0
S003,2024-03-11,desktop,1143.0,40.0,0.06,100.0
S003,2024-03-18,desktop,1487.0,40.0,0.058,94.0
S003,2024-03-25,desktop,1608.0,158.0,0.142,75.0
S003,2024-04-01,desktop,1408.0,89.0,0.115,87.0
S003,2024-04-08,desktop,1169.0,128.0,0.039,95.0
S003,2024-04-15,desktop,1566.0,40.0,0.127,87.0
S003,2024-04-22,desktop,1195.0,179.0,0.092,86.0
S003,2024-04-29,desktop,999.0,90.0,0.103,97.0
S003,2024-05-06,desktop,1241.0,88.0,0.093,93.0
S003,2024-05-13,desktop,1330.0,132.0,0.041,91.0
S003,2024-05-20,desktop,1432.0,78.0,0.116,87.0
S003,2024-05-27,desktop,1387.0,103.0,0.074,90.0
S003,2024-06-03,desktop,1358.0,64.0,0.111,91.0
S003,2024-06-10,desktop,1637.0,133.0,0.119,78.0
S003,2024-06-17,desktop,1569.0,126.0,0.168,76.0
S003,2024-06-24,desktop,959.0,161.0,0.066,95.0
S003,2024-07-01,desktop,1151.0,134.0,0.054,94.0
S003,2024-07-08,desktop,1151.0,105.0,0.092,93.0
S003,2024-07-15,desktop,1401.0,114.0,0.096,87.0
S003,2024-07-22,desktop,1136.0,169.0,0.045,92.0
S003,2024-07-29,desktop,1414.0,164.0,0.097,82.0
S003,2024-08-05,desktop,1161.0,61.0,0.104,96.0
S003,2024-08-12,desktop,1084.0,63.0,0.17,92.0
S003,2024-08-19,desktop,1367.0,167.0,0.117,81.0
S003,2024-08-26,desktop,1376.0,74.0,0.047,94.0
S003,2024-09-02,desktop,1414.0,139.0,0.132,81.0
S003,2024-09-09,desktop,1523.0,149.0,0.087,82.0
S003,2024-09-16,desktop,1311.0,92.0,0.053,94.0
S003,2024-09-23,desktop,1406.0,117.0,0.061,89.0
S003,2024-09-30,desktop,1098.0,76.0,0.082,98.0
S003,2024-10-07,desktop,1199.0,40.0,0.106,97.0
S003,2024-10-14,desktop,1307.0,123.0,0.038,93.0
S003,2024-10-21,desktop,1387.0,117.0,0.119,85.0
S003,2024-10-28,desktop,1267.0,141.0,0.067,90.0
S003,2024-11-04,desktop,1534.0,151.0,0.097,81.0
S003,2024-11-11,desktop,1376.0,129.0,0.055,89.0
S003,2024-11-18,desktop,1233.0,82.0,0.1,93.0
S003,2024-11-25,desktop,1322.0,112.0,0.052,92.0
S003,2024-12-02,desktop,1519.0,123.0,0.096,83.0
S003,2024-12-09,desktop,1468.0,96.0,0.043,91.0
S003,2024-12-16,desktop,1347.0,87.0,0.106,89.0
S003,2024-12-23,desktop,1491.0,112.0,0.142,81.0
S003,2024-12-30,desktop,1211.0,116.0,0.095,91.0
S003,2025-01-06,desktop,1151.0,127.0,0.072,93.0
S003,2025-01-13,desktop,1247.0,113.0,0.132,87.0
S003,2025-01-20,desktop,1196.0,121.0,0.057,94.0
S003,2025-01-27,desktop,1286.0,90.0,0.12,89.0
S003,2025-02-03,desktop,1279.0,138.0,0.09,88.0
S003,2025-02-10,desktop,1395.0,87.0,0.106,88.0
S003,2025-02-17,desktop,1288.0,101.0,0.139,87.0
S003,2025-02-24,desktop,1338.0,131.0,0.082,88.0
S003,2025-03-03,desktop,1420.0,200.0,0.059,82.0
S003,2025-03-10,desktop,1549.0,109.0,0.0,91.0
S003,2025-03-17,desktop,1033.0,115.0,0.083,96.0
S003,2025-03-24,desktop,1287.0,120.0,0.017,95.0
S003,2025-03-31,desktop,1810.0,78.0,0.118,79.0
S003,2025-04-07,desktop,1217.0,169.0,0.112,85.0
S003,2025-04-14,desktop,1361.0,131.0,0.094,86.0
S003,2025-04-21,desktop,1471.0,108.0,0.074,87.0
S003,2025-04-28,desktop,1387.0,78.0,0.0,98.0
S003,2025-05-05,desktop,1178.0,104.0,0.081,94.0
S003,2025-05-12,desktop,1296.0,76.0,0.035,97.0
S003,2025-05-19,desktop,1228.0,63.0,0.057,98.0
S003,2025-05-26,desktop,1434.0,122.0,0.085,86.0
S003,2025-06-02,desktop,1502.0,65.0,0.047,92.0
S003,2025-06-09,desktop,1282.0,106.0,0.099,90.0
S003,2025-06-16,desktop,1480.0,78.0,0.045,92.0
S003,2025-06-23,desktop,1147.0,125.0,0.059,94.0
S003,2025-06-30,desktop,1150.0,107.0,0.075,95.0
S003,2025-07-07,desktop,952.0,112.0,0.123,95.0
S003,2025-07-14,desktop,1454.0,57.0,0.064,93.0
S003,2025-07-21,desktop,1132.0,151.0,0.096,90.0
S003,2025-07-28,desktop,1326.0,101.0,0.172,83.0
S003,2025-08-04,desktop,1211.0,68.0,0.095,95.0
S003,2025-08-11,desktop,1489.0,104.0,0.068,88.0
S003,2025-08-18,desktop,1453.0,107.0,0.087,87.0
S003,2025-08-25,desktop,1330.0,160.0,0.047,88.0
S003,2025-09-01,desktop,1184.0,71.0,0.086,96.0
S003,2025-09-08,desktop,1047.0,135.0,0.043,97.0
S003,2025-09-15,desktop,1149.0,131.0,0.056,94.0
S003,2025-09-22,desktop,1246.0,179.0,0.056,88.0
S003,2025-09-29,desktop,1181.0,40.0,0.084,99.0
S003,2025-10-06,desktop,1193.0,118.0,0.043,95.0
S003,2025-10-13,desktop,1519.0,116.0,0.096,84.0
S003,2025-10-20,desktop,1055.0,96.0,0.08,97.0
S003,2025-10-27,desktop,1096.0,93.0,0.102,95.0
S003,2025-11-03,desktop,1074.0,143.0,0.112,90.0
S003,2025-11-10,desktop,1303.0,94.0,0.08,92.0
S003,2025-11-17,desktop,1222.0,85.0,0.124,91.0
S003,2025-11-24,desktop,1396.0,150.0,0.107,83.0
S003,2025-12-01,desktop,1147.0,68.0,0.02,100.0
S003,2025-12-08,desktop,1145.0,40.0,0.064,100.0
S003,2025-12-15,desktop,1088.0,151.0,0.157,86.0
S003,2025-12-22,desktop,1237.0,40.0,0.093,97.0
S003,2025-12-29,desktop,1431.0,107.0,0.216,77.0
S003,2026-01-05,desktop,700.0,113.0,0.074,100.0
S003,2026-01-12,desktop,941.0,192.0,0.046,94.0
S003,2026-01-19,desktop,1338.0,129.0,0.085,88.0
S003,2026-01-26,desktop,994.0,131.0,0.118,93.0
S003,2026-02-02,desktop,1214.0,88.0,0.038,98.0
S003,2026-02-09,desktop,1336.0,49.0,0.074,95.0
S003,2026-02-16,desktop,1358.0,89.0,0.101,89.0
S003,2026-02-23,desktop,1043.0,40.0,0.08,100.0
S003,2026-03-02,desktop,1118.0,57.0,0.115,96.0
S003,2026-03-09,desktop,1480.0,189.0,0.0,86.0
S003,2026-03-16,desktop,1314.0,149.0,0.06,89.0
S003,2026-03-23,desktop,1027.0,109.0,0.111,94.0
S003,2026-03-30,desktop,1748.0,65.0,0.034,88.0
S003,2026-04-06,desktop,1376.0,90.0,0.061,92.0
S003,2026-04-13,desktop,1091.0,149.0,0.066,93.0
S003,2026-04-20,desktop,1565.0,82.0,0.058,89.0
S003,2026-04-27,desktop,1076.0,83.0,0.138,93.0
S003,2026-05-04,desktop,1347.0,109.0,0.061,91.0
S003,2026-05-11,desktop,1392.0,128.0,0.138,82.0
S003,2026-05-18,desktop,1360.0,42.0,0.091,94.0
S003,2026-05-25,desktop,969.0,41.0,0.094,100.0
S003,2026-06-01,desktop,1027.0,40.0,0.139,98.0
S003,2026-06-08,desktop,1333.0,105.0,0.107,88.0
S003,2026-06-15,desktop,949.0,51.0,0.076,100.0
S003,2026-06-22,desktop,1068.0,104.0,0.054,98.0
S003,2026-06-29,desktop,1287.0,134.0,0.0,95.0
S003,2026-07-06,desktop,1183.0,74.0,0.083,96.0
S003,2026-07-13,desktop,963.0,40.0,0.012,100.0
S003,2026-07-20,desktop,1080.0,95.0,0.088,96.0
S003,2026-07-27,desktop,1146.0,71.0,0.069,98.0
S003,2026-08-03,desktop,1406.0,139.0,0.0,92.0
S003,2026-08-10,desktop,1642.0,104.0,0.142,79.0
S003,2026-08-17,desktop,841.0,60.0,0.085,100.0
S003,2026-08-24,desktop,1225.0,160.0,0.1,86.0
S003,2026-08-31,desktop,1468.0,66.0,0.029,95.0
S003,2026-09-07,desktop,966.0,54.0,0.146,97.0
S003,2026-09-14,desktop,1169.0,111.0,0.093,92.0
S003,2026-09-21,desktop,1047.0,156.0,0.095,91.0
S003,2026-09-28,desktop,1237.0,65.0,0.028,100.0
S004,2023-07-03,mobile,3043.0,190.0,0.066,46.0
S004,2023-07-10,mobile,2701.0,250.0,0.074,48.0
S004,2023-07-17,mobile,2845.0,235.0,0.119,43.0
S004,2023-07-24,mobile,2862.0,304.0,0.129,36.0
S004,2023-07-31,mobile,2939.0,214.0,0.072,46.0
S004,2023-08-07,mobile,3117.0,249.0,0.068,40.0
S004,2023-08-14,mobile,2931.0,184.0,0.013,53.0
S004,2023-08-21,mobile,2849.0,248.0,0.025,49.0
S004,2023-08-28,mobile,2481.0,217.0,0.085,55.0
S004,2023-09-04,mobile,2861.0,214.0,0.013,53.0
S004,2023-09-11,mobile,2598.0,231.0,0.065,53.0
S004,2023-09-18,mobile,2781.0,117.0,0.119,54.0
S004,2023-09-25,mobile,2832.0,139.0,0.099,53.0
S004,2023-10-02,mobile,2835.0,162.0,0.121,49.0
S004,2023-10-09,mobile,2969.0,149.0,0.076,51.0
S004,2023-10-16,mobile,2511.0,92.0,0.121,62.0
S004,2023-10-23,mobile,2915.0,116.0,0.04,57.0
S004,2023-10-30,mobile,2786.0,168.0,0.103,51.0
S004,2023-11-06,mobile,2859.0,154.0,0.046,55.0
S004,2023-11-13,mobile,2616.0,141.0,0.066,60.0
S004,2023-11-20,mobile,2617.0,146.0,0.115,55.0
S004,2023-11-27,mobile,2638.0,223.0,0.056,53.0
S004,2023-12-04,mobile,2648.0,223.0,0.045,54.0
S004,2023-12-11,mobile,2938.0,130.0,0.074,53.0
S004,2023-12-18,mobile,2585.0,206.0,0.136,50.0
S004,2023-12-25,mobile,2767.0,151.0,0.092,54.0
S004,2024-01-01,mobile,2685.0,60.0,0.042,67.0
S004,2024-01-08,mobile,2766.0,123.0,0.024,61.0
S004,2024-01-15,mobile,2715.0,191.0,0.087,52.0
S004,2024-01-22,mobile,2766.0,155.0,0.071,55.0
S004,2024-01-29,mobile,2607.0,184.0,0.1,54.0
S004,2024-02-05,mobile,2748.0,186.0,0.104,50.0
S004,2024-02-12,mobile,2921.0,192.0,0.074,48.0
S004,2024-02-19,mobile,2908.0,164.0,0.088,50.0
S004,2024-02-26,mobile,2443.0,242.0,0.051,56.0
S004,2024-03-04,mobile,2572.0,202.0,0.0,61.0
S004,2024-03-11,mobile,3037.0,225.0,0.114,40.0
S004,2024-03-18,mobile,2474.0,200.0,0.076,57.0
S004,2024-03-25,mobile,2461.0,220.0,0.094,54.0
S004,2024-04-01,mobile,2463.0,248.0,0.089,53.0
S004,2024-04-08,mobile,2921.0,176.0,0.111,47.0
S004,2024-04-15,mobile,2560.0,211.0,0.047,57.0
S004,2024-04-22,mobile,2539.0,220.0,0.045,57.0
S004,2024-04-29,mobile,2824.0,208.0,0.018,53.0
S004,2024-05-06,mobile,2605.0,238.0,0.05,53.0
S004,2024-05-13,mobile,2699.0,134.0,0.142,53.0
S004,2024-05-20,mobile,2560.0,209.0,0.133,50.0
S004,2024-05-27,mobile,2373.0,136.0,0.067,66.0
S004,2024-06-03,mobile,2597.0,104.0,0.085,62.0
S004,2024-06-10,mobile,2485.0,210.0,0.05,58.0
S004,2024-06-17,mobile,2058.0,172.0,0.055,71.0
S004,2024-06-24,mobile,2254.0,215.0,0.092,60.0
S004,2024-07-01,mobile,2588.0,290.0,0.188,38.0
S004,2024-07-08,mobile,2679.0,296.0,0.052,47.0
S004,2024-07-15,mobile,2461.0,145.0,0.06,63.0
S004,2024-07-22,mobile,2532.0,220.0,0.084,54.0
S004,2024-07-29,mobile,2748.0,160.0,0.135,50.0
S004,2024-08-05,mobile,2296.0,211.0,0.101,58.0
S004,2024-08-12,mobile,2698.0,198.0,0.073,53.0
S004,2024-08-19,mobile,2322.0,162.0,0.102,62.0
S004,2024-08-26,mobile,2654.0,179.0,0.043,58.0
S004,2024-09-02,mobile,2403.0,150.0,0.129,59.0
S004,2024-09-09,mobile,2497.0,236.0,0.073,54.0
S004,2024-09-16,mobile,2449.0,218.0,0.132,52.0
S004,2024-09-23,mobile,2713.0,183.0,0.038,56.0
S004,2024-09-30,mobile,2524.0,230.0,0.054,55.0
S004,2024-10-07,mobile,2224.0,213.0,0.097,60.0
S004,2024-10-14,mobile,2475.0,182.0,0.142,53.0
S004,2024-10-21,mobile,2425.0,127.0,0.122,61.0
S004,2024-10-28,mobile,2398.0,177.0,0.038,64.0
S004,2024-11-04,mobile,2636.0,234.0,0.096,49.0
S004,2024-11-11,mobile,2671.0,177.0,0.21,44.0
S004,2024-11-18,mobile,2726.0,175.0,0.114,51.0
S004,2024-11-25,mobile,2305.0,264.0,0.1,54.0
S004,2024-12-02,mobile,2583.0,173.0,0.069,58.0
S004,2024-12-09,mobile,2220.0,219.0,0.019,66.0
S004,2024-12-16,mobile,2294.0,167.0,0.069,65.0
S004,2024-12-23,mobile,2530.0,166.0,0.14,54.0
S004,2024-12-30,mobile,2579.0,109.0,0.121,59.0
S004,2025-01-06,mobile,2270.0,234.0,0.036,62.0
S004,2025-01-13,mobile,2475.0,247.0,0.019,58.0
S004,2025-01-20,mobile,2526.0,205.0,0.05,58.0
S004,2025-01-27,mobile,2593.0,171.0,0.109,54.0
S004,2025-02-03,mobile,2232.0,154.0,0.08,66.0
S004,2025-02-10,mobile,2352.0,158.0,0.059,65.0
S004,2025-02-17,mobile,2090.0,209.0,0.042,68.0
S004,2025-02-24,mobile,2489.0,183.0,0.008,64.0
S004,2025-03-03,mobile,2327.0,218.0,0.078,59.0
S004,2025-03-10,mobile,2286.0,209.0,0.058,62.0
S004,2025-03-17,mobile,2293.0,125.0,0.094,66.0
S004,2025-03-24,mobile,2205.0,242.0,0.086,59.0
S004,2025-03-31,mobile,2490.0,171.0,0.047,62.0
S004,2025-04-07,mobile,2091.0,206.0,0.075,65.0
S004,2025-04-14,mobile,2557.0,154.0,0.005,65.0
S004,2025-04-21,mobile,2402.0,234.0,0.135,51.0
S004,2025-04-28,mobile,2335.0,233.0,0.045,60.0
S004,2025-05-05,mobile,2163.0,195.0,0.047,67.0
S004,2025-05-12,mobile,2170.0,145.0,0.104,66.0
S004,2025-05-19,mobile,2564.0,243.0,0.067,52.0
S004,2025-05-26,mobile,2323.0,157.0,0.115,61.0
S004,2025-06-02,mobile,2363.0,196.0,0.088,59.0
S004,2025-06-09,mobile,2232.0,264.0,0.061,59.0
S004,2025-06-16,mobile,2210.0,185.0,0.058,66.0
S004,2025-06-23,mobile,2191.0,180.0,0.104,63.0
S004,2025-06-30,mobile,2324.0,263.0,0.076,55.0
S004,2025-07-07,mobile,2306.0,195.0,0.053,63.0
S004,2025-07-14,mobile,2476.0,220.0,0.064,57.0
S004,2025-07-21,mobile,2637.0,168.0,0.063,57.0
S004,2025-07-28,mobile,2056.0,176.0,0.045,71.0
S004,2025-08-04,mobile,2125.0,262.0,0.12,56.0
S004,2025-08-11,mobile,2512.0,190.0,0.0,63.0
S004,2025-08-18,mobile,2594.0,170.0,0.119,54.0
S004,2025-08-25,mobile,2386.0,152.0,0.078,63.0
S004,2025-09-01,mobile,2174.0,191.0,0.046,67.0
S004,2025-09-08,mobile,2173.0,108.0,0.105,69.0
S004,2025-09-15,mobile,2576.0,225.0,0.133,48.0
S004,2025-09-22,mobile,2062.0,85.0,0.095,75.0
S004,2025-09-29,mobile,2362.0,171.0,0.105,60.0
S004,2025-10-06,mobile,2325.0,257.0,0.211,45.0
S004,2025-10-13,mobile,2313.0,189.0,0.073,62.0
S004,2025-10-20,mobile,2410.0,158.0,0.033,66.0
S004,2025-10-27,mobile,2386.0,270.0,0.113,51.0
S004,2025-11-03,mobile,2237.0,248.0,0.059,60.0
S004,2025-11-10,mobile,2400.0,183.0,0.063,61.0
S004,2025-11-17,mobile,2269.0,232.0,0.053,61.0
S004,2025-11-24,mobile,2296.0,237.0,0.058,60.0
S004,2025-12-01,mobile,2189.0,193.0,0.099,62.0
S004,2025-12-08,mobile,2276.0,209.0,0.118,58.0
S004,2025-12-15,mobile,2365.0,90.0,0.075,69.0
S004,2025-12-22,mobile,2112.0,216.0,0.062,65.0
S004,2025-12-29,mobile,2181.0,127.0,0.083,69.0
S004,2026-01-05,mobile,2075.0,204.0,0.104,64.0
S004,2026-01-12,mobile,2344.0,149.0,0.071,65.0
S004,2026-01-19,mobile,2461.0,178.0,0.144,54.0
S004,2026-01-26,mobile,2105.0,151.0,0.099,68.0
S004,2026-02-02,mobile,2437.0,202.0,0.105,56.0
S004,2026-02-09,mobile,2089.0,167.0,0.071,69.0
S004,2026-02-16,mobile,2329.0,217.0,0.085,58.0
S004,2026-02-23,mobile,2065.0,262.0,0.112,58.0
S004,2026-03-02,mobile,2057.0,230.0,0.041,67.0
S004,2026-03-09,mobile,2236.0,184.0,0.138,59.0
S004,2026-03-16,mobile,2138.0,233.0,0.039,65.0
S004,2026-03-23,mobile,2151.0,161.0,0.072,68.0
S004,2026-03-30,mobile,1991.0,150.0,0.054,74.0
S004,2026-04-06,mobile,2632.0,158.0,0.082,57.0
S004,2026-04-13,mobile,1852.0,237.0,0.0,74.0
S004,2026-04-20,mobile,2400.0,112.0,0.125,62.0
S004,2026-04-27,mobile,1834.0,177.0,0.008,79.0
S004,2026-05-04,mobile,2138.0,159.0,0.098,66.0
S004,2026-05-11,mobile,2123.0,202.0,0.051,67.0
S004,2026-05-18,mobile,2560.0,185.0,0.128,52.0
S004,2026-05-25,mobile,2101.0,220.0,0.083,63.0
S004,2026-06-01,mobile,2410.0,214.0,0.049,60.0
S004,2026-06-08,mobile,2319.0,248.0,0.119,53.0
S004,2026-06-15,mobile,2026.0,232.0,0.096,63.0
S004,2026-06-22,mobile,2154.0,143.0,0.0,75.0
S004,2026-06-29,mobile,2243.0,178.0,0.02,69.0
S004,2026-07-06,mobile,2047.0,214.0,0.144,60.0
S004,2026-07-13,mobile,1914.0,119.0,0.0,83.0
S004,2026-07-20,mobile,2466.0,138.0,0.101,61.0
S004,2026-07-27,mobile,2105.0,107.0,0.046,76.0
S004,2026-08-03,mobile,1920.0,164.0,0.071,73.0
S004,2026-08-10,mobile,1949.0,301.0,0.083,60.0
S004,2026-08-17,mobile,2299.0,160.0,0.069,65.0
S004,2026-08-24,mobile,2014.0,113.0,0.111,72.0
S004,2026-08-31,mobile,2121.0,186.0,0.15,60.0
S004,2026-09-07,mobile,2081.0,176.0,0.106,66.0
S004,2026-09-14,mobile,2117.0,160.0,0.139,64.0
S004,2026-09-21,mobile,2076.0,53.0,0.028,82.0
S004,2026-09-28,mobile,2164.0,270.0,0.032,62.0
S004,2023-07-03,desktop,1587.0,63.0,0.062,89.0
S004,2023-07-10,desktop,1688.0,136.0,0.105,78.0
S004,2023-07-17,desktop,1392.0,142.0,0.073,86.0
S004,2023-07-24,desktop,1216.0,118.0,0.09,91.0
S004,2023-07-31,desktop,1159.0,172.0,0.069,89.0
S004,2023-08-07,desktop,1636.0,111.0,0.134,79.0
S004,2023-08-14,desktop,1611.0,175.0,0.092,77.0
S004,2023-08-21,desktop,1276.0,91.0,0.107,91.0
S004,2023-08-28,desktop,1259.0,67.0,0.0,100.0
S004,2023-09-04,desktop,1289.0,50.0,0.125,92.0
S004,2023-09-11,desktop,1508.0,113.0,0.089,85.0
S004,2023-09-18,desktop,1534.0,80.0,0.117,85.0
S004,2023-09-25,desktop,1548.0,58.0,0.035,93.0
S004,2023-10-02,desktop,1813.0,208.0,0.079,71.0
S004,2023-10-09,desktop,1777.0,105.0,0.044,83.0
S004,2023-10-16,desktop,1304.0,140.0,0.064,89.0
S004,2023-10-23,desktop,1700.0,56.0,0.124,83.0
S004,2023-10-30,desktop,1555.0,77.0,0.08,88.0
S004,2023-11-06,desktop,1443.0,78.0,0.076,90.0
S004,2023-11-13,desktop,1575.0,99.0,0.023,90.0
S004,2023-11-20,desktop,1551.0,77.0,0.115,85.0
S004,2023-11-27,desktop,1629.0,70.0,0.059,88.0
S004,2023-12-04,desktop,1625.0,132.0,0.08,81.0
S004,2023-12-11,desktop,1721.0,113.0,0.108,79.0
S004,2023-12-18,desktop,1684.0,111.0,0.076,82.0
S004,2023-12-25,desktop,1444.0,112.0,0.138,83.0
S004,2024-01-01,desktop,1343.0,73.0,0.054,95.0
S004,2024-01-08,desktop,1504.0,40.0,0.145,87.0
S004,2024-01-15,desktop,1456.0,127.0,0.027,90.0
S004,2024-01-22,desktop,1212.0,40.0,0.137,94.0
S004,2024-01-29,desktop,1456.0,52.0,0.074,92.0
S004,2024-02-05,desktop,1484.0,40.0,0.052,95.0
S004,2024-02-12,desktop,1721.0,40.0,0.187,78.0
S004,2024-02-19,desktop,1546.0,92.0,0.121,83.0
S004,2024-02-26,desktop,1850.0,48.0,0.133,79.0
S004,2024-03-04,desktop,1867.0,53.0,0.063,84.0
S004,2024-03-11,desktop,1404.0,90.0,0.089,89.0
S004,2024-03-18,desktop,1515.0,125.0,0.127,81.0
S004,2024-03-25,desktop,1793.0,49.0,0.03,89.0
S004,2024-04-01,desktop,1489.0,131.0,0.056,87.0
S004,2024-04-08,desktop,1761.0,95.0,0.06,83.0
S004,2024-04-15,desktop,1516.0,72.0,0.122,86.0
S004,2024-04-22,desktop,1552.0,187.0,0.143,74.0
S004,2024-04-29,desktop,1409.0,122.0,0.091,86.0
S004,2024-05-06,desktop,1715.0,96.0,0.065,84.0
S004,2024-05-13,desktop,1566.0,48.0,0.054,92.0
S004,2024-05-20,desktop,1287.0,116.0,0.089,90.0
S004,2024-05-27,desktop,1492.0,151.0,0.076,83.0
S004,2024-06-03,desktop,1482.0,63.0,0.0,97.0
S004,2024-06-10,desktop,1382.0,129.0,0.101,85.0
S004,2024-06-17,desktop,1791.0,104.0,0.104,78.0
S004,2024-06-24,desktop,1119.0,82.0,0.064,98.0
S004,2024-07-01,desktop,1469.0,133.0,0.138,80.0
S004,2024-07-08,desktop,1797.0,55.0,0.084,84.0
S004,2024-07-15,desktop,1423.0,165.0,0.166,76.0
S004,2024-07-22,desktop,1355.0,54.0,0.074,94.0
S004,2024-07-29,desktop,1596.0,146.0,0.091,80.0
S004,2024-08-05,desktop,1197.0,120.0,0.071,93.0
S004,2024-08-12,desktop,1987.0,195.0,0.132,64.0
S004,2024-08-19,desktop,1411.0,91.0,0.128,86.0
S004,2024-08-26,desktop,1838.0,148.0,0.079,75.0
S004,2024-09-02,desktop,1111.0,40.0,0.106,98.0
S004,2024-09-09,desktop,1263.0,72.0,0.168,87.0
S004,2024-09-16,desktop,1277.0,116.0,0.078,91.0
S004,2024-09-23,desktop,1491.0,137.0,0.103,82.0
S004,2024-09-30,desktop,1288.0,121.0,0.067,91.0
S004,2024-10-07,desktop,1386.0,168.0,0.1,82.0
S004,2024-10-14,desktop,1292.0,103.0,0.118,88.0
S004,2024-10-21,desktop,1687.0,96.0,0.114,80.0
S004,2024-10-28,desktop,1616.0,172.0,0.122,75.0
S004,2024-11-04,desktop,1791.0,48.0,0.054,87.0
S004,2024-11-11,desktop,1041.0,81.0,0.058,100.0
S004,2024-11-18,desktop,1548.0,111.0,0.09,84.0
S004,2024-11-25,desktop,1458.0,150.0,0.043,87.0
S004,2024-12-02,desktop,1202.0,124.0,0.118,88.0
S004,2024-12-09,desktop,1628.0,40.0,0.108,87.0
S004,2024-12-16,desktop,1726.0,121.0,0.154,74.0
S004,2024-12-23,desktop,1436.0,131.0,0.103,84.0
S004,2024-12-30,desktop,1465.0,155.0,0.094,82.0
S004,2025-01-06,desktop,1400.0,137.0,0.05,88.0
S004,2025-01-13,desktop,1636.0,130.0,0.14,77.0
S004,2025-01-20,desktop,1427.0,40.0,0.138,89.0
S004,2025-01-27,desktop,1394.0,104.0,0.135,85.0
S004,2025-02-03,desktop,1539.0,40.0,0.072,92.0
S004,2025-02-10,desktop,1482.0,100.0,0.082,87.0
S004,2025-02-17,desktop,1497.0,65.0,0.082,90.0
S004,2025-02-24,desktop,1622.0,78.0,0.149,81.0
S004,2025-03-03,desktop,1803.0,120.0,0.067,80.0
S004,2025-03-10,desktop,1618.0,93.0,0.06,87.0
S004,2025-03-17,desktop,1338.0,67.0,0.044,96.0
S004,2025-03-24,desktop,1385.0,40.0,0.0,100.0
S004,2025-03-31,desktop,1881.0,166.0,0.0,79.0
S004,2025-04-07,desktop,1398.0,134.0,0.093,85.0
S004,2025-04-14,desktop,1248.0,139.0,0.067,90.0
S004,2025-04-21,desktop,1193.0,40.0,0.034,100.0
S004,2025-04-28,desktop,1102.0,67.0,0.082,98.0
S004,2025-05-05,desktop,1105.0,108.0,0.044,98.0
S004,2025-05-12,desktop,1816.0,105.0,0.102,78.0
S004,2025-05-19,desktop,1582.0,109.0,0.033,88.0
S004,2025-05-26,desktop,1491.0,80.0,0.046,91.0
S004,2025-06-02,desktop,1217.0,164.0,0.064,89.0
S004,2025-06-09,desktop,1391.0,132.0,0.074,87.0
S004,2025-06-16,desktop,1647.0,185.0,0.023,81.0
S004,2025-06-23,desktop,1393.0,125.0,0.091,86.0
S004,2025-06-30,desktop,1913.0,150.0,0.089,73.0
S004,2025-07-07,desktop,1548.0,40.0,0.11,88.0
S004,2025-07-14,desktop,1581.0,165.0,0.102,78.0
S004,2025-07-21,desktop,1453.0,41.0,0.071,94.0
S004,2025-07-28,desktop,1536.0,117.0,0.066,86.0
S004,2025-08-04,desktop,1441.0,79.0,0.061,92.0
S004,2025-08-11,desktop,1472.0,154.0,0.067,84.0
S004,2025-08-18,desktop,1455.0,84.0,0.097,88.0
S004,2025-08-25,desktop,1409.0,136.0,0.084,86.0
S004,2025-09-01,desktop,1691.0,40.0,0.087,87.0
S004,2025-09-08,desktop,1665.0,139.0,0.052,82.0
S004,2025-09-15,desktop,1551.0,131.0,0.113,81.0
S004,2025-09-22,desktop,1466.0,103.0,0.103,86.0
S004,2025-09-29,desktop,1548.0,187.0,0.076,79.0
S004,2025-10-06,desktop,1458.0,175.0,0.118,79.0
S004,2025-10-13,desktop,1467.0,151.0,0.081,83.0
S004,2025-10-20,desktop,1403.0,106.0,0.158,82.0
S004,2025-10-27,desktop,1415.0,50.0,0.078,93.0
S004,2025-11-03,desktop,1334.0,118.0,0.037,93.0
S004,2025-11-10,desktop,1227.0,123.0,0.125,88.0
S004,2025-11-17,desktop,1382.0,107.0,0.06,91.0
S004,2025-11-24,desktop,1272.0,74.0,0.109,92.0
S004,2025-12-01,desktop,1497.0,105.0,0.154,81.0
S004,2025-12-08,desktop,1557.0,134.0,0.07,84.0
S004,2025-12-15,desktop,1710.0,78.0,0.097,83.0
S004,2025-12-22,desktop,1782.0,175.0,0.15,69.0
S004,2025-12-29,desktop,1493.0,80.0,0.123,85.0
S004,2026-01-05,desktop,1725.0,176.0,0.088,75.0
S004,2026-01-12,desktop,1410.0,109.0,0.069,89.0
S004,2026-01-19,desktop,1457.0,55.0,0.067,93.0
S004,2026-01-26,desktop,1413.0,171.0,0.015,88.0
S004,2026-02-02,desktop,1446.0,130.0,0.057,87.0
S004,2026-02-09,desktop,988.0,115.0,0.116,94.0
S004,2026-02-16,desktop,1658.0,66.0,0.067,87.0
S004,2026-02-23,desktop,1293.0,143.0,0.059,90.0
S004,2026-03-02,desktop,1353.0,136.0,0.031,91.0
S004,2026-03-09,desktop,1584.0,152.0,0.088,80.0
S004,2026-03-16,desktop,1614.0,117.0,0.075,83.0
S004,2026-03-23,desktop,1089.0,117.0,0.064,96.0
S004,2026-03-30,desktop,1376.0,57.0,0.079,93.0
S004,2026-04-06,desktop,1025.0,44.0,0.117,99.0
S004,2026-04-13,desktop,1476.0,81.0,0.052,91.0
S004,2026-04-20,desktop,1610.0,57.0,0.084,88.0
S004,2026-04-27,desktop,1198.0,131.0,0.0,97.0
S004,2026-05-04,desktop,1680.0,185.0,0.016,81.0
S004,2026-05-11,desktop,1314.0,171.0,0.123,82.0
S004,2026-05-18,desktop,1602.0,90.0,0.073,86.0
S004,2026-05-25,desktop,1225.0,56.0,0.177,89.0
S004,2026-06-01,desktop,1293.0,124.0,0.015,95.0
S004,2026-06-08,desktop,1391.0,107.0,0.183,81.0
S004,2026-06-15,desktop,1244.0,40.0,0.041,100.0
S004,2026-06-22,desktop,1440.0,40.0,0.133,89.0
S004,2026-06-29,desktop,1201.0,82.0,0.072,96.0
S004,2026-07-06,desktop,1185.0,154.0,0.108,87.0
S004,2026-07-13,desktop,1482.0,92.0,0.148,83.0
S004,2026-07-20,desktop,1504.0,63.0,0.074,90.0
S004,2026-07-27,desktop,1367.0,51.0,0.094,93.0
S004,2026-08-03,desktop,1774.0,56.0,0.038,88.0
S004,2026-08-10,desktop,1424.0,87.0,0.117,87.0
S004,2026-08-17,desktop,1324.0,116.0,0.054,92.0
S004,2026-08-24,desktop,1325.0,139.0,0.062,89.0
S004,2026-08-31,desktop,1289.0,131.0,0.07,90.0
S004,2026-09-07,desktop,1680.0,101.0,0.099,81.0
S004,2026-09-14,desktop,1575.0,53.0,0.057,91.0
S004,2026-09-21,desktop,1641.0,121.0,0.06,84.0
S004,2026-09-28,desktop,1582.0,78.0,0.12,84.0
S005,2023-07-03,mobile,3148.0,194.0,0.105,40.0
S005,2023-07-10,mobile,2666.0,171.0,0.113,52.0
S005,2023-07-17,mobile,3106.0,153.0,0.09,46.0
S005,2023-07-24,mobile,2617.0,234.0,0.064,52.0
S005,2023-07-31,mobile,2868.0,171.0,0.16,44.0
S005,2023-08-07,mobile,3154.0,273.0,0.063,37.0
S005,2023-08-14,mobile,3045.0,106.0,0.097,51.0
S005,2023-08-21,mobile,2745.0,145.0,0.071,56.0
S005,2023-08-28,mobile,3059.0,230.0,0.103,40.0
S005,2023-09-04,mobile,3037.0,160.0,0.025,52.0
S005,2023-09-11,mobile,2658.0,109.0,0.038,64.0
S005,2023-09-18,mobile,2730.0,226.0,0.088,48.0
S005,2023-09-25,mobile,3020.0,200.0,0.141,40.0
S005,2023-10-02,mobile,2824.0,192.0,0.088,49.0
S005,2023-10-09,mobile,2761.0,150.0,0.043,58.0
S005,2023-10-16,mobile,2787.0,178.0,0.187,43.0
S005,2023-10-23,mobile,2609.0,211.0,0.061,55.0
S005,2023-10-30,mobile,2446.0,97.0,0.104,64.0
S005,2023-11-06,mobile,3137.0,133.0,0.098,46.0
S005,2023-11-13,mobile,2943.0,200.0,0.091,46.0
S005,2023-11-20,mobile,3101.0,191.0,0.0,50.0
S005,2023-11-27,mobile,3066.0,202.0,0.106,42.0
S005,2023-12-04,mobile,2939.0,138.0,0.083,52.0
S005,2023-12-11,mobile,2627.0,145.0,0.073,59.0
S005,2023-12-18,mobile,2874.0,281.0,0.026,46.0
S005,2023-12-25,mobile,2997.0,193.0,0.024,50.0
S005,2024-01-01,mobile,3337.0,186.0,0.058,41.0
S005,2024-01-08,mobile,2766.0,229.0,0.064,49.0
S005,2024-01-15,mobile,2684.0,176.0,0.057,56.0
S005,2024-01-22,mobile,2892.0,147.0,0.063,53.0
S005,2024-01-29,mobile,2758.0,184.0,0.091,51.0
S005,2024-02-05,mobile,2982.0,191.0,0.112,44.0
S005,2024-02-12,mobile,2705.0,72.0,0.012,68.0
S005,2024-02-19,mobile,2500.0,199.0,0.1,55.0
S005,2024-02-26,mobile,2623.0,251.0,0.05,52.0
S005,2024-03-04,mobile,3017.0,140.0,0.101,48.0
S005,2024-03-11,mobile,2829.0,189.0,0.01,56.0
S005,2024-03-18,mobile,2785.0,177.0,0.038,55.0
S005,2024-03-25,mobile,2692.0,143.0,0.092,56.0
S005,2024-04-01,mobile,2892.0,105.0,0.046,58.0
S005,2024-04-08,mobile,2695.0,197.0,0.033,56.0
S005,2024-04-15,mobile,2684.0,199.0,0.122,49.0
S005,2024-04-22,mobile,2496.0,169.0,0.076,59.0
S005,2024-04-29,mobile,3035.0,203.0,0.105,42.0
S005,2024-05-06,mobile,3098.0,181.0,0.008,50.0
S005,2024-05-13,mobile,2837.0,226.0,0.095,45.0
S005,2024-05-20,mobile,2689.0,220.0,0.0,57.0
S005,2024-05-27,mobile,2469.0,157.0,0.155,55.0
S005,2024-06-03,mobile,2942.0,215.0,0.081,45.0
S005,2024-06-10,mobile,2669.0,237.0,0.084,49.0
S005,2024-06-17,mobile,2754.0,174.0,0.098,51.0
S005,2024-06-24,mobile,3185.0,163.0,0.083,44.0
S005,2024-07-01,mobile,2843.0,183.0,0.048,53.0
S005,2024-07-08,mobile,2342.0,236.0,0.026,61.0
S005,2024-07-15,mobile,2629.0,162.0,0.074,57.0
S005,2024-07-22,mobile,2535.0,148.0,0.017,65.0
S005,2024-07-29,mobile,2937.0,196.0,0.076,47.0
S005,2024-08-05,mobile,2797.0,179.0,0.119,48.0
S005,2024-08-12,mobile,2782.0,197.0,0.027,55.0
S005,2024-08-19,mobile,2973.0,119.0,0.1,51.0
S005,2024-08-26,mobile,2352.0,178.0,0.048,64.0
S005,2024-09-02,mobile,2702.0,131.0,0.035,61.0
S005,2024-09-09,mobile,2836.0,105.0,0.041,60.0
S005,2024-09-16,mobile,2747.0,148.0,0.074,56.0
S005,2024-09-23,mobile,2492.0,180.0,0.125,55.0
S005,2024-09-30,mobile,2688.0,225.0,0.108,48.0
S005,2024-10-07,mobile,2747.0,120.0,0.084,57.0
S005,2024-10-14,mobile,2433.0,111.0,0.126,62.0
S005,2024-10-21,mobile,2940.0,136.0,0.112,49.0
S005,2024-10-28,mobile,2928.0,192.0,0.113,45.0
S005,2024-11-04,mobile,2817.0,283.0,0.029,47.0
S005,2024-11-11,mobile,2633.0,137.0,0.084,58.0
S005,2024-11-18,mobile,2703.0,256.0,0.049,50.0
S005,2024-11-25,mobile,2761.0,129.0,0.065,58.0
S005,2024-12-02,mobile,2846.0,208.0,0.049,50.0
S005,2024-12-09,mobile,2578.0,223.0,0.068,54.0
S005,2024-12-16,mobile,2816.0,151.0,0.092,52.0
S005,2024-12-23,mobile,2936.0,161.0,0.115,47.0
S005,2024-12-30,mobile,2474.0,120.0,0.132,59.0
S005,2025-01-06,mobile,2434.0,156.0,0.063,63.0
S005,2025-01-13,mobile,2955.0,130.0,0.103,50.0
S005,2025-01-20,mobile,2681.0,214.0,0.055,53.0
S005,2025-01-27,mobile,2752.0,197.0,0.125,47.0
S005,2025-02-03,mobile,2512.0,174.0,0.0,65.0
S005,2025-02-10,mobile,2660.0,237.0,0.076,50.0
S005,2025-02-17,mobile,2589.0,189.0,0.057,57.0
S005,2025-02-24,mobile,2826.0,199.0,0.081,49.0
S005,2025-03-03,mobile,2446.0,182.0,0.05,61.0
S005,2025-03-10,mobile,2766.0,250.0,0.162,40.0
S005,2025-03-17,mobile,2767.0,95.0,0.123,56.0
S005,2025-03-24,mobile,2373.0,166.0,0.094,61.0
S005,2025-03-31,mobile,2715.0,224.0,0.051,52.0
S005,2025-04-07,mobile,2431.0,231.0,0.048,58.0
S005,2025-04-14,mobile,2389.0,199.0,0.068,60.0
S005,2025-04-21,mobile,2423.0,212.0,0.056,59.0
S005,2025-04-28,mobile,2717.0,162.0,0.011,60.0
S005,2025-05-05,mobile,2703.0,211.0,0.072,52.0
S005,2025-05-12,mobile,2708.0,148.0,0.054,58.0
S005,2025-05-19,mobile,2595.0,190.0,0.103,53.0
S005,2025-05-26,mobile,2789.0,215.0,0.077,49.0
S005,2025-06-02,mobile,2930.0,270.0,0.129,37.0
S005,2025-06-09,mobile,2757.0,198.0,0.047,53.0
S005,2025-06-16,mobile,2603.0,163.0,0.13,53.0
S005,2025-06-23,mobile,2758.0,200.0,0.0,57.0
S005,2025-06-30,mobile,2666.0,113.0,0.084,60.0
S005,2025-07-07,mobile,2710.0,285.0,0.161,38.0
S005,2025-07-14,mobile,2711.0,106.0,0.006,65.0
S005,2025-07-21,mobile,2520.0,172.0,0.029,62.0
S005,2025-07-28,mobile,2416.0,178.0,0.112,58.0
S005,2025-08-04,mobile,2621.0,170.0,0.063,58.0
S005,2025-08-11,mobile,2819.0,176.0,0.036,55.0
S005,2025-08-18,mobile,2585.0,130.0,0.108,58.0
S005,2025-08-25,mobile,2721.0,154.0,0.075,56.0
S005,2025-09-01,mobile,2972.0,192.0,0.111,44.0
S005,2025-09-08,mobile,2553.0,151.0,0.082,59.0
S005,2025-09-15,mobile,2660.0,83.0,0.083,62.0
S005,2025-09-22,mobile,2561.0,143.0,0.059,61.0
S005,2025-09-29,mobile,2253.0,174.0,0.06,66.0
S005,2025-10-06,mobile,2500.0,206.0,0.047,59.0
S005,2025-10-13,mobile,2903.0,162.0,0.086,50.0
S005,2025-10-20,mobile,2663.0,174.0,0.098,54.0
S005,2025-10-27,mobile,2235.0,203.0,0.056,64.0
S005,2025-11-03,mobile,2388.0,117.0,0.095,65.0
S005,2025-11-10,mobile,2358.0,162.0,0.061,64.0
S005,2025-11-17,mobile,2341.0,211.0,0.109,57.0
S005,2025-11-24,mobile,2291.0,274.0,0.09,54.0
S005,2025-12-01,mobile,2620.0,203.0,0.078,54.0
S005,2025-12-08,mobile,2663.0,177.0,0.015,60.0
S005,2025-12-15,mobile,2534.0,197.0,0.031,60.0
S005,2025-12-22,mobile,2461.0,232.0,0.037,58.0
S005,2025-12-29,mobile,2683.0,116.0,0.063,61.0
S005,2026-01-05,mobile,2438.0,195.0,0.087,58.0
S005,2026-01-12,mobile,2477.0,223.0,0.015,60.0
S005,2026-01-19,mobile,2382.0,186.0,0.072,61.0
S005,2026-01-26,mobile,2845.0,131.0,0.11,52.0
S005,2026-02-02,mobile,2591.0,158.0,0.064,59.0
S005,2026-02-09,mobile,2524.0,152.0,0.058,62.0
S005,2026-02-16,mobile,2483.0,143.0,0.132,57.0
S005,2026-02-23,mobile,2522.0,188.0,0.04,60.0
S005,2026-03-02,mobile,2493.0,226.0,0.113,52.0
S005,2026-03-09,mobile,2628.0,265.0,0.074,49.0
S005,2026-03-16,mobile,2404.0,127.0,0.117,62.0
S005,2026-03-23,mobile,2403.0,234.0,0.115,53.0
S005,2026-03-30,mobile,2919.0,219.0,0.042,49.0
S005,2026-04-06,mobile,2159.0,219.0,0.092,61.0
S005,2026-04-13,mobile,2524.0,193.0,0.076,57.0
S005,2026-04-20,mobile,2497.0,146.0,0.058,63.0
S005,2026-04-27,mobile,2718.0,158.0,0.038,58.0
S005,2026-05-04,mobile,2450.0,244.0,0.084,54.0
S005,2026-05-11,mobile,2431.0,122.0,0.141,60.0
S005,2026-05-18,mobile,2376.0,170.0,0.098,60.0
S005,2026-05-25,mobile,2614.0,148.0,0.118,55.0
S005,2026-06-01,mobile,2457.0,168.0,0.076,60.0
S005,2026-06-08,mobile,2537.0,226.0,0.0,60.0
S005,2026-06-15,mobile,2692.0,256.0,0.047,50.0
S005,2026-06-22,mobile,2164.0,236.0,0.074,61.0
S005,2026-06-29,mobile,2489.0,129.0,0.053,65.0
S005,2026-07-06,mobile,2482.0,287.0,0.12,46.0
S005,2026-07-13,mobile,2658.0,175.0,0.021,60.0
S005,2026-07-20,mobile,2421.0,125.0,0.091,63.0
S005,2026-07-27,mobile,2312.0,193.0,0.114,58.0
S005,2026-08-03,mobile,2421.0,180.0,0.057,62.0
S005,2026-08-10,mobile,2662.0,235.0,0.08,50.0
S005,2026-08-17,mobile,2469.0,132.0,0.064,64.0
S005,2026-08-24,mobile,2262.0,215.0,0.04,64.0
S005,2026-08-31,mobile,2335.0,267.0,0.097,53.0
S005,2026-09-07,mobile,2743.0,186.0,0.138,47.0
S005,2026-09-14,mobile,2807.0,198.0,0.115,47.0
S005,2026-09-21,mobile,2716.0,172.0,0.106,52.0
S005,2026-09-28,mobile,2272.0,219.0,0.055,62.0
S005,2023-07-03,desktop,1942.0,98.0,0.141,72.0
S005,2023-07-10,desktop,1617.0,133.0,0.028,86.0
S005,2023-07-17,desktop,1613.0,46.0,0.015,94.0
S005,2023-07-24,desktop,1590.0,74.0,0.09,86.0
S005,2023-07-31,desktop,1775.0,64.0,0.1,82.0
S005,2023-08-07,desktop,1361.0,137.0,0.136,82.0
S005,2023-08-14,desktop,1343.0,101.0,0.06,92.0
S005,2023-08-21,desktop,1391.0,119.0,0.085,87.0
S005,2023-08-28,desktop,1546.0,114.0,0.073,85.0
S005,2023-09-04,desktop,1737.0,149.0,0.054,80.0
S005,2023-09-11,desktop,1590.0,121.0,0.041,86.0
S005,2023-09-18,desktop,1644.0,117.0,0.148,77.0
S005,2023-09-25,desktop,1376.0,86.0,0.051,93.0
S005,2023-10-02,desktop,1806.0,79.0,0.112,79.0
S005,2023-10-09,desktop,1391.0,120.0,0.019,93.0
S005,2023-10-16,desktop,1414.0,155.0,0.09,84.0
S005,2023-10-23,desktop,1597.0,52.0,0.035,92.0
S005,2023-10-30,desktop,1623.0,92.0,0.061,86.0
S005,2023-11-06,desktop,1380.0,148.0,0.121,82.0
S005,2023-11-13,desktop,1251.0,112.0,0.109,89.0
S005,2023-11-20,desktop,1684.0,101.0,0.118,80.0
S005,2023-11-27,desktop,1443.0,197.0,0.053,82.0
S005,2023-12-04,desktop,1321.0,100.0,0.054,93.0
S005,2023-12-11,desktop,1728.0,60.0,0.064,86.0
S005,2023-12-18,desktop,1563.0,73.0,0.025,92.0
S005,2023-12-25,desktop,1560.0,67.0,0.121,85.0
S005,2024-01-01,desktop,1549.0,79.0,0.155,82.0
S005,2024-01-08,desktop,1288.0,120.0,0.067,91.0
S005,2024-01-15,desktop,1532.0,84.0,0.092,87.0
S005,2024-01-22,desktop,1739.0,104.0,0.096,80.0
S005,2024-01-29,desktop,1570.0,130.0,0.114,80.0
S005,2024-02-05,desktop,1811.0,127.0,0.047,80.0
S005,2024-02-12,desktop,1433.0,172.0,0.074,83.0
S005,2024-02-19,desktop,1472.0,107.0,0.103,85.0
S005,2024-02-26,desktop,1368.0,86.0,0.075,91.0
S005,2024-03-04,desktop,1169.0,59.0,0.118,95.0
S005,2024-03-11,desktop,1366.0,119.0,0.06,90.0
S005,2024-03-18,desktop,1582.0,74.0,0.134,83.0
S005,2024-03-25,desktop,1688.0,105.0,0.079,82.0
S005,2024-04-01,desktop,1389.0,103.0,0.084,89.0
S005,2024-04-08,desktop,1471.0,106.0,0.062,88.0
S005,2024-04-15,desktop,1685.0,117.0,0.077,82.0
S005,2024-04-22,desktop,1154.0,121.0,0.132,89.0
S005,2024-04-29,desktop,1415.0,52.0,0.0,99.0
S005,2024-05-06,desktop,1309.0,75.0,0.102,92.0
S005,2024-05-13,desktop,1468.0,67.0,0.069,91.0
S005,2024-05-20,desktop,1514.0,210.0,0.133,73.0
S005,2024-05-27,desktop,1595.0,104.0,0.055,86.0
S005,2024-06-03,desktop,1706.0,134.0,0.052,82.0
S005,2024-06-10,desktop,1581.0,67.0,0.076,88.0
S005,2024-06-17,desktop,1439.0,119.0,0.108,85.0
S005,2024-06-24,desktop,1340.0,200.0,0.136,78.0
S005,2024-07-01,desktop,1568.0,128.0,0.07,84.0
S005,2024-07-08,desktop,1427.0,98.0,0.012,94.0
S005,2024-07-15,desktop,1599.0,113.0,0.063,85.0
S005,2024-07-22,desktop,1264.0,40.0,0.053,99.0
S005,2024-07-29,desktop,1365.0,40.0,0.12,92.0
S005,2024-08-05,desktop,1738.0,124.0,0.049,82.0
S005,2024-08-12,desktop,1290.0,153.0,0.078,87.0
S005,2024-08-19,desktop,1349.0,53.0,0.05,97.0
S005,2024-08-26,desktop,1536.0,80.0,0.056,90.0
S005,2024-09-02,desktop,1507.0,47.0,0.03,95.0
S005,2024-09-09,desktop,1297.0,40.0,0.084,96.0
S005,2024-09-16,desktop,1793.0,110.0,0.106,78.0
S005,2024-09-23,desktop,1374.0,131.0,0.14,82.0
S005,2024-09-30,desktop,1805.0,41.0,0.072,86.0
S005,2024-10-07,desktop,1077.0,40.0,0.086,100.0
S005,2024-10-14,desktop,1242.0,109.0,0.074,92.0
S005,2024-10-21,desktop,1569.0,89.0,0.117,83.0
S005,2024-10-28,desktop,1378.0,40.0,0.176,87.0
S005,2024-11-04,desktop,1229.0,59.0,0.062,98.0
S005,2024-11-11,desktop,1294.0,93.0,0.052,94.0
S005,2024-11-18,desktop,1415.0,86.0,0.072,91.0
S005,2024-11-25,desktop,1483.0,40.0,0.174,85.0
S005,2024-12-02,desktop,957.0,126.0,0.062,98.0
S005,2024-12-09,desktop,1391.0,40.0,0.15,89.0
S005,2024-12-16,desktop,1624.0,99.0,0.024,89.0
S005,2024-12-23,desktop,1561.0,56.0,0.096,88.0
S005,2024-12-30,desktop,1173.0,131.0,0.124,88.0
S005,2025-01-06,desktop,1294.0,40.0,0.063,98.0
S005,2025-01-13,desktop,1559.0,152.0,0.053,83.0
S005,2025-01-20,desktop,1415.0,88.0,0.12,87.0
S005,2025-01-27,desktop,1295.0,128.0,0.136,85.0
S005,2025-02-03,desktop,1464.0,132.0,0.019,90.0
S005,2025-02-10,desktop,1557.0,174.0,0.019,84.0
S005,2025-02-17,desktop,1216.0,70.0,0.081,96.0
S005,2025-02-24,desktop,1366.0,141.0,0.09,86.0
S005,2025-03-03,desktop,1267.0,89.0,0.072,94.0
S005,2025-03-10,desktop,1380.0,160.0,0.041,88.0
S005,2025-03-17,desktop,1396.0,74.0,0.072,92.0
S005,2025-03-24,desktop,1201.0,43.0,0.013,100.0
S005,2025-03-31,desktop,1383.0,130.0,0.14,82.0
S005,2025-04-07,desktop,1552.0,119.0,0.142,79.0
S005,2025-04-14,desktop,1520.0,111.0,0.069,86.0
S005,2025-04-21,desktop,1225.0,61.0,0.053,98.0
S005,2025-04-28,desktop,1060.0,89.0,0.017,100.0
S005,2025-05-05,desktop,1163.0,69.0,0.069,98.0
S005,2025-05-12,desktop,1313.0,90.0,0.126,88.0
S005,2025-05-19,desktop,1455.0,110.0,0.125,84.0
S005,2025-05-26,desktop,1521.0,147.0,0.091,82.0
S005,2025-06-02,desktop,1088.0,111.0,0.06,97.0
S005,2025-06-09,desktop,994.0,122.0,0.0,100.0
S005,2025-06-16,desktop,1151.0,88.0,0.036,99.0
S005,2025-06-23,desktop,1291.0,107.0,0.107,89.0
S005,2025-06-30,desktop,1225.0,110.0,0.069,93.0
S005,2025-07-07,desktop,1336.0,131.0,0.062,89.0
S005,2025-07-14,desktop,1479.0,89.0,0.037,92.0
S005,2025-07-21,desktop,1197.0,172.0,0.042,91.0
S005,2025-07-28,desktop,1012.0,144.0,0.109,92.0
S005,2025-08-04,desktop,1270.0,117.0,0.029,95.0
S005,2025-08-11,desktop,1246.0,73.0,0.043,98.0
S005,2025-08-18,desktop,1108.0,53.0,0.084,99.0
S005,2025-08-25,desktop,1443.0,141.0,0.067,86.0
S005,2025-09-01,desktop,1698.0,69.0,0.153,79.0
S005,2025-09-08,desktop,1131.0,42.0,0.101,98.0
S005,2025-09-15,desktop,1265.0,92.0,0.15,87.0
S005,2025-09-22,desktop,1241.0,124.0,0.066,92.0
S005,2025-09-29,desktop,1471.0,107.0,0.108,85.0
S005,2025-10-06,desktop,1215.0,115.0,0.066,93.0
S005,2025-10-13,desktop,1263.0,49.0,0.128,93.0
S005,2025-10-20,desktop,1014.0,140.0,0.097,93.0
S005,2025-10-27,desktop,1302.0,139.0,0.084,88.0
S005,2025-11-03,desktop,1249.0,69.0,0.088,94.0
S005,2025-11-10,desktop,1418.0,78.0,0.13,87.0
S005,2025-11-17,desktop,1207.0,154.0,0.007,95.0
S005,2025-11-24,desktop,1058.0,77.0,0.074,99.0
S005,2025-12-01,desktop,1072.0,150.0,0.038,96.0
S005,2025-12-08,desktop,814.0,176.0,0.028,100.0
S005,2025-12-15,desktop,1145.0,114.0,0.06,95.0
S005,2025-12-22,desktop,981.0,72.0,0.025,100.0
S005,2025-12-29,desktop,1268.0,129.0,0.085,89.0
S005,2026-01-05,desktop,1296.0,120.0,0.058,92.0
S005,2026-01-12,desktop,1437.0,76.0,0.121,87.0
S005,2026-01-19,desktop,1396.0,61.0,0.106,90.0
S005,2026-01-26,desktop,1144.0,95.0,0.08,95.0
S005,2026-02-02,desktop,1231.0,101.0,0.132,89.0
S005,2026-02-09,desktop,1254.0,141.0,0.047,92.0
S005,2026-02-16,desktop,1053.0,94.0,0.002,100.0
S005,2026-02-23,desktop,1067.0,43.0,0.0,100.0
S005,2026-03-02,desktop,975.0,169.0,0.045,96.0
S005,2026-03-09,desktop,1437.0,97.0,0.052,91.0
S005,2026-03-16,desktop,939.0,44.0,0.11,100.0
S005,2026-03-23,desktop,1010.0,143.0,0.035,98.0
S005,2026-03-30,desktop,1347.0,40.0,0.024,100.0
S005,2026-04-06,desktop,1066.0,64.0,0.102,98.0
S005,2026-04-13,desktop,1314.0,157.0,0.138,82.0
S005,2026-04-20,desktop,927.0,120.0,0.049,100.0
S005,2026-04-27,desktop,946.0,179.0,0.086,92.0
S005,2026-05-04,desktop,1316.0,68.0,0.018,99.0
S005,2026-05-11,desktop,1290.0,51.0,0.052,98.0
S005,2026-05-18,desktop,1005.0,111.0,0.138,92.0
S005,2026-05-25,desktop,1017.0,83.0,0.115,96.0
S005,2026-06-01,desktop,884.0,192.0,0.012,98.0
S005,2026-06-08,desktop,1246.0,78.0,0.069,95.0
S005,2026-06-15,desktop,815.0,135.0,0.072,100.0
S005,2026-06-22,desktop,1307.0,156.0,0.117,84.0
S005,2026-06-29,desktop,978.0,42.0,0.043,100.0
S005,2026-07-06,desktop,1269.0,116.0,0.044,94.0
S005,2026-07-13,desktop,1036.0,136.0,0.056,96.0
S005,2026-07-20,desktop,1022.0,41.0,0.083,100.0
S005,2026-07-27,desktop,1121.0,104.0,0.119,92.0
S005,2026-08-03,desktop,1117.0,134.0,0.15,87.0
S005,2026-08-10,desktop,841.0,147.0,0.083,97.0
S005,2026-08-17,desktop,960.0,40.0,0.084,100.0
S005,2026-08-24,desktop,1031.0,40.0,0.122,99.0
S005,2026-08-31,desktop,1060.0,94.0,0.086,97.0
S005,2026-09-07,desktop,1180.0,157.0,0.01,95.0
S005,2026-09-14,desktop,1330.0,178.0,0.004,90.0
S005,2026-09-21,desktop,800.0,115.0,0.067,100.0
S005,2026-09-28,desktop,1183.0,168.0,0.0,95.0
S006,2023-07-03,mobile,3550.0,157.0,0.053,39.0
S006,2023-07-10,mobile,3444.0,206.0,0.041,38.0
S006,2023-07-17,mobile,3434.0,238.0,0.062,34.0
S006,2023-07-24,mobile,3445.0,216.0,0.105,32.0
S006,2023-07-31,mobile,3341.0,112.0,0.118,42.0
S006,2023-08-07,mobile,3345.0,193.0,0.031,42.0
S006,2023-08-14,mobile,3175.0,190.0,0.07,43.0
S006,2023-08-21,mobile,3295.0,228.0,0.095,35.0
S006,2023-08-28,mobile,3360.0,201.0,0.094,36.0
S006,2023-09-04,mobile,3534.0,199.0,0.14,29.0
S006,2023-09-11,mobile,3419.0,183.0,0.084,37.0
S006,2023-09-18,mobile,3263.0,196.0,0.131,36.0
S006,2023-09-25,mobile,3331.0,129.0,0.062,45.0
S006,2023-10-02,mobile,3357.0,199.0,0.035,41.0
S006,2023-10-09,mobile,3284.0,239.0,0.061,37.0
S006,2023-10-16,mobile,3436.0,154.0,0.015,45.0
S006,2023-10-23,mobile,3538.0,217.0,0.036,35.0
S006,2023-10-30,mobile,2877.0,139.0,0.066,54.0
S006,2023-11-06,mobile,3554.0,189.0,0.113,31.0
S006,2023-11-13,mobile,3333.0,154.0,0.144,37.0
S006,2023-11-20,mobile,3233.0,193.0,0.082,41.0
S006,2023-11-27,mobile,3257.0,144.0,0.04,47.0
S006,2023-12-04,mobile,2907.0,183.0,0.063,50.0
S006,2023-12-11,mobile,3202.0,192.0,0.1,40.0
S006,2023-12-18,mobile,3425.0,175.0,0.042,41.0
S006,2023-12-25,mobile,3054.0,142.0,0.001,55.0
S006,2024-01-01,mobile,2948.0,242.0,0.064,44.0
S006,2024-01-08,mobile,3170.0,141.0,0.094,45.0
S006,2024-01-15,mobile,3263.0,160.0,0.07,44.0
S006,2024-01-22,mobile,3476.0,199.0,0.112,32.0
S006,2024-01-29,mobile,3022.0,210.0,0.139,39.0
S006,2024-02-05,mobile,3179.0,198.0,0.122,38.0
S006,2024-02-12,mobile,2828.0,280.0,0.091,41.0
S006,2024-02-19,mobile,3215.0,175.0,0.123,39.0
S006,2024-02-26,mobile,3536.0,150.0,0.121,34.0
S006,2024-03-04,mobile,2956.0,168.0,0.164,42.0
S006,2024-03-11,mobile,3330.0,174.0,0.069,41.0
S006,2024-03-18,mobile,3595.0,195.0,0.124,29.0
S006,2024-03-25,mobile,2937.0,224.0,0.061,46.0
S006,2024-04-01,mobile,2870.0,138.0,0.088,53.0
S006,2024-04-08,mobile,3480.0,155.0,0.087,38.0
S006,2024-04-15,mobile,3058.0,144.0,0.009,54.0
S006,2024-04-22,mobile,3389.0,171.0,0.078,39.0
S006,2024-04-29,mobile,2841.0,195.0,0.04,52.0
S006,2024-05-06,mobile,3142.0,189.0,0.062,44.0
S006,2024-05-13,mobile,3001.0,218.0,0.03,48.0
S006,2024-05-20,mobile,3073.0,166.0,0.119,43.0
S006,2024-05-27,mobile,2833.0,237.0,0.041,49.0
S006,2024-06-03,mobile,2865.0,201.0,0.0,55.0
S006,2024-06-10,mobile,3144.0,199.0,0.062,44.0
S006,2024-06-17,mobile,3256.0,183.0,0.033,45.0
S006,2024-06-24,mobile,3135.0,160.0,0.056,48.0
S006,2024-07-01,mobile,2817.0,156.0,0.073,54.0
S006,2024-07-08,mobile,3025.0,170.0,0.067,48.0
S006,2024-07-15,mobile,3074.0,140.0,0.1,47.0
S006,2024-07-22,mobile,3265.0,146.0,0.08,44.0
S006,2024-07-29,mobile,2919.0,210.0,0.057,48.0
S006,2024-08-05,mobile,2871.0,123.0,0.021,59.0
S006,2024-08-12,mobile,3092.0,201.0,0.074,44.0
S006,2024-08-19,mobile,3335.0,158.0,0.036,45.0
S006,2024-08-26,mobile,3161.0,217.0,0.051,43.0
S006,2024-09-02,mobile,2991.0,219.0,0.042,47.0
S006,2024-09-09,mobile,3033.0,212.0,0.064,45.0
S006,2024-09-16,mobile,2908.0,192.0,0.071,49.0
S006,2024-09-23,mobile,2848.0,224.0,0.084,46.0
S006,2024-09-30,mobile,2836.0,161.0,0.061,54.0
S006,2024-10-07,mobile,3072.0,213.0,0.157,36.0
S006,2024-10-14,mobile,3154.0,194.0,0.013,48.0
S006,2024-10-21,mobile,2916.0,212.0,0.061,48.0
S006,2024-10-28,mobile,2609.0,168.0,0.08,57.0
S006,2024-11-04,mobile,3164.0,156.0,0.132,41.0
S006,2024-11-11,mobile,3053.0,176.0,0.11,44.0
S006,2024-11-18,mobile,2894.0,185.0,0.06,50.0
S006,2024-11-25,mobile,3087.0,181.0,0.137,40.0
S006,2024-12-02,mobile,2976.0,166.0,0.0,55.0
S006,2024-12-09,mobile,2765.0,204.0,0.048,53.0
S006,2024-12-16,mobile,2989.0,248.0,0.009,47.0
S006,2024-12-23,mobile,3063.0,180.0,0.035,49.0
S006,2024-12-30,mobile,2993.0,188.0,0.02,51.0
S006,2025-01-06,mobile,2845.0,242.0,0.059,47.0
S006,2025-01-13,mobile,3320.0,229.0,0.131,32.0
S006,2025-01-20,mobile,3172.0,170.0,0.084,44.0
S006,2025-01-27,mobile,3043.0,134.0,0.062,51.0
S006,2025-02-03,mobile,2823.0,116.0,0.078,56.0
S006,2025-02-10,mobile,3027.0,231.0,0.032,46.0
S006,2025-02-17,mobile,2523.0,182.0,0.124,54.0
S006,2025-02-24,mobile,2742.0,189.0,0.069,53.0
S006,2025-03-03,mobile,3183.0,218.0,0.101,38.0
S006,2025-03-10,mobile,3271.0,191.0,0.075,40.0
S006,2025-03-17,mobile,2768.0,183.0,0.044,55.0
S006,2025-03-24,mobile,2951.0,222.0,0.137,40.0
S006,2025-03-31,mobile,2999.0,215.0,0.134,40.0
S006,2025-04-07,mobile,2659.0,118.0,0.049,62.0
S006,2025-04-14,mobile,2626.0,205.0,0.126,49.0
S006,2025-04-21,mobile,3288.0,160.0,0.124,39.0
S006,2025-04-28,mobile,2959.0,201.0,0.043,49.0
S006,2025-05-05,mobile,2796.0,140.0,0.178,47.0
S006,2025-05-12,mobile,2988.0,222.0,0.028,48.0
S006,2025-05-19,mobile,3045.0,157.0,0.021,53.0
S006,2025-05-26,mobile,3091.0,126.0,0.109,47.0
S006,2025-06-02,mobile,2859.0,245.0,0.085,44.0
S006,2025-06-09,mobile,2732.0,200.0,0.145,46.0
S006,2025-06-16,mobile,3170.0,211.0,0.051,43.0
S006,2025-06-23,mobile,2575.0,201.0,0.054,57.0
S006,2025-06-30,mobile,2722.0,237.0,0.056,50.0
S006,2025-07-07,mobile,2914.0,207.0,0.057,48.0
S006,2025-07-14,mobile,2825.0,104.0,0.071,58.0
S006,2025-07-21,mobile,2558.0,170.0,0.084,57.0
S006,2025-07-28,mobile,2940.0,189.0,0.046,50.0
S006,2025-08-04,mobile,2756.0,211.0,0.039,53.0
S006,2025-08-11,mobile,3006.0,137.0,0.056,52.0
S006,2025-08-18,mobile,2864.0,234.0,0.2,36.0
S006,2025-08-25,mobile,2828.0,189.0,0.073,51.0
S006,2025-09-01,mobile,2928.0,151.0,0.04,54.0
S006,2025-09-08,mobile,2808.0,174.0,0.09,51.0
S006,2025-09-15,mobile,2975.0,176.0,0.055,50.0
S006,2025-09-22,mobile,2845.0,185.0,0.111,47.0
S006,2025-09-29,mobile,2859.0,188.0,0.031,53.0
S006,2025-10-06,mobile,2814.0,243.0,0.035,49.0
S006,2025-10-13,mobile,2876.0,175.0,0.121,47.0
S006,2025-10-20,mobile,2523.0,86.0,0.082,65.0
S006,2025-10-27,mobile,2830.0,166.0,0.05,54.0
S006,2025-11-03,mobile,2713.0,157.0,0.037,59.0
S006,2025-11-10,mobile,2972.0,210.0,0.089,44.0
S006,2025-11-17,mobile,2739.0,170.0,0.062,55.0
S006,2025-11-24,mobile,2485.0,174.0,0.109,57.0
S006,2025-12-01,mobile,2524.0,193.0,0.048,59.0
S006,2025-12-08,mobile,2648.0,174.0,0.053,57.0
S006,2025-12-15,mobile,2746.0,105.0,0.073,59.0
S006,2025-12-22,mobile,2800.0,129.0,0.057,57.0
S006,2025-12-29,mobile,2903.0,201.0,0.052,50.0
S006,2026-01-05,mobile,2664.0,184.0,0.053,56.0
S006,2026-01-12,mobile,2568.0,210.0,0.051,56.0
S006,2026-01-19,mobile,2567.0,169.0,0.126,54.0
S006,2026-01-26,mobile,2362.0,152.0,0.087,63.0
S006,2026-02-02,mobile,2459.0,74.0,0.062,69.0
S006,2026-02-09,mobile,3023.0,104.0,0.032,57.0
S006,2026-02-16,mobile,2799.0,254.0,0.076,46.0
S006,2026-02-23,mobile,2626.0,222.0,0.07,53.0
S006,2026-03-02,mobile,2912.0,143.0,0.089,51.0
S006,2026-03-09,mobile,2498.0,267.0,0.101,49.0
S006,2026-03-16,mobile,2373.0,176.0,0.183,53.0
S006,2026-03-23,mobile,2433.0,225.0,0.083,56.0
S006,2026-03-30,mobile,2762.0,149.0,0.09,54.0
S006,2026-04-06,mobile,2643.0,222.0,0.03,55.0
S006,2026-04-13,mobile,2714.0,178.0,0.1,52.0
S006,2026-04-20,mobile,2757.0,236.0,0.08,48.0
S006,2026-04-27,mobile,2968.0,229.0,0.072,44.0
S006,2026-05-04,mobile,2744.0,198.0,0.111,49.0
S006,2026-05-11,mobile,2319.0,235.0,0.129,54.0
S006,2026-05-18,mobile,2405.0,187.0,0.105,58.0
S006,2026-05-25,mobile,2837.0,137.0,0.132,50.0
S006,2026-06-01,mobile,2576.0,138.0,0.087,59.0
S006,2026-06-08,mobile,2786.0,276.0,0.075,44.0
S006,2026-06-15,mobile,2626.0,180.0,0.109,53.0
S006,2026-06-22,mobile,2438.0,176.0,0.086,59.0
S006,2026-06-29,mobile,2346.0,284.0,0.121,50.0
S006,2026-07-06,mobile,2535.0,161.0,0.093,58.0
S006,2026-07-13,mobile,2569.0,90.0,0.065,65.0
S006,2026-07-20,mobile,2358.0,243.0,0.141,51.0
S006,2026-07-27,mobile,2465.0,142.0,0.122,59.0
S006,2026-08-03,mobile,2329.0,166.0,0.152,57.0
S006,2026-08-10,mobile,2460.0,214.0,0.052,58.0
S006,2026-08-17,mobile,2543.0,196.0,0.064,57.0
S006,2026-08-24,mobile,2498.0,107.0,0.004,70.0
S006,2026-08-31,mobile,2389.0,209.0,0.12,55.0
S006,2026-09-07,mobile,2483.0,252.0,0.056,54.0
S006,2026-09-14,mobile,2526.0,254.0,0.098,50.0
S006,2026-09-21,mobile,2450.0,188.0,0.113,56.0
S006,2026-09-28,mobile,2545.0,132.0,0.087,60.0
S006,2023-07-03,desktop,1807.0,61.0,0.117,80.0
S006,2023-07-10,desktop,1847.0,173.0,0.113,70.0
S006,2023-07-17,desktop,1604.0,139.0,0.014,87.0
S006,2023-07-24,desktop,1756.0,106.0,0.057,83.0
S006,2023-07-31,desktop,1990.0,59.0,0.101,78.0
S006,2023-08-07,desktop,1703.0,77.0,0.134,80.0
S006,2023-08-14,desktop,1956.0,160.0,0.044,75.0
S006,2023-08-21,desktop,1890.0,92.0,0.084,79.0
S006,2023-08-28,desktop,1679.0,104.0,0.066,84.0
S006,2023-09-04,desktop,1801.0,102.0,0.094,79.0
S006,2023-09-11,desktop,1656.0,113.0,0.08,82.0
S006,2023-09-18,desktop,1936.0,125.0,0.034,79.0
S006,2023-09-25,desktop,1500.0,110.0,0.028,90.0
S006,2023-10-02,desktop,1415.0,97.0,0.058,91.0
S006,2023-10-09,desktop,1906.0,51.0,0.097,81.0
S006,2023-10-16,desktop,1741.0,100.0,0.073,82.0
S006,2023-10-23,desktop,1612.0,128.0,0.087,82.0
S006,2023-10-30,desktop,1742.0,66.0,0.076,85.0
S006,2023-11-06,desktop,1708.0,214.0,0.069,74.0
S006,2023-11-13,desktop,1723.0,96.0,0.06,84.0
S006,2023-11-20,desktop,2081.0,131.0,0.113,69.0
S006,2023-11-27,desktop,1921.0,82.0,0.084,79.0
S006,2023-12-04,desktop,1778.0,93.0,0.05,84.0
S006,2023-12-11,desktop,2165.0,113.0,0.121,68.0
S006,2023-12-18,desktop,1533.0,119.0,0.04,88.0
S006,2023-12-25,desktop,1614.0,159.0,0.09,79.0
S006,2024-01-01,desktop,1820.0,144.0,0.073,77.0
S006,2024-01-08,desktop,1919.0,166.0,0.093,71.0
S006,2024-01-15,desktop,1711.0,70.0,0.058,86.0
S006,2024-01-22,desktop,1706.0,134.0,0.032,83.0
S006,2024-01-29,desktop,1462.0,103.0,0.024,92.0
S006,2024-02-05,desktop,1639.0,80.0,0.05,88.0
S006,2024-02-12,desktop,2001.0,82.0,0.005,83.0
S006,2024-02-19,desktop,1795.0,40.0,0.083,85.0
S006,2024-02-26,desktop,1863.0,183.0,0.113,69.0
S006,2024-03-04,desktop,1757.0,107.0,0.172,73.0
S006,2024-03-11,desktop,2049.0,95.0,0.087,75.0
S006,2024-03-18,desktop,1493.0,111.0,0.084,86.0
S006,2024-03-25,desktop,1942.0,40.0,0.04,85.0
S006,2024-04-01,desktop,1913.0,122.0,0.097,75.0
S006,2024-04-08,desktop,1731.0,64.0,0.075,85.0
S006,2024-04-15,desktop,1784.0,133.0,0.082,78.0
S006,2024-04-22,desktop,1750.0,122.0,0.069,80.0
S006,2024-04-29,desktop,1767.0,96.0,0.099,80.0
S006,2024-05-06,desktop,1844.0,88.0,0.11,78.0
S006,2024-05-13,desktop,1650.0,150.0,0.151,74.0
S006,2024-05-20,desktop,1958.0,157.0,0.08,72.0
S006,2024-05-27,desktop,1944.0,69.0,0.062,81.0
S006,2024-06-03,desktop,1928.0,128.0,0.02,80.0
S006,2024-06-10,desktop,2186.0,70.0,0.125,71.0
S006,2024-06-17,desktop,1602.0,107.0,0.077,84.0
S006,2024-06-24,desktop,1464.0,159.0,0.128,79.0
S006,2024-07-01,desktop,1605.0,94.0,0.164,78.0
S006,2024-07-08,desktop,2041.0,121.0,0.097,72.0
S006,2024-07-15,desktop,1564.0,148.0,0.039,85.0
S006,2024-07-22,desktop,1689.0,68.0,0.037,89.0
S006,2024-07-29,desktop,1555.0,139.0,0.092,82.0
S006,2024-08-05,desktop,1685.0,63.0,0.012,91.0
S006,2024-08-12,desktop,1925.0,146.0,0.134,69.0
S006,2024-08-19,desktop,1600.0,177.0,0.171,71.0
S006,2024-08-26,desktop,1704.0,88.0,0.085,83.0
S006,2024-09-02,desktop,1695.0,97.0,0.01,89.0
S006,2024-09-09,desktop,1545.0,86.0,0.132,83.0
S006,2024-09-16,desktop,1793.0,131.0,0.108,76.0
S006,2024-09-23,desktop,1583.0,145.0,0.149,76.0
S006,2024-09-30,desktop,1728.0,105.0,0.084,81.0
S006,2024-10-07,desktop,1769.0,49.0,0.042,88.0
S006,2024-10-14,desktop,1848.0,40.0,0.044,87.0
S006,2024-10-21,desktop,1844.0,125.0,0.138,73.0
S006,2024-10-28,desktop,1463.0,113.0,0.072,87.0
S006,2024-11-04,desktop,1526.0,161.0,0.037,85.0
S006,2024-11-11,desktop,1505.0,75.0,0.11,86.0
S006,2024-11-18,desktop,1575.0,63.0,0.002,95.0
S006,2024-11-25,desktop,1864.0,96.0,0.081,79.0
S006,2024-12-02,desktop,1429.0,138.0,0.171,78.0
S006,2024-12-09,desktop,1821.0,146.0,0.081,76.0
S006,2024-12-16,desktop,1475.0,115.0,0.05,89.0
S006,2024-12-23,desktop,1692.0,75.0,0.006,91.0
S006,2024-12-30,desktop,1700.0,99.0,0.116,80.0
S006,2025-01-06,desktop,1514.0,66.0,0.082,89.0
S006,2025-01-13,desktop,1784.0,140.0,0.096,76.0
S006,2025-01-20,desktop,1463.0,112.0,0.054,89.0
S006,2025-01-27,desktop,1479.0,79.0,0.0,96.0
S006,2025-02-03,desktop,1536.0,90.0,0.041,90.0
S006,2025-02-10,desktop,1907.0,141.0,0.089,74.0
S006,2025-02-17,desktop,1676.0,109.0,0.049,85.0
S006,2025-02-24,desktop,1521.0,116.0,0.068,86.0
S006,2025-03-03,desktop,1554.0,173.0,0.066,81.0
S006,2025-03-10,desktop,1544.0,40.0,0.126,87.0
S006,2025-03-17,desktop,1689.0,104.0,0.038,86.0
S006,2025-03-24,desktop,1722.0,138.0,0.179,71.0
S006,2025-03-31,desktop,1812.0,142.0,0.082,76.0
S006,2025-04-07,desktop,1823.0,48.0,0.04,87.0
S006,2025-04-14,desktop,1229.0,88.0,0.135,90.0
S006,2025-04-21,desktop,1564.0,49.0,0.018,95.0
S006,2025-04-28,desktop,1571.0,166.0,0.12,77.0
S006,2025-05-05,desktop,1937.0,93.0,0.052,80.0
S006,2025-05-12,desktop,1830.0,98.0,0.072,80.0
S006,2025-05-19,desktop,1595.0,149.0,0.126,77.0
S006,2025-05-26,desktop,1606.0,40.0,0.061,91.0
S006,2025-06-02,desktop,1369.0,107.0,0.086,89.0
S006,2025-06-09,desktop,1564.0,74.0,0.124,84.0
S006,2025-06-16,desktop,1316.0,123.0,0.113,86.0
S006,2025-06-23,desktop,1906.0,55.0,0.055,84.0
S006,2025-06-30,desktop,1626.0,147.0,0.096,79.0
S006,2025-07-07,desktop,1665.0,132.0,0.041,84.0
S006,2025-07-14,desktop,1765.0,80.0,0.103,81.0
S006,2025-07-21,desktop,1691.0,126.0,0.081,80.0
S006,2025-07-28,desktop,1894.0,40.0,0.104,81.0
S006,2025-08-04,desktop,1325.0,54.0,0.096,93.0
S006,2025-08-11,desktop,1745.0,98.0,0.0,88.0
S006,2025-08-18,desktop,1742.0,40.0,0.036,90.0
S006,2025-08-25,desktop,1450.0,121.0,0.116,83.0
S006,2025-09-01,desktop,1335.0,138.0,0.067,88.0
S006,2025-09-08,desktop,1702.0,182.0,0.111,73.0
S006,2025-09-15,desktop,1290.0,40.0,0.159,90.0
S006,2025-09-22,desktop,1544.0,64.0,0.062,90.0
S006,2025-09-29,desktop,1508.0,118.0,0.046,88.0
S006,2025-10-06,desktop,1386.0,65.0,0.065,94.0
S006,2025-10-13,desktop,1842.0,89.0,0.021,85.0
S006,2025-10-20,desktop,1418.0,124.0,0.013,92.0
S006,2025-10-27,desktop,1436.0,121.0,0.159,80.0
S006,2025-11-03,desktop,1563.0,104.0,0.085,85.0
S006,2025-11-10,desktop,1640.0,198.0,0.111,73.0
S006,2025-11-17,desktop,1574.0,140.0,0.088,81.0
S006,2025-11-24,desktop,1744.0,69.0,0.075,85.0
S006,2025-12-01,desktop,1640.0,114.0,0.089,82.0
S006,2025-12-08,desktop,1459.0,104.0,0.033,91.0
S006,2025-12-15,desktop,1389.0,96.0,0.0,96.0
S006,2025-12-22,desktop,1438.0,85.0,0.046,92.0
S006,2025-12-29,desktop,1596.0,58.0,0.044,91.0
S006,2026-01-05,desktop,1273.0,222.0,0.075,82.0
S006,2026-01-12,desktop,1865.0,119.0,0.151,72.0
S006,2026-01-19,desktop,1654.0,134.0,0.093,80.0
S006,2026-01-26,desktop,1416.0,40.0,0.129,90.0
S006,2026-02-02,desktop,1645.0,135.0,0.089,80.0
S006,2026-02-09,desktop,1385.0,65.0,0.108,90.0
S006,2026-02-16,desktop,1565.0,48.0,0.138,85.0
S006,2026-02-23,desktop,1716.0,78.0,0.116,81.0
S006,2026-03-02,desktop,1420.0,89.0,0.091,89.0
S006,2026-03-09,desktop,1413.0,91.0,0.035,93.0
S006,2026-03-16,desktop,1645.0,149.0,0.086,79.0
S006,2026-03-23,desktop,1607.0,108.0,0.146,79.0
S006,2026-03-30,desktop,1875.0,127.0,0.058,78.0
S006,2026-04-06,desktop,1418.0,91.0,0.088,89.0
S006,2026-04-13,desktop,1693.0,78.0,0.061,86.0
S006,2026-04-20,desktop,1390.0,58.0,0.11,90.0
S006,2026-04-27,desktop,1895.0,197.0,0.109,68.0
S006,2026-05-04,desktop,1406.0,138.0,0.065,87.0
S006,2026-05-11,desktop,1417.0,93.0,0.17,82.0
S006,2026-05-18,desktop,1428.0,48.0,0.057,95.0
S006,2026-05-25,desktop,1490.0,121.0,0.147,80.0
S006,2026-06-01,desktop,1569.0,158.0,0.079,81.0
S006,2026-06-08,desktop,1646.0,140.0,0.069,81.0
S006,2026-06-15,desktop,1456.0,105.0,0.106,85.0
S006,2026-06-22,desktop,1643.0,122.0,0.083,82.0
S006,2026-06-29,desktop,1796.0,113.0,0.061,81.0
S006,2026-07-06,desktop,1600.0,85.0,0.088,85.0
S006,2026-07-13,desktop,1792.0,40.0,0.121,82.0
S006,2026-07-20,desktop,1319.0,137.0,0.094,87.0
S006,2026-07-27,desktop,1549.0,130.0,0.137,79.0
S006,2026-08-03,desktop,1410.0,131.0,0.052,89.0
S006,2026-08-10,desktop,1190.0,119.0,0.062,94.0
S006,2026-08-17,desktop,1368.0,135.0,0.128,83.0
S006,2026-08-24,desktop,1129.0,40.0,0.044,100.0
S006,2026-08-31,desktop,1869.0,104.0,0.125,75.0
S006,2026-09-07,desktop,1367.0,98.0,0.12,87.0
S006,2026-09-14,desktop,1555.0,93.0,0.082,86.0
S006,2026-09-21,desktop,1489.0,127.0,0.078,85.0
S006,2026-09-28,desktop,1397.0,145.0,0.065,87.0
S007,2023-07-03,mobile,2236.0,124.0,0.05,71.0
S007,2023-07-10,mobile,2528.0,253.0,0.099,50.0
S007,2023-07-17,mobile,2459.0,272.0,0.024,56.0
S007,2023-07-24,mobile,2344.0,185.0,0.05,64.0
S007,2023-07-31,mobile,2064.0,220.0,0.044,67.0
S007,2023-08-07,mobile,2441.0,308.0,0.143,44.0
S007,2023-08-14,mobile,2482.0,219.0,0.084,55.0
S007,2023-08-21,mobile,2415.0,159.0,0.076,62.0
S007,2023-08-28,mobile,2145.0,266.0,0.108,57.0
S007,2023-09-04,mobile,2192.0,130.0,0.07,70.0
S007,2023-09-11,mobile,2625.0,216.0,0.061,54.0
S007,2023-09-18,mobile,2643.0,169.0,0.118,53.0
S007,2023-09-25,mobile,2408.0,279.0,0.082,52.0
S007,2023-10-02,mobile,2350.0,117.0,0.079,67.0
S007,2023-10-09,mobile,2313.0,187.0,0.058,63.0
S007,2023-10-16,mobile,2206.0,222.0,0.03,65.0
S007,2023-10-23,mobile,2232.0,191.0,0.142,58.0
S007,2023-10-30,mobile,2337.0,197.0,0.078,60.0
S007,2023-11-06,mobile,2245.0,173.0,0.114,62.0
S007,2023-11-13,mobile,1939.0,166.0,0.088,71.0
S007,2023-11-20,mobile,2250.0,136.0,0.093,66.0
S007,2023-11-27,mobile,2352.0,121.0,0.095,65.0
S007,2023-12-04,mobile,2209.0,190.0,0.114,61.0
S007,2023-12-11,mobile,2181.0,235.0,0.082,60.0
S007,2023-12-18,mobile,2396.0,234.0,0.042,59.0
S007,2023-12-25,mobile,2308.0,226.0,0.107,56.0
S007,2024-01-01,mobile,2428.0,112.0,0.161,59.0
S007,2024-01-08,mobile,2398.0,206.0,0.05,61.0
S007,2024-01-15,mobile,2427.0,213.0,0.106,55.0
S007,2024-01-22,mobile,2477.0,187.0,0.075,58.0
S007,2024-01-29,mobile,2194.0,163.0,0.077,66.0
S007,2024-02-05,mobile,2339.0,251.0,0.037,59.0
S007,2024-02-12,mobile,2183.0,229.0,0.031,65.0
S007,2024-02-19,mobile,2214.0,192.0,0.038,67.0
S007,2024-02-26,mobile,2381.0,191.0,0.067,61.0
S007,2024-03-04,mobile,2478.0,195.0,0.058,59.0
S007,2024-03-11,mobile,1976.0,244.0,0.046,67.0
S007,2024-03-18,mobile,1781.0,158.0,0.056,78.0
S007,2024-03-25,mobile,2577.0,175.0,0.081,57.0
S007,2024-04-01,mobile,2563.0,156.0,0.046,61.0
S007,2024-04-08,mobile,2171.0,263.0,0.09,58.0
S007,2024-04-15,mobile,2269.0,225.0,0.12,56.0
S007,2024-04-22,mobile,2150.0,313.0,0.125,51.0
S007,2024-04-29,mobile,2385.0,218.0,0.119,54.0
S007,2024-05-06,mobile,2288.0,265.0,0.038,59.0
S007,2024-05-13,mobile,2123.0,142.0,0.131,65.0
S007,2024-05-20,mobile,2697.0,162.0,0.087,55.0
S007,2024-05-27,mobile,2094.0,297.0,0.022,62.0
S007,2024-06-03,mobile,2455.0,174.0,0.034,63.0
S007,2024-06-10,mobile,2034.0,234.0,0.127,60.0
S007,2024-06-17,mobile,2136.0,206.0,0.057,66.0
S007,2024-06-24,mobile,1839.0,216.0,0.011,75.0
S007,2024-07-01,mobile,2248.0,214.0,0.053,63.0
S007,2024-07-08,mobile,1895.0,137.0,0.097,74.0
S007,2024-07-15,mobile,2014.0,268.0,0.111,59.0
S007,2024-07-22,mobile,2094.0,163.0,0.067,70.0
S007,2024-07-29,mobile,2364.0,185.0,0.144,56.0
S007,2024-08-05,mobile,2279.0,178.0,0.003,69.0
S007,2024-08-12,mobile,2261.0,171.0,0.03,68.0
S007,2024-08-19,mobile,2181.0,221.0,0.149,56.0
S007,2024-08-26,mobile,2215.0,187.0,0.091,63.0
S007,2024-09-02,mobile,2265.0,196.0,0.03,66.0
S007,2024-09-09,mobile,1798.0,149.0,0.101,75.0
S007,2024-09-16,mobile,2348.0,184.0,0.074,62.0
S007,2024-09-23,mobile,2490.0,178.0,0.049,61.0
S007,2024-09-30,mobile,2349.0,187.0,0.06,62.0
S007,2024-10-07,mobile,2206.0,138.0,0.112,66.0
S007,2024-10-14,mobile,2074.0,191.0,0.007,72.0
S007,2024-10-21,mobile,2098.0,256.0,0.029,65.0
S007,2024-10-28,mobile,2109.0,190.0,0.019,71.0
S007,2024-11-04,mobile,2175.0,94.0,0.104,71.0
S007,2024-11-11,mobile,2002.0,148.0,0.114,69.0
S007,2024-11-18,mobile,2045.0,188.0,0.105,66.0
S007,2024-11-25,mobile,1951.0,166.0,0.108,69.0
S007,2024-12-02,mobile,2103.0,225.0,0.0,70.0
S007,2024-12-09,mobile,2202.0,170.0,0.097,64.0
S007,2024-12-16,mobile,1950.0,192.0,0.103,67.0
S007,2024-12-23,mobile,1932.0,199.0,0.068,70.0
S007,2024-12-30,mobile,1950.0,147.0,0.081,73.0
S007,2025-01-06,mobile,1985.0,137.0,0.102,71.0
S007,2025-01-13,mobile,2032.0,206.0,0.1,65.0
S007,2025-01-20,mobile,2256.0,201.0,0.139,57.0
S007,2025-01-27,mobile,2084.0,136.0,0.0,77.0
S007,2025-02-03,mobile,2102.0,215.0,0.059,66.0
S007,2025-02-10,mobile,2299.0,186.0,0.067,63.0
S007,2025-02-17,mobile,1779.0,162.0,0.134,71.0
S007,2025-02-24,mobile,1882.0,172.0,0.154,66.0
S007,2025-03-03,mobile,2270.0,258.0,0.079,57.0
S007,2025-03-10,mobile,1895.0,291.0,0.108,60.0
S007,2025-03-17,mobile,2065.0,263.0,0.099,59.0
S007,2025-03-24,mobile,2200.0,228.0,0.067,62.0
S007,2025-03-31,mobile,2049.0,240.0,0.107,61.0
S007,2025-04-07,mobile,2332.0,214.0,0.134,55.0
S007,2025-04-14,mobile,2137.0,224.0,0.072,63.0
S007,2025-04-21,mobile,2329.0,236.0,0.14,52.0
S007,2025-04-28,mobile,1953.0,179.0,0.08,70.0
S007,2025-05-05,mobile,2015.0,160.0,0.033,74.0
S007,2025-05-12,mobile,2209.0,185.0,0.136,60.0
S007,2025-05-19,mobile,2401.0,112.0,0.131,62.0
S007,2025-05-26,mobile,2164.0,241.0,0.103,59.0
S007,2025-06-02,mobile,2087.0,189.0,0.003,73.0
S007,2025-06-09,mobile,2168.0,232.0,0.052,63.0
S007,2025-06-16,mobile,1980.0,205.0,0.125,64.0
S007,2025-06-23,mobile,2110.0,237.0,0.06,64.0
S007,2025-06-30,mobile,2272.0,206.0,0.114,58.0
S007,2025-07-07,mobile,2128.0,154.0,0.106,66.0
S007,2025-07-14,mobile,1889.0,171.0,0.162,66.0
S007,2025-07-21,mobile,1916.0,165.0,0.139,68.0
S007,2025-07-28,mobile,1988.0,104.0,0.05,78.0
S007,2025-08-04,mobile,2046.0,161.0,0.13,66.0
S007,2025-08-11,mobile,1846.0,202.0,0.079,71.0
S007,2025-08-18,mobile,1814.0,240.0,0.155,62.0
S007,2025-08-25,mobile,1878.0,203.0,0.031,74.0
S007,2025-09-01,mobile,2132.0,207.0,0.082,64.0
S007,2025-09-08,mobile,1898.0,234.0,0.044,70.0
S007,2025-09-15,mobile,2089.0,211.0,0.061,66.0
S007,2025-09-22,mobile,2235.0,229.0,0.0,66.0
S007,2025-09-29,mobile,2015.0,211.0,0.074,67.0
S007,2025-10-06,mobile,1744.0,161.0,0.101,75.0
S007,2025-10-13,mobile,2311.0,188.0,0.02,66.0
S007,2025-10-20,mobile,1863.0,210.0,0.103,68.0
S007,2025-10-27,mobile,1641.0,145.0,0.08,80.0
S007,2025-11-03,mobile,2390.0,155.0,0.106,61.0
S007,2025-11-10,mobile,1948.0,189.0,0.054,72.0
S007,2025-11-17,mobile,1342.0,213.0,0.072,82.0
S007,2025-11-24,mobile,1817.0,151.0,0.154,70.0
S007,2025-12-01,mobile,1969.0,179.0,0.1,68.0
S007,2025-12-08,mobile,2004.0,262.0,0.071,63.0
S007,2025-12-15,mobile,1650.0,149.0,0.049,82.0
S007,2025-12-22,mobile,1759.0,206.0,0.119,69.0
S007,2025-12-29,mobile,2028.0,206.0,0.058,68.0
S007,2026-01-05,mobile,1826.0,194.0,0.087,71.0
S007,2026-01-12,mobile,1958.0,129.0,0.108,72.0
S007,2026-01-19,mobile,1601.0,234.0,0.118,70.0
S007,2026-01-26,mobile,2387.0,212.0,0.172,51.0
S007,2026-02-02,mobile,1716.0,171.0,0.148,71.0
S007,2026-02-09,mobile,1890.0,123.0,0.058,78.0
S007,2026-02-16,mobile,1795.0,140.0,0.121,74.0
S007,2026-02-23,mobile,1802.0,165.0,0.12,72.0
S007,2026-03-02,mobile,1878.0,235.0,0.079,67.0
S007,2026-03-09,mobile,1746.0,271.0,0.064,69.0
S007,2026-03-16,mobile,2160.0,312.0,0.051,57.0
S007,2026-03-23,mobile,1894.0,234.0,0.013,72.0
S007,2026-03-30,mobile,1854.0,131.0,0.089,76.0
S007,2026-04-06,mobile,2211.0,213.0,0.13,58.0
S007,2026-04-13,mobile,1506.0,212.0,0.122,74.0
S007,2026-04-20,mobile,1845.0,199.0,0.045,74.0
S007,2026-04-27,mobile,1942.0,193.0,0.027,74.0
S007,2026-05-04,mobile,2040.0,250.0,0.118,59.0
S007,2026-05-11,mobile,2031.0,176.0,0.064,70.0
S007,2026-05-18,mobile,1899.0,248.0,0.023,70.0
S007,2026-05-25,mobile,1804.0,229.0,0.032,73.0
S007,2026-06-01,mobile,1811.0,213.0,0.052,73.0
S007,2026-06-08,mobile,1983.0,138.0,0.082,73.0
S007,2026-06-15,mobile,1989.0,240.0,0.058,66.0
S007,2026-06-22,mobile,1755.0,180.0,0.089,74.0
S007,2026-06-29,mobile,1710.0,181.0,0.065,77.0
S007,2026-07-06,mobile,1732.0,206.0,0.093,72.0
S007,2026-07-13,mobile,1530.0,196.0,0.148,73.0
S007,2026-07-20,mobile,2122.0,168.0,0.099,66.0
S007,2026-07-27,mobile,1903.0,272.0,0.127,60.0
S007,2026-08-03,mobile,1747.0,234.0,0.03,74.0
S007,2026-08-10,mobile,1757.0,172.0,0.068,76.0
S007,2026-08-17,mobile,1800.0,249.0,0.056,70.0
S007,2026-08-24,mobile,2083.0,247.0,0.156,56.0
S007,2026-08-31,mobile,1932.0,127.0,0.142,70.0
S007,2026-09-07,mobile,1439.0,243.0,0.06,78.0
S007,2026-09-14,mobile,1728.0,202.0,0.094,72.0
S007,2026-09-21,mobile,1667.0,235.0,0.0,78.0
S007,2026-09-28,mobile,2150.0,225.0,0.065,63.0
S007,2023-07-03,desktop,1457.0,199.0,0.02,84.0
S007,2023-07-10,desktop,1442.0,152.0,0.064,85.0
S007,2023-07-17,desktop,1345.0,110.0,0.146,84.0
S007,2023-07-24,desktop,1015.0,81.0,0.128,95.0
S007,2023-07-31,desktop,1379.0,64.0,0.204,83.0
S007,2023-08-07,desktop,1079.0,163.0,0.118,88.0
S007,2023-08-14,desktop,1204.0,114.0,0.142,87.0
S007,2023-08-21,desktop,1134.0,113.0,0.056,96.0
S007,2023-08-28,desktop,1130.0,111.0,0.033,98.0
S007,2023-09-04,desktop,1313.0,143.0,0.051,90.0
S007,2023-09-11,desktop,1308.0,154.0,0.02,92.0
S007,2023-09-18,desktop,1154.0,95.0,0.049,97.0
S007,2023-09-25,desktop,1496.0,134.0,0.062,86.0
S007,2023-10-02,desktop,1229.0,174.0,0.105,85.0
S007,2023-10-09,desktop,1234.0,99.0,0.025,97.0
S007,2023-10-16,desktop,1221.0,133.0,0.086,90.0
S007,2023-10-23,desktop,1262.0,121.0,0.094,89.0
S007,2023-10-30,desktop,1544.0,206.0,0.128,73.0
S007,2023-11-06,desktop,1558.0,103.0,0.11,83.0
S007,2023-11-13,desktop,1400.0,123.0,0.067,88.0
S007,2023-11-20,desktop,1540.0,88.0,0.102,85.0
S007,2023-11-27,desktop,1076.0,201.0,0.081,88.0
S007,2023-12-04,desktop,1176.0,98.0,0.061,96.0
S007,2023-12-11,desktop,1309.0,134.0,0.123,85.0
S007,2023-12-18,desktop,1164.0,151.0,0.129,86.0
S007,2023-12-25,desktop,1157.0,101.0,0.04,98.0
S007,2024-01-01,desktop,1434.0,179.0,0.012,87.0
S007,2024-01-08,desktop,979.0,138.0,0.047,98.0
S007,2024-01-15,desktop,988.0,109.0,0.171,90.0
S007,2024-01-22,desktop,1203.0,133.0,0.111,88.0
S007,2024-01-29,desktop,1141.0,182.0,0.133,84.0
S007,2024-02-05,desktop,1162.0,111.0,0.12,90.0
S007,2024-02-12,desktop,1154.0,68.0,0.043,100.0
S007,2024-02-19,desktop,1036.0,82.0,0.081,99.0
S007,2024-02-26,desktop,1331.0,137.0,0.093,87.0
S007,2024-03-04,desktop,1126.0,104.0,0.117,92.0
S007,2024-03-11,desktop,1483.0,85.0,0.037,92.0
S007,2024-03-18,desktop,1358.0,85.0,0.099,90.0
S007,2024-03-25,desktop,1562.0,84.0,0.148,82.0
S007,2024-04-01,desktop,1346.0,171.0,0.077,85.0
S007,2024-04-08,desktop,1463.0,66.0,0.085,90.0
S007,2024-04-15,desktop,1573.0,64.0,0.003,94.0
S007,2024-04-22,desktop,1395.0,40.0,0.131,90.0
S007,2024-04-29,desktop,1716.0,112.0,0.141,76.0
S007,2024-05-06,desktop,1327.0,140.0,0.104,86.0
S007,2024-05-13,desktop,1161.0,151.0,0.168,83.0
S007,2024-05-20,desktop,1636.0,40.0,0.007,95.0
S007,2024-05-27,desktop,1282.0,70.0,0.065,96.0
S007,2024-06-03,desktop,1295.0,122.0,0.096,88.0
S007,2024-06-10,desktop,1150.0,40.0,0.097,98.0
S007,2024-06-17,desktop,1286.0,105.0,0.077,92.0
S007,2024-06-24,desktop,1496.0,163.0,0.063,83.0
S007,2024-07-01,desktop,1095.0,58.0,0.055,100.0
S007,2024-07-08,desktop,1063.0,122.0,0.134,91.0
S007,2024-07-15,desktop,1269.0,82.0,0.074,94.0
S007,2024-07-22,desktop,1071.0,134.0,0.046,96.0
S007,2024-07-29,desktop,1010.0,97.0,0.048,100.0
S007,2024-08-05,desktop,1280.0,58.0,0.085,95.0
S007,2024-08-12,desktop,1318.0,83.0,0.083,92.0
S007,2024-08-19,desktop,1271.0,134.0,0.079,89.0
S007,2024-08-26,desktop,1540.0,146.0,0.122,79.0
S007,2024-09-02,desktop,1078.0,143.0,0.059,94.0
S007,2024-09-09,desktop,1162.0,49.0,0.005,100.0
S007,2024-09-16,desktop,1281.0,137.0,0.105,87.0
S007,2024-09-23,desktop,1260.0,151.0,0.156,82.0
S007,2024-09-30,desktop,912.0,150.0,0.07,97.0
S007,2024-10-07,desktop,1291.0,212.0,0.084,82.0
S007,2024-10-14,desktop,1176.0,83.0,0.057,97.0
S007,2024-10-21,desktop,1189.0,140.0,0.055,93.0
S007,2024-10-28,desktop,1445.0,100.0,0.044,91.0
S007,2024-11-04,desktop,1074.0,40.0,0.105,99.0
S007,2024-11-11,desktop,1364.0,40.0,0.078,95.0
S007,2024-11-18,desktop,1223.0,118.0,0.058,93.0
S007,2024-11-25,desktop,1276.0,133.0,0.14,84.0
S007,2024-12-02,desktop,998.0,137.0,0.093,94.0
S007,2024-12-09,desktop,1322.0,134.0,0.034,92.0
S007,2024-12-16,desktop,1469.0,94.0,0.054,90.0
S007,2024-12-23,desktop,1612.0,145.0,0.171,73.0
S007,2024-12-30,desktop,1405.0,116.0,0.106,86.0
S007,2025-01-06,desktop,1378.0,123.0,0.063,89.0
S007,2025-01-13,desktop,1249.0,61.0,0.133,91.0
S007,2025-01-20,desktop,1290.0,142.0,0.131,84.0
S007,2025-01-27,desktop,1332.0,56.0,0.151,89.0
S007,2025-02-03,desktop,1034.0,70.0,0.029,100.0
S007,2025-02-10,desktop,1099.0,82.0,0.134,93.0
S007,2025-02-17,desktop,1177.0,98.0,0.147,89.0
S007,2025-02-24,desktop,1327.0,130.0,0.047,91.0
S007,2025-03-03,desktop,1027.0,187.0,0.055,92.0
S007,2025-03-10,desktop,1599.0,93.0,0.055,87.0
S007,2025-03-17,desktop,1335.0,88.0,0.022,96.0
S007,2025-03-24,desktop,1084.0,114.0,0.104,93.0
S007,2025-03-31,desktop,1072.0,91.0,0.051,100.0
S007,2025-04-07,desktop,1174.0,193.0,0.133,82.0
S007,2025-04-14,desktop,700.0,143.0,0.151,95.0
S007,2025-04-21,desktop,852.0,107.0,0.085,100.0
S007,2025-04-28,desktop,1174.0,40.0,0.118,96.0
S007,2025-05-05,desktop,1407.0,79.0,0.063,92.0
S007,2025-05-12,desktop,1222.0,121.0,0.05,94.0
S007,2025-05-19,desktop,1171.0,147.0,0.142,85.0
S007,2025-05-26,desktop,1234.0,118.0,0.067,92.0
S007,2025-06-02,desktop,1276.0,118.0,0.104,89.0
S007,2025-06-09,desktop,1071.0,94.0,0.135,93.0
S007,2025-06-16,desktop,1129.0,80.0,0.14,92.0
S007,2025-06-23,desktop,839.0,40.0,0.036,100.0
S007,2025-06-30,desktop,1180.0,136.0,0.061,93.0
S007,2025-07-07,desktop,1818.0,177.0,0.117,71.0
S007,2025-07-14,desktop,1055.0,90.0,0.142,93.0
S007,2025-07-21,desktop,818.0,184.0,0.059,97.0
S007,2025-07-28,desktop,1134.0,140.0,0.148,86.0
S007,2025-08-04,desktop,1668.0,49.0,0.111,85.0
S007,2025-08-11,desktop,1007.0,101.0,0.079,98.0
S007,2025-08-18,desktop,1229.0,71.0,0.124,92.0
S007,2025-08-25,desktop,1132.0,129.0,0.127,89.0
S007,2025-09-01,desktop,973.0,116.0,0.171,90.0
S007,2025-09-08,desktop,1093.0,120.0,0.075,95.0
S007,2025-09-15,desktop,1276.0,114.0,0.045,94.0
S007,2025-09-22,desktop,1224.0,99.0,0.126,89.0
S007,2025-09-29,desktop,1266.0,115.0,0.032,95.0
S007,2025-10-06,desktop,1305.0,103.0,0.174,83.0
S007,2025-10-13,desktop,1043.0,102.0,0.045,100.0
S007,2025-10-20,desktop,993.0,68.0,0.133,97.0
S007,2025-10-27,desktop,1146.0,46.0,0.073,100.0
S007,2025-11-03,desktop,1118.0,78.0,0.05,100.0
S007,2025-11-10,desktop,909.0,117.0,0.074,99.0
S007,2025-11-17,desktop,1414.0,118.0,0.055,89.0
S007,2025-11-24,desktop,1361.0,152.0,0.076,86.0
S007,2025-12-01,desktop,1119.0,172.0,0.078,90.0
S007,2025-12-08,desktop,1354.0,76.0,0.051,94.0
S007,2025-12-15,desktop,1330.0,129.0,0.091,87.0
S007,2025-12-22,desktop,700.0,170.0,0.092,98.0
S007,2025-12-29,desktop,1182.0,136.0,0.068,92.0
S007,2026-01-05,desktop,1173.0,138.0,0.033,95.0
S007,2026-01-12,desktop,1223.0,79.0,0.136,90.0
S007,2026-01-19,desktop,1161.0,121.0,0.068,94.0
S007,2026-01-26,desktop,1162.0,79.0,0.08,96.0
S007,2026-02-02,desktop,1014.0,169.0,0.092,91.0
S007,2026-02-09,desktop,1233.0,77.0,0.079,95.0
S007,2026-02-16,desktop,1197.0,68.0,0.026,100.0
S007,2026-02-23,desktop,1160.0,85.0,0.121,92.0
S007,2026-03-02,desktop,951.0,164.0,0.131,90.0
S007,2026-03-09,desktop,894.0,156.0,0.095,95.0
S007,2026-03-16,desktop,1227.0,114.0,0.039,95.0
S007,2026-03-23,desktop,1241.0,126.0,0.0,97.0
S007,2026-03-30,desktop,1346.0,98.0,0.055,93.0
S007,2026-04-06,desktop,1356.0,112.0,0.07,90.0
S007,2026-04-13,desktop,1260.0,97.0,0.105,91.0
S007,2026-04-20,desktop,1464.0,64.0,0.05,93.0
S007,2026-04-27,desktop,1125.0,122.0,0.108,91.0
S007,2026-05-04,desktop,1170.0,106.0,0.123,90.0
S007,2026-05-11,desktop,1360.0,154.0,0.099,84.0
S007,2026-05-18,desktop,980.0,53.0,0.104,100.0
S007,2026-05-25,desktop,1087.0,81.0,0.059,99.0
S007,2026-06-01,desktop,1073.0,87.0,0.019,100.0
S007,2026-06-08,desktop,1435.0,103.0,0.053,90.0
S007,2026-06-15,desktop,896.0,79.0,0.101,100.0
S007,2026-06-22,desktop,1210.0,121.0,0.148,86.0
S007,2026-06-29,desktop,1562.0,67.0,0.109,86.0
S007,2026-07-06,desktop,1139.0,40.0,0.164,93.0
S007,2026-07-13,desktop,1308.0,84.0,0.032,96.0
S007,2026-07-20,desktop,1184.0,70.0,0.082,96.0
S007,2026-07-27,desktop,1303.0,179.0,0.009,90.0
S007,2026-08-03,desktop,1319.0,122.0,0.021,94.0
S007,2026-08-10,desktop,1291.0,133.0,0.061,90.0
S007,2026-08-17,desktop,1222.0,124.0,0.063,92.0
S007,2026-08-24,desktop,947.0,105.0,0.052,100.0
S007,2026-08-31,desktop,1039.0,82.0,0.016,100.0
S007,2026-09-07,desktop,1426.0,150.0,0.117,81.0
S007,2026-09-14,desktop,1285.0,117.0,0.058,92.0
S007,2026-09-21,desktop,1095.0,40.0,0.042,100.0
S007,2026-09-28,desktop,1000.0,108.0,0.101,96.0
S008,2023-07-03,mobile,2531.0,184.0,0.091,56.0
S008,2023-07-10,mobile,2623.0,153.0,0.122,54.0
S008,2023-07-17,mobile,2330.0,235.0,0.139,53.0
S008,2023-07-24,mobile,2540.0,201.0,0.136,51.0
S008,2023-07-31,mobile,2469.0,202.0,0.033,61.0
S008,2023-08-07,mobile,2317.0,216.0,0.043,62.0
S008,2023-08-14,mobile,2213.0,258.0,0.07,59.0
S008,2023-08-21,mobile,2459.0,216.0,0.063,57.0
S008,2023-08-28,mobile,2288.0,193.0,0.054,64.0
S008,2023-09-04,mobile,2130.0,180.0,0.081,66.0
S008,2023-09-11,mobile,2055.0,143.0,0.117,68.0
S008,2023-09-18,mobile,2266.0,241.0,0.065,59.0
S008,2023-09-25,mobile,2621.0,180.0,0.066,56.0
S008,2023-10-02,mobile,2029.0,188.0,0.1,66.0
S008,2023-10-09,mobile,2795.0,220.0,0.136,44.0
S008,2023-10-16,mobile,2467.0,133.0,0.13,59.0
S008,2023-10-23,mobile,2523.0,111.0,0.044,66.0
S008,2023-10-30,mobile,2478.0,266.0,0.062,53.0
S008,2023-11-06,mobile,2331.0,182.0,0.043,65.0
S008,2023-11-13,mobile,2526.0,187.0,0.094,56.0
S008,2023-11-20,mobile,2458.0,204.0,0.099,55.0
S008,2023-11-27,mobile,2504.0,135.0,0.07,62.0
S008,2023-12-04,mobile,2366.0,114.0,0.13,63.0
S008,2023-12-11,mobile,2462.0,161.0,0.065,62.0
S008,2023-12-18,mobile,2273.0,221.0,0.057,62.0
S008,2023-12-25,mobile,2206.0,170.0,0.153,60.0
S008,2024-01-01,mobile,2313.0,159.0,0.041,67.0
S008,2024-01-08,mobile,2034.0,166.0,0.031,74.0
S008,2024-01-15,mobile,2404.0,196.0,0.0,65.0
S008,2024-01-22,mobile,2007.0,139.0,0.042,75.0
S008,2024-01-29,mobile,2367.0,264.0,0.03,58.0
S008,2024-02-05,mobile,2197.0,226.0,0.036,64.0
S008,2024-02-12,mobile,2351.0,180.0,0.032,65.0
S008,2024-02-19,mobile,2490.0,249.0,0.085,52.0
S008,2024-02-26,mobile,2521.0,247.0,0.004,58.0
S008,2024-03-04,mobile,2452.0,101.0,0.022,70.0
S008,2024-03-11,mobile,2353.0,185.0,0.065,62.0
S008,2024-03-18,mobile,2227.0,209.0,0.049,64.0
S008,2024-03-25,mobile,2199.0,155.0,0.048,69.0
S008,2024-04-01,mobile,2409.0,120.0,0.02,70.0
S008,2024-04-08,mobile,2348.0,133.0,0.052,68.0
S008,2024-04-15,mobile,2187.0,114.0,0.076,71.0
S008,2024-04-22,mobile,2117.0,192.0,0.133,61.0
S008,2024-04-29,mobile,2360.0,300.0,0.077,51.0
S008,2024-05-06,mobile,2518.0,174.0,0.167,51.0
S008,2024-05-13,mobile,2249.0,171.0,0.092,63.0
S008,2024-05-20,mobile,2385.0,249.0,0.06,56.0
S008,2024-05-27,mobile,2460.0,224.0,0.084,55.0
S008,2024-06-03,mobile,2364.0,229.0,0.038,60.0
S008,2024-06-10,mobile,2267.0,286.0,0.069,55.0
S008,2024-06-17,mobile,2071.0,209.0,0.09,64.0
S008,2024-06-24,mobile,2218.0,192.0,0.065,64.0
S008,2024-07-01,mobile,2313.0,104.0,0.141,64.0
S008,2024-07-08,mobile,2296.0,171.0,0.0,70.0
S008,2024-07-15,mobile,2374.0,181.0,0.115,58.0
S008,2024-07-22,mobile,2328.0,101.0,0.077,69.0
S008,2024-07-29,mobile,2196.0,132.0,0.116,66.0
S008,2024-08-05,mobile,2430.0,88.0,0.108,65.0
S008,2024-08-12,mobile,2664.0,131.0,0.012,64.0
S008,2024-08-19,mobile,2053.0,164.0,0.047,72.0
S008,2024-08-26,mobile,2398.0,147.0,0.029,67.0
S008,2024-09-02,mobile,2629.0,205.0,0.144,48.0
S008,2024-09-09,mobile,2254.0,243.0,0.158,52.0
S008,2024-09-16,mobile,2109.0,258.0,0.094,59.0
S008,2024-09-23,mobile,2538.0,313.0,0.054,48.0
S008,2024-09-30,mobile,2341.0,232.0,0.127,53.0
S008,2024-10-07,mobile,2229.0,166.0,0.062,67.0
S008,2024-10-14,mobile,1988.0,78.0,0.143,73.0
S008,2024-10-21,mobile,2413.0,143.0,0.043,66.0
S008,2024-10-28,mobile,2739.0,156.0,0.059,56.0
S008,2024-11-04,mobile,2115.0,237.0,0.168,55.0
S008,2024-11-11,mobile,2241.0,148.0,0.135,62.0
S008,2024-11-18,mobile,2247.0,254.0,0.002,64.0
S008,2024-11-25,mobile,2318.0,87.0,0.073,70.0
S008,2024-12-02,mobile,2323.0,212.0,0.091,58.0
S008,2024-12-09,mobile,2088.0,189.0,0.042,70.0
S008,2024-12-16,mobile,2342.0,167.0,0.148,57.0
S008,2024-12-23,mobile,2089.0,160.0,0.009,75.0
S008,2024-12-30,mobile,2331.0,200.0,0.066,61.0
S008,2025-01-06,mobile,2489.0,183.0,0.07,59.0
S008,2025-01-13,mobile,2248.0,203.0,0.099,60.0
S008,2025-01-20,mobile,2143.0,125.0,0.103,69.0
S008,2025-01-27,mobile,2123.0,201.0,0.079,65.0
S008,2025-02-03,mobile,2008.0,265.0,0.054,64.0
S008,2025-02-10,mobile,2324.0,219.0,0.117,56.0
S008,2025-02-17,mobile,2268.0,202.0,0.066,62.0
S008,2025-02-24,mobile,2156.0,217.0,0.115,60.0
S008,2025-03-03,mobile,2358.0,156.0,0.171,56.0
S008,2025-03-10,mobile,2161.0,218.0,0.016,68.0
S008,2025-03-17,mobile,1933.0,139.0,0.088,73.0
S008,2025-03-24,mobile,2555.0,158.0,0.108,56.0
S008,2025-03-31,mobile,2245.0,105.0,0.082,70.0
S008,2025-04-07,mobile,2150.0,245.0,0.05,63.0
S008,2025-04-14,mobile,2184.0,250.0,0.096,58.0
S008,2025-04-21,mobile,2266.0,171.0,0.104,62.0
S008,2025-04-28,mobile,1902.0,194.0,0.03,74.0
S008,2025-05-05,mobile,2201.0,136.0,0.078,69.0
S008,2025-05-12,mobile,2258.0,123.0,0.06,70.0
S008,2025-05-19,mobile,1950.0,209.0,0.094,67.0
S008,2025-05-26,mobile,2239.0,201.0,0.092,61.0
S008,2025-06-02,mobile,2135.0,225.0,0.001,69.0
S008,2025-06-09,mobile,2122.0,205.0,0.09,64.0
S008,2025-06-16,mobile,2356.0,135.0,0.116,62.0
S008,2025-06-23,mobile,2094.0,143.0,0.106,68.0
S008,2025-06-30,mobile,2622.0,215.0,0.093,51.0
S008,2025-07-07,mobile,2041.0,110.0,0.024,79.0
S008,2025-07-14,mobile,2188.0,215.0,0.096,61.0
S008,2025-07-21,mobile,1940.0,276.0,0.08,62.0
S008,2025-07-28,mobile,2480.0,189.0,0.11,55.0
S008,2025-08-04,mobile,2321.0,181.0,0.041,65.0
S008,2025-08-11,mobile,2579.0,141.0,0.089,59.0
S008,2025-08-18,mobile,2056.0,245.0,0.13,58.0
S008,2025-08-25,mobile,2220.0,180.0,0.022,69.0
S008,2025-09-01,mobile,1906.0,176.0,0.13,68.0
S008,2025-09-08,mobile,2473.0,188.0,0.062,59.0
S008,2025-09-15,mobile,2402.0,203.0,0.002,65.0
S008,2025-09-22,mobile,2254.0,163.0,0.115,62.0
S008,2025-09-29,mobile,2109.0,221.0,0.096,62.0
S008,2025-10-06,mobile,2334.0,137.0,0.078,65.0
S008,2025-10-13,mobile,2056.0,165.0,0.099,68.0
S008,2025-10-20,mobile,2361.0,209.0,0.011,64.0
S008,2025-10-27,mobile,2323.0,150.0,0.028,69.0
S008,2025-11-03,mobile,1946.0,196.0,0.094,68.0
S008,2025-11-10,mobile,2207.0,208.0,0.067,63.0
S008,2025-11-17,mobile,2245.0,148.0,0.057,68.0
S008,2025-11-24,mobile,2145.0,134.0,0.083,70.0
S008,2025-12-01,mobile,2472.0,219.0,0.089,55.0
S008,2025-12-08,mobile,2248.0,199.0,0.106,60.0
S008,2025-12-15,mobile,2015.0,135.0,0.078,73.0
S008,2025-12-22,mobile,2436.0,120.0,0.065,66.0
S008,2025-12-29,mobile,2032.0,116.0,0.005,80.0
S008,2026-01-05,mobile,2098.0,168.0,0.108,66.0
S008,2026-01-12,mobile,2211.0,179.0,0.042,68.0
S008,2026-01-19,mobile,1894.0,206.0,0.08,69.0
S008,2026-01-26,mobile,2337.0,190.0,0.0,67.0
S008,2026-02-02,mobile,1958.0,136.0,0.037,77.0
S008,2026-02-09,mobile,2316.0,271.0,0.107,52.0
S008,2026-02-16,mobile,2425.0,219.0,0.085,56.0
S008,2026-02-23,mobile,2048.0,209.0,0.081,66.0
S008,2026-03-02,mobile,2360.0,193.0,0.171,53.0
S008,2026-03-09,mobile,2231.0,202.0,0.044,65.0
S008,2026-03-16,mobile,2372.0,163.0,0.055,64.0
S008,2026-03-23,mobile,2108.0,234.0,0.0,69.0
S008,2026-03-30,mobile,2139.0,239.0,0.031,65.0
S008,2026-04-06,mobile,2237.0,188.0,0.099,62.0
S008,2026-04-13,mobile,1879.0,227.0,0.11,66.0
S008,2026-04-20,mobile,1978.0,192.0,0.067,70.0
S008,2026-04-27,mobile,1941.0,197.0,0.009,75.0
S008,2026-05-04,mobile,2395.0,216.0,0.086,57.0
S008,2026-05-11,mobile,1852.0,259.0,0.014,71.0
S008,2026-05-18,mobile,2274.0,178.0,0.06,65.0
S008,2026-05-25,mobile,2267.0,177.0,0.053,66.0
S008,2026-06-01,mobile,1821.0,129.0,0.057,79.0
S008,2026-06-08,mobile,1814.0,120.0,0.1,77.0
S008,2026-06-15,mobile,2085.0,226.0,0.185,55.0
S008,2026-06-22,mobile,2054.0,175.0,0.089,68.0
S008,2026-06-29,mobile,2347.0,211.0,0.131,55.0
S008,2026-07-06,mobile,2253.0,188.0,0.093,62.0
S008,2026-07-13,mobile,2009.0,204.0,0.045,70.0
S008,2026-07-20,mobile,2120.0,273.0,0.157,53.0
S008,2026-07-27,mobile,2406.0,254.0,0.13,50.0
S008,2026-08-03,mobile,2177.0,152.0,0.048,70.0
S008,2026-08-10,mobile,1769.0,232.0,0.07,71.0
S008,2026-08-17,mobile,2289.0,217.0,0.07,61.0
S008,2026-08-24,mobile,1923.0,175.0,0.038,75.0
S008,2026-08-31,mobile,2171.0,234.0,0.029,65.0
S008,2026-09-07,mobile,2058.0,216.0,0.0,71.0
S008,2026-09-14,mobile,1867.0,188.0,0.051,74.0
S008,2026-09-21,mobile,1831.0,161.0,0.152,69.0
S008,2026-09-28,mobile,2230.0,108.0,0.09,69.0
S008,2023-07-03,desktop,1201.0,95.0,0.068,95.0
S008,2023-07-10,desktop,1349.0,105.0,0.12,87.0
S008,2023-07-17,desktop,1232.0,119.0,0.123,88.0
S008,2023-07-24,desktop,1377.0,79.0,0.147,86.0
S008,2023-07-31,desktop,1092.0,125.0,0.104,92.0
S008,2023-08-07,desktop,1589.0,109.0,0.113,82.0
S008,2023-08-14,desktop,1306.0,96.0,0.069,92.0
S008,2023-08-21,desktop,1171.0,178.0,0.071,88.0
S008,2023-08-28,desktop,1513.0,122.0,0.097,83.0
S008,2023-09-04,desktop,1221.0,70.0,0.06,97.0
S008,2023-09-11,desktop,1559.0,40.0,0.073,91.0
S008,2023-09-18,desktop,929.0,120.0,0.041,100.0
S008,2023-09-25,desktop,1265.0,96.0,0.075,93.0
S008,2023-10-02,desktop,1066.0,40.0,0.102,100.0
S008,2023-10-09,desktop,1224.0,158.0,0.078,88.0
S008,2023-10-16,desktop,1167.0,115.0,0.022,98.0
S008,2023-10-23,desktop,1079.0,40.0,0.107,99.0
S008,2023-10-30,desktop,1244.0,70.0,0.158,89.0
S008,2023-11-06,desktop,1264.0,223.0,0.042,85.0
S008,2023-11-13,desktop,1347.0,58.0,0.0,100.0
S008,2023-11-20,desktop,1144.0,116.0,0.057,95.0
S008,2023-11-27,desktop,1040.0,65.0,0.125,96.0
S008,2023-12-04,desktop,1207.0,88.0,0.104,93.0
S008,2023-12-11,desktop,1274.0,46.0,0.103,95.0
S008,2023-12-18,desktop,1394.0,81.0,0.077,91.0
S008,2023-12-25,desktop,1426.0,105.0,0.047,91.0
S008,2024-01-01,desktop,1146.0,156.0,0.073,91.0
S008,2024-01-08,desktop,1482.0,110.0,0.096,85.0
S008,2024-01-15,desktop,1142.0,49.0,0.09,98.0
S008,2024-01-22,desktop,1203.0,40.0,0.113,96.0
S008,2024-01-29,desktop,1262.0,110.0,0.065,93.0
S008,2024-02-05,desktop,1354.0,147.0,0.059,88.0
S008,2024-02-12,desktop,1468.0,95.0,0.008,94.0
S008,2024-02-19,desktop,1245.0,92.0,0.093,92.0
S008,2024-02-26,desktop,1472.0,40.0,0.106,90.0
S008,2024-03-04,desktop,1540.0,57.0,0.096,88.0
S008,2024-03-11,desktop,1059.0,74.0,0.075,99.0
S008,2024-03-18,desktop,1211.0,105.0,0.086,92.0
S008,2024-03-25,desktop,1365.0,144.0,0.016,91.0
S008,2024-04-01,desktop,1529.0,42.0,0.119,88.0
S008,2024-04-08,desktop,1178.0,139.0,0.062,92.0
S008,2024-04-15,desktop,1372.0,116.0,0.068,89.0
S008,2024-04-22,desktop,1116.0,121.0,0.063,95.0
S008,2024-04-29,desktop,1245.0,76.0,0.031,98.0
S008,2024-05-06,desktop,1453.0,120.0,0.079,86.0
S008,2024-05-13,desktop,1444.0,156.0,0.065,85.0
S008,2024-05-20,desktop,1280.0,112.0,0.064,92.0
S008,2024-05-27,desktop,1347.0,95.0,0.086,90.0
S008,2024-06-03,desktop,1307.0,173.0,0.071,86.0
S008,2024-06-10,desktop,1272.0,156.0,0.077,88.0
S008,2024-06-17,desktop,1145.0,42.0,0.102,98.0
S008,2024-06-24,desktop,1324.0,57.0,0.076,95.0
S008,2024-07-01,desktop,1187.0,98.0,0.053,96.0
S008,2024-07-08,desktop,1288.0,153.0,0.106,85.0
S008,2024-07-15,desktop,1307.0,53.0,0.094,94.0
S008,2024-07-22,desktop,1369.0,40.0,0.043,98.0
S008,2024-07-29,desktop,1153.0,102.0,0.079,94.0
S008,2024-08-05,desktop,1526.0,117.0,0.025,89.0
S008,2024-08-12,desktop,1278.0,94.0,0.096,91.0
S008,2024-08-19,desktop,1185.0,57.0,0.058,99.0
S008,2024-08-26,desktop,1353.0,157.0,0.041,89.0
S008,2024-09-02,desktop,1404.0,93.0,0.051,92.0
S008,2024-09-09,desktop,1321.0,109.0,0.0,97.0
S008,2024-09-16,desktop,1314.0,185.0,0.102,82.0
S008,2024-09-23,desktop,1518.0,95.0,0.051,89.0
S008,2024-09-30,desktop,1081.0,152.0,0.121,89.0
S008,2024-10-07,desktop,1516.0,113.0,0.096,84.0
S008,2024-10-14,desktop,1227.0,116.0,0.035,95.0
S008,2024-10-21,desktop,1075.0,134.0,0.078,94.0
S008,2024-10-28,desktop,1297.0,87.0,0.078,93.0
S008,2024-11-04,desktop,1060.0,91.0,0.065,99.0
S008,2024-11-11,desktop,1293.0,80.0,0.049,96.0
S008,2024-11-18,desktop,1289.0,72.0,0.0,100.0
S008,2024-11-25,desktop,855.0,116.0,0.103,98.0
S008,2024-12-02,desktop,1005.0,62.0,0.118,98.0
S008,2024-12-09,desktop,990.0,101.0,0.043,100.0
S008,2024-12-16,desktop,1337.0,121.0,0.132,85.0
S008,2024-12-23,desktop,1088.0,179.0,0.033,93.0
S008,2024-12-30,desktop,1174.0,40.0,0.154,93.0
S008,2025-01-06,desktop,1189.0,91.0,0.105,93.0
S008,2025-01-13,desktop,1326.0,64.0,0.067,95.0
S008,2025-01-20,desktop,1033.0,102.0,0.0,100.0
S008,2025-01-27,desktop,1192.0,112.0,0.084,92.0
S008,2025-02-03,desktop,1077.0,85.0,0.076,98.0
S008,2025-02-10,desktop,1197.0,77.0,0.028,100.0
S008,2025-02-17,desktop,874.0,167.0,0.046,98.0
S008,2025-02-24,desktop,1217.0,66.0,0.016,100.0
S008,2025-03-03,desktop,1136.0,68.0,0.122,94.0
S008,2025-03-10,desktop,1301.0,105.0,0.078,91.0
S008,2025-03-17,desktop,1594.0,41.0,0.044,93.0
S008,2025-03-24,desktop,971.0,104.0,0.075,99.0
S008,2025-03-31,desktop,770.0,92.0,0.1,100.0
S008,2025-04-07,desktop,1155.0,70.0,0.08,97.0
S008,2025-04-14,desktop,1231.0,73.0,0.082,95.0
S008,2025-04-21,desktop,1153.0,40.0,0.132,95.0
S008,2025-04-28,desktop,876.0,95.0,0.106,99.0
S008,2025-05-05,desktop,1248.0,74.0,0.035,98.0
S008,2025-05-12,desktop,1197.0,45.0,0.087,98.0
S008,2025-05-19,desktop,1260.0,59.0,0.081,96.0
S008,2025-05-26,desktop,1176.0,180.0,0.027,92.0
S008,2025-06-02,desktop,722.0,97.0,0.048,100.0
S008,2025-06-09,desktop,1369.0,151.0,0.065,87.0
S008,2025-06-16,desktop,1140.0,149.0,0.129,87.0
S008,2025-06-23,desktop,1305.0,89.0,0.038,96.0
S008,2025-06-30,desktop,1417.0,53.0,0.143,88.0
S008,2025-07-07,desktop,1085.0,101.0,0.031,100.0
S008,2025-07-14,desktop,1169.0,97.0,0.11,92.0
S008,2025-07-21,desktop,1284.0,40.0,0.0,100.0
S008,2025-07-28,desktop,1049.0,117.0,0.092,95.0
S008,2025-08-04,desktop,1187.0,115.0,0.124,89.0
S008,2025-08-11,desktop,1153.0,125.0,0.105,91.0
S008,2025-08-18,desktop,1216.0,178.0,0.12,84.0
S008,2025-08-25,desktop,1750.0,159.0,0.084,76.0
S008,2025-09-01,desktop,983.0,74.0,0.067,100.0
S008,2025-09-08,desktop,1010.0,85.0,0.0,100.0
S008,2025-09-15,desktop,1049.0,117.0,0.095,94.0
S008,2025-09-22,desktop,1298.0,102.0,0.102,90.0
S008,2025-09-29,desktop,1012.0,134.0,0.089,94.0
S008,2025-10-06,desktop,1413.0,102.0,0.12,85.0
S008,2025-10-13,desktop,1153.0,49.0,0.058,100.0
S008,2025-10-20,desktop,1344.0,164.0,0.133,81.0
S008,2025-10-27,desktop,1142.0,163.0,0.107,88.0
S008,2025-11-03,desktop,1265.0,70.0,0.053,97.0
S008,2025-11-10,desktop,1132.0,102.0,0.079,95.0
S008,2025-11-17,desktop,1430.0,166.0,0.049,85.0
S008,2025-11-24,desktop,1184.0,110.0,0.118,90.0
S008,2025-12-01,desktop,1133.0,77.0,0.096,96.0
S008,2025-12-08,desktop,1272.0,214.0,0.097,81.0
S008,2025-12-15,desktop,1060.0,141.0,0.09,93.0
S008,2025-12-22,desktop,1046.0,110.0,0.0,100.0
S008,2025-12-29,desktop,1301.0,127.0,0.09,88.0
S008,2026-01-05,desktop,1073.0,148.0,0.16,86.0
S008,2026-01-12,desktop,935.0,102.0,0.1,98.0
S008,2026-01-19,desktop,1049.0,103.0,0.122,93.0
S008,2026-01-26,desktop,1135.0,203.0,0.09,86.0
S008,2026-02-02,desktop,1128.0,146.0,0.078,92.0
S008,2026-02-09,desktop,1061.0,115.0,0.081,95.0
S008,2026-02-16,desktop,1163.0,142.0,0.039,94.0
S008,2026-02-23,desktop,1442.0,63.0,0.137,87.0
S008,2026-03-02,desktop,1055.0,182.0,0.053,92.0
S008,2026-03-09,desktop,964.0,90.0,0.032,100.0
S008,2026-03-16,desktop,1195.0,83.0,0.155,89.0
S008,2026-03-23,desktop,1313.0,110.0,0.107,88.0
S008,2026-03-30,desktop,1426.0,54.0,0.151,87.0
S008,2026-04-06,desktop,1380.0,115.0,0.103,87.0
S008,2026-04-13,desktop,1050.0,123.0,0.01,100.0
S008,2026-04-20,desktop,1206.0,42.0,0.133,94.0
S008,2026-04-27,desktop,1675.0,77.0,0.098,84.0
S008,2026-05-04,desktop,1449.0,121.0,0.031,90.0
S008,2026-05-11,desktop,1215.0,226.0,0.09,82.0
S008,2026-05-18,desktop,1289.0,84.0,0.0,99.0
S008,2026-05-25,desktop,1560.0,70.0,0.078,88.0
S008,2026-06-01,desktop,1229.0,112.0,0.152,86.0
S008,2026-06-08,desktop,1185.0,108.0,0.053,95.0
S008,2026-06-15,desktop,930.0,147.0,0.101,94.0
S008,2026-06-22,desktop,1278.0,78.0,0.132,90.0
S008,2026-06-29,desktop,1290.0,103.0,0.097,90.0
S008,2026-07-06,desktop,892.0,98.0,0.068,100.0
S008,2026-07-13,desktop,1408.0,159.0,0.033,88.0
S008,2026-07-20,desktop,971.0,49.0,0.004,100.0
S008,2026-07-27,desktop,1354.0,55.0,0.087,93.0
S008,2026-08-03,desktop,901.0,185.0,0.116,90.0
S008,2026-08-10,desktop,1104.0,58.0,0.104,97.0
S008,2026-08-17,desktop,1004.0,97.0,0.15,93.0
S008,2026-08-24,desktop,1110.0,105.0,0.076,96.0
S008,2026-08-31,desktop,1025.0,103.0,0.0,100.0
S008,2026-09-07,desktop,792.0,197.0,0.046,97.0
S008,2026-09-14,desktop,1136.0,44.0,0.078,100.0
S008,2026-09-21,desktop,972.0,119.0,0.119,94.0
S008,2026-09-28,desktop,1082.0,174.0,0.065,91.0
S009,2023-07-03,mobile,2771.0,139.0,0.098,54.0
S009,2023-07-10,mobile,2294.0,187.0,0.081,62.0
S009,2023-07-17,mobile,2432.0,219.0,0.041,59.0
S009,2023-07-24,mobile,2628.0,235.0,0.062,52.0
S009,2023-07-31,mobile,2449.0,202.0,0.045,60.0
S009,2023-08-07,mobile,2302.0,174.0,0.066,64.0
S009,2023-08-14,mobile,2284.0,198.0,0.041,65.0
S009,2023-08-21,mobile,2575.0,153.0,0.08,59.0
S009,2023-08-28,mobile,2422.0,243.0,0.062,56.0
S009,2023-09-04,mobile,2653.0,118.0,0.078,60.0
S009,2023-09-11,mobile,2912.0,203.0,0.07,48.0
S009,2023-09-18,mobile,2491.0,186.0,0.137,53.0
S009,2023-09-25,mobile,2631.0,191.0,0.096,53.0
S009,2023-10-02,mobile,2543.0,221.0,0.089,53.0
S009,2023-10-09,mobile,2253.0,201.0,0.096,61.0
S009,2023-10-16,mobile,2326.0,271.0,0.086,54.0
S009,2023-10-23,mobile,2506.0,183.0,0.069,58.0
S009,2023-10-30,mobile,2504.0,181.0,0.071,59.0
S009,2023-11-06,mobile,2538.0,158.0,0.099,57.0
S009,2023-11-13,mobile,2442.0,243.0,0.094,53.0
S009,2023-11-20,mobile,2440.0,243.0,0.036,58.0
S009,2023-11-27,mobile,2479.0,233.0,0.008,60.0
S009,2023-12-04,mobile,2333.0,196.0,0.058,62.0
S009,2023-12-11,mobile,2250.0,211.0,0.069,62.0
S009,2023-12-18,mobile,2431.0,146.0,0.082,62.0
S009,2023-12-25,mobile,2268.0,178.0,0.002,70.0
S009,2024-01-01,mobile,2551.0,220.0,0.029,58.0
S009,2024-01-08,mobile,2616.0,172.0,0.082,56.0
S009,2024-01-15,mobile,2463.0,250.0,0.081,53.0
S009,2024-01-22,mobile,2476.0,156.0,0.039,64.0
S009,2024-01-29,mobile,2516.0,226.0,0.0,60.0
S009,2024-02-05,mobile,2515.0,181.0,0.082,57.0
S009,2024-02-12,mobile,2523.0,171.0,0.127,54.0
S009,2024-02-19,mobile,2624.0,162.0,0.095,56.0
S009,2024-02-26,mobile,2390.0,218.0,0.127,54.0
S009,2024-03-04,mobile,2312.0,181.0,0.146,57.0
S009,2024-03-11,mobile,2345.0,205.0,0.118,56.0
S009,2024-03-18,mobile,2482.0,182.0,0.109,56.0
S009,2024-03-25,mobile,2307.0,96.0,0.11,67.0
S009,2024-04-01,mobile,2533.0,218.0,0.116,51.0
S009,2024-04-08,mobile,2413.0,161.0,0.04,65.0
S009,2024-04-15,mobile,2517.0,181.0,0.132,53.0
S009,2024-04-22,mobile,2172.0,221.0,0.145,57.0
S009,2024-04-29,mobile,2581.0,187.0,0.086,55.0
S009,2024-05-06,mobile,2244.0,211.0,0.036,65.0
S009,2024-05-13,mobile,2278.0,187.0,0.058,64.0
S009,2024-05-20,mobile,2552.0,193.0,0.11,53.0
S009,2024-05-27,mobile,2413.0,119.0,0.15,59.0
S009,2024-06-03,mobile,2220.0,175.0,0.07,65.0
S009,2024-06-10,mobile,2528.0,189.0,0.104,55.0
S009,2024-06-17,mobile,2169.0,153.0,0.043,71.0
S009,2024-06-24,mobile,1964.0,176.0,0.082,70.0
S009,2024-07-01,mobile,2085.0,226.0,0.034,67.0
S009,2024-07-08,mobile,2184.0,183.0,0.044,68.0
S009,2024-07-15,mobile,2132.0,198.0,0.117,62.0
S009,2024-07-22,mobile,2468.0,231.0,0.114,52.0
S009,2024-07-29,mobile,2435.0,228.0,0.084,55.0
S009,2024-08-05,mobile,2129.0,176.0,0.099,65.0
S009,2024-08-12,mobile,2230.0,80.0,0.085,72.0
S009,2024-08-19,mobile,2072.0,157.0,0.023,74.0
S009,2024-08-26,mobile,2392.0,192.0,0.067,61.0
S009,2024-09-02,mobile,2526.0,198.0,0.022,61.0
S009,2024-09-09,mobile,2253.0,187.0,0.088,62.0
S009,2024-09-16,mobile,2422.0,134.0,0.05,66.0
S009,2024-09-23,mobile,2253.0,179.0,0.103,62.0
S009,2024-09-30,mobile,2441.0,209.0,0.078,57.0
S009,2024-10-07,mobile,1901.0,237.0,0.066,68.0
S009,2024-10-14,mobile,2317.0,180.0,0.132,58.0
S009,2024-10-21,mobile,1889.0,197.0,0.046,73.0
S009,2024-10-28,mobile,2074.0,108.0,0.08,73.0
S009,2024-11-04,mobile,1870.0,127.0,0.087,76.0
S009,2024-11-11,mobile,2093.0,194.0,0.0,72.0
S009,2024-11-18,mobile,2503.0,139.0,0.127,58.0
S009,2024-11-25,mobile,2324.0,146.0,0.082,65.0
S009,2024-12-02,mobile,1871.0,264.0,0.12,62.0
S009,2024-12-09,mobile,2082.0,135.0,0.164,64.0
S009,2024-12-16,mobile,1855.0,198.0,0.177,63.0
S009,2024-12-23,mobile,2367.0,264.0,0.008,60.0
S009,2024-12-30,mobile,1740.0,204.0,0.095,72.0
S009,2025-01-06,mobile,2215.0,220.0,0.09,60.0
S009,2025-01-13,mobile,2224.0,181.0,0.118,61.0
S009,2025-01-20,mobile,2391.0,143.0,0.08,64.0
S009,2025-01-27,mobile,2336.0,143.0,0.0,71.0
S009,2025-02-03,mobile,2280.0,222.0,0.019,64.0
S009,2025-02-10,mobile,1893.0,175.0,0.0,78.0
S009,2025-02-17,mobile,2187.0,203.0,0.133,59.0
S009,2025-02-24,mobile,2090.0,211.0,0.069,65.0
S009,2025-03-03,mobile,1845.0,114.0,0.035,82.0
S009,2025-03-10,mobile,1864.0,205.0,0.111,68.0
S009,2025-03-17,mobile,2430.0,240.0,0.046,57.0
S009,2025-03-24,mobile,1792.0,241.0,0.008,74.0
S009,2025-03-31,mobile,2133.0,151.0,0.053,71.0
S009,2025-04-07,mobile,2117.0,188.0,0.078,66.0
S009,2025-04-14,mobile,2155.0,150.0,0.063,69.0
S009,2025-04-21,mobile,1799.0,182.0,0.129,70.0
S009,2025-04-28,mobile,2016.0,162.0,0.089,70.0
S009,2025-05-05,mobile,2239.0,182.0,0.126,60.0
S009,2025-05-12,mobile,2086.0,242.0,0.109,60.0
S009,2025-05-19,mobile,2114.0,104.0,0.153,67.0
S009,2025-05-26,mobile,2184.0,139.0,0.128,65.0
S009,2025-06-02,mobile,1569.0,205.0,0.052,79.0
S009,2025-06-09,mobile,1942.0,226.0,0.1,65.0
S009,2025-06-16,mobile,2143.0,246.0,0.086,60.0
S009,2025-06-23,mobile,2300.0,195.0,0.085,61.0
S009,2025-06-30,mobile,1940.0,110.0,0.051,79.0
S009,2025-07-07,mobile,2000.0,220.0,0.035,69.0
S009,2025-07-14,mobile,1995.0,209.0,0.056,69.0
S009,2025-07-21,mobile,2191.0,128.0,0.001,76.0
S009,2025-07-28,mobile,1928.0,169.0,0.096,70.0
S009,2025-08-04,mobile,1919.0,184.0,0.095,69.0
S009,2025-08-11,mobile,1894.0,170.0,0.058,74.0
S009,2025-08-18,mobile,2047.0,246.0,0.106,61.0
S009,2025-08-25,mobile,1980.0,214.0,0.123,63.0
S009,2025-09-01,mobile,1880.0,166.0,0.091,72.0
S009,2025-09-08,mobile,1952.0,257.0,0.093,63.0
S009,2025-09-15,mobile,2010.0,201.0,0.107,65.0
S009,2025-09-22,mobile,2209.0,130.0,0.067,70.0
S009,2025-09-29,mobile,1869.0,124.0,0.073,77.0
S009,2025-10-06,mobile,1959.0,252.0,0.123,61.0
S009,2025-10-13,mobile,1603.0,192.0,0.09,76.0
S009,2025-10-20,mobile,2131.0,211.0,0.047,66.0
S009,2025-10-27,mobile,1840.0,225.0,0.082,69.0
S009,2025-11-03,mobile,1872.0,281.0,0.062,65.0
S009,2025-11-10,mobile,2289.0,87.0,0.09,70.0
S009,2025-11-17,mobile,2040.0,269.0,0.038,64.0
S009,2025-11-24,mobile,1544.0,157.0,0.131,77.0
S009,2025-12-01,mobile,1784.0,202.0,0.105,70.0
S009,2025-12-08,mobile,1668.0,229.0,0.054,75.0
S009,2025-12-15,mobile,1901.0,240.0,0.108,64.0
S009,2025-12-22,mobile,1988.0,130.0,0.081,74.0
S009,2025-12-29,mobile,1831.0,208.0,0.021,75.0
S009,2026-01-05,mobile,1950.0,137.0,0.024,78.0
S009,2026-01-12,mobile,2168.0,152.0,0.113,65.0
S009,2026-01-19,mobile,1882.0,212.0,0.078,69.0
S009,2026-01-26,mobile,1908.0,244.0,0.08,66.0
S009,2026-02-02,mobile,1921.0,146.0,0.09,73.0
S009,2026-02-09,mobile,1978.0,97.0,0.055,79.0
S009,2026-02-16,mobile,1724.0,179.0,0.139,71.0
S009,2026-02-23,mobile,1597.0,116.0,0.05,86.0
S009,2026-03-02,mobile,1828.0,231.0,0.108,67.0
S009,2026-03-09,mobile,2073.0,102.0,0.06,76.0
S009,2026-03-16,mobile,1727.0,145.0,0.047,81.0
S009,2026-03-23,mobile,1829.0,229.0,0.05,71.0
S009,2026-03-30,mobile,2111.0,181.0,0.068,68.0
S009,2026-04-06,mobile,1875.0,256.0,0.049,68.0
S009,2026-04-13,mobile,1572.0,119.0,0.093,83.0
S009,2026-04-20,mobile,1721.0,223.0,0.067,73.0
S009,2026-04-27,mobile,2071.0,237.0,0.134,59.0
S009,2026-05-04,mobile,1715.0,185.0,0.088,74.0
S009,2026-05-11,mobile,1609.0,168.0,0.143,74.0
S009,2026-05-18,mobile,1676.0,146.0,0.095,78.0
S009,2026-05-25,mobile,1587.0,187.0,0.091,77.0
S009,2026-06-01,mobile,1680.0,222.0,0.018,78.0
S009,2026-06-08,mobile,1557.0,156.0,0.008,87.0
S009,2026-06-15,mobile,1549.0,93.0,0.061,88.0
S009,2026-06-22,mobile,1879.0,158.0,0.048,76.0
S009,2026-06-29,mobile,1856.0,179.0,0.071,73.0
S009,2026-07-06,mobile,1789.0,211.0,0.053,73.0
S009,2026-07-13,mobile,1861.0,252.0,0.104,64.0
S009,2026-07-20,mobile,1857.0,194.0,0.074,72.0
S009,2026-07-27,mobile,1597.0,126.0,0.047,85.0
S009,2026-08-03,mobile,1370.0,178.0,0.088,83.0
S009,2026-08-10,mobile,1688.0,144.0,0.113,76.0
S009,2026-08-17,mobile,1356.0,211.0,0.105,79.0
S009,2026-08-24,mobile,1808.0,153.0,0.05,78.0
S009,2026-08-31,mobile,1637.0,195.0,0.131,72.0
S009,2026-09-07,mobile,1675.0,197.0,0.062,76.0
S009,2026-09-14,mobile,1639.0,100.0,0.104,82.0
S009,2026-09-21,mobile,2040.0,167.0,0.164,63.0
S009,2026-09-28,mobile,1822.0,170.0,0.08,74.0
S009,2023-07-03,desktop,1542.0,85.0,0.085,87.0
S009,2023-07-10,desktop,1130.0,171.0,0.01,95.0
S009,2023-07-17,desktop,1387.0,95.0,0.13,86.0
S009,2023-07-24,desktop,1399.0,118.0,0.097,86.0
S009,2023-07-31,desktop,1445.0,120.0,0.045,89.0
S009,2023-08-07,desktop,1434.0,68.0,0.115,88.0
S009,2023-08-14,desktop,1189.0,64.0,0.045,100.0
S009,2023-08-21,desktop,1133.0,114.0,0.057,96.0
S009,2023-08-28,desktop,1346.0,124.0,0.075,89.0
S009,2023-09-04,desktop,1597.0,146.0,0.075,81.0
S009,2023-09-11,desktop,1419.0,110.0,0.074,88.0
S009,2023-09-18,desktop,1508.0,155.0,0.157,76.0
S009,2023-09-25,desktop,1243.0,147.0,0.112,86.0
S009,2023-10-02,desktop,1331.0,110.0,0.135,85.0
S009,2023-10-09,desktop,1299.0,40.0,0.13,92.0
S009,2023-10-16,desktop,1333.0,93.0,0.062,93.0
S009,2023-10-23,desktop,1629.0,122.0,0.066,83.0
S009,2023-10-30,desktop,1334.0,143.0,0.077,87.0
S009,2023-11-06,desktop,1238.0,40.0,0.103,96.0
S009,2023-11-13,desktop,1619.0,101.0,0.137,80.0
S009,2023-11-20,desktop,1541.0,72.0,0.107,86.0
S009,2023-11-27,desktop,1941.0,40.0,0.087,82.0
S009,2023-12-04,desktop,990.0,180.0,0.086,91.0
S009,2023-12-11,desktop,1366.0,40.0,0.066,96.0
S009,2023-12-18,desktop,1397.0,79.0,0.076,91.0
S009,2023-12-25,desktop,1282.0,40.0,0.056,99.0
S009,2024-01-01,desktop,1590.0,91.0,0.129,82.0
S009,2024-01-08,desktop,1552.0,92.0,0.023,91.0
S009,2024-01-15,desktop,1124.0,60.0,0.122,95.0
S009,2024-01-22,desktop,1255.0,40.0,0.058,99.0
S009,2024-01-29,desktop,1436.0,112.0,0.092,86.0
S009,2024-02-05,desktop,1716.0,128.0,0.075,80.0
S009,2024-02-12,desktop,1540.0,72.0,0.135,84.0
S009,2024-02-19,desktop,1312.0,80.0,0.111,90.0
S009,2024-02-26,desktop,1476.0,143.0,0.0,90.0
S009,2024-03-04,desktop,1740.0,189.0,0.069,75.0
S009,2024-03-11,desktop,1459.0,94.0,0.118,85.0
S009,2024-03-18,desktop,1178.0,116.0,0.007,99.0
S009,2024-03-25,desktop,1517.0,96.0,0.077,87.0
S009,2024-04-01,desktop,1242.0,71.0,0.106,93.0
S009,2024-04-08,desktop,1548.0,137.0,0.152,77.0
S009,2024-04-15,desktop,1306.0,91.0,0.078,92.0
S009,2024-04-22,desktop,1245.0,40.0,0.054,100.0
S009,2024-04-29,desktop,1578.0,95.0,0.087,85.0
S009,2024-05-06,desktop,1284.0,109.0,0.031,95.0
S009,2024-05-13,desktop,1498.0,113.0,0.075,86.0
S009,2024-05-20,desktop,1031.0,128.0,0.107,93.0
S009,2024-05-27,desktop,1092.0,91.0,0.086,96.0
S009,2024-06-03,desktop,1457.0,125.0,0.04,89.0
S009,2024-06-10,desktop,1346.0,80.0,0.065,93.0
S009,2024-06-17,desktop,1358.0,65.0,0.09,92.0
S009,2024-06-24,desktop,1283.0,40.0,0.106,95.0
S009,2024-07-01,desktop,1211.0,40.0,0.093,97.0
S009,2024-07-08,desktop,1713.0,134.0,0.1,78.0
S009,2024-07-15,desktop,1555.0,72.0,0.062,90.0
S009,2024-07-22,desktop,1162.0,134.0,0.059,93.0
S009,2024-07-29,desktop,952.0,175.0,0.14,88.0
S009,2024-08-05,desktop,1199.0,71.0,0.076,96.0
S009,2024-08-12,desktop,1179.0,102.0,0.087,93.0
S009,2024-08-19,desktop,1152.0,151.0,0.087,90.0
S009,2024-08-26,desktop,1636.0,184.0,0.118,74.0
S009,2024-09-02,desktop,1677.0,101.0,0.111,80.0
S009,2024-09-09,desktop,1684.0,40.0,0.129,84.0
S009,2024-09-16,desktop,1346.0,82.0,0.087,91.0
S009,2024-09-23,desktop,1625.0,63.0,0.049,90.0
S009,2024-09-30,desktop,1075.0,40.0,0.112,99.0
S009,2024-10-07,desktop,1218.0,130.0,0.133,86.0
S009,2024-10-14,desktop,1320.0,85.0,0.041,95.0
S009,2024-10-21,desktop,1584.0,77.0,0.074,87.0
S009,2024-10-28,desktop,1391.0,150.0,0.043,88.0
S009,2024-11-04,desktop,1416.0,40.0,0.041,97.0
S009,2024-11-11,desktop,1279.0,87.0,0.099,91.0
S009,2024-11-18,desktop,1983.0,154.0,0.097,70.0
S009,2024-11-25,desktop,1494.0,103.0,0.089,86.0
S009,2024-12-02,desktop,1779.0,40.0,0.074,86.0
S009,2024-12-09,desktop,1428.0,42.0,0.041,96.0
S009,2024-12-16,desktop,1878.0,53.0,0.052,85.0
S009,2024-12-23,desktop,1356.0,109.0,0.0,96.0
S009,2024-12-30,desktop,1513.0,71.0,0.063,90.0
S009,2025-01-06,desktop,1345.0,53.0,0.052,97.0
S009,2025-01-13,desktop,1214.0,170.0,0.113,85.0
S009,2025-01-20,desktop,1481.0,79.0,0.121,86.0
S009,2025-01-27,desktop,1378.0,161.0,0.08,85.0
S009,2025-02-03,desktop,1433.0,40.0,0.081,93.0
S009,2025-02-10,desktop,1181.0,67.0,0.092,96.0
S009,2025-02-17,desktop,1326.0,85.0,0.091,91.0
S009,2025-02-24,desktop,1054.0,66.0,0.069,100.0
S009,2025-03-03,desktop,1508.0,102.0,0.061,88.0
S009,2025-03-10,desktop,1236.0,53.0,0.091,96.0
S009,2025-03-17,desktop,1788.0,100.0,0.079,81.0
S009,2025-03-24,desktop,1444.0,148.0,0.069,85.0
S009,2025-03-31,desktop,1290.0,98.0,0.171,84.0
S009,2025-04-07,desktop,1648.0,100.0,0.135,79.0
S009,2025-04-14,desktop,1374.0,137.0,0.108,84.0
S009,2025-04-21,desktop,1561.0,145.0,0.023,86.0
S009,2025-04-28,desktop,1340.0,96.0,0.085,90.0
S009,2025-05-05,desktop,1323.0,40.0,0.088,95.0
S009,2025-05-12,desktop,1612.0,95.0,0.055,87.0
S009,2025-05-19,desktop,1277.0,131.0,0.076,90.0
S009,2025-05-26,desktop,1470.0,139.0,0.108,82.0
S009,2025-06-02,desktop,1106.0,168.0,0.074,91.0
S009,2025-06-09,desktop,1229.0,141.0,0.02,94.0
S009,2025-06-16,desktop,1459.0,40.0,0.009,99.0
S009,2025-06-23,desktop,1552.0,100.0,0.034,89.0
S009,2025-06-30,desktop,1444.0,143.0,0.067,86.0
S009,2025-07-07,desktop,1091.0,78.0,0.058,100.0
S009,2025-07-14,desktop,1235.0,40.0,0.099,96.0
S009,2025-07-21,desktop,1167.0,58.0,0.065,99.0
S009,2025-07-28,desktop,1379.0,121.0,0.105,86.0
S009,2025-08-04,desktop,1425.0,129.0,0.036,90.0
S009,2025-08-11,desktop,1275.0,103.0,0.062,93.0
S009,2025-08-18,desktop,1328.0,74.0,0.069,94.0
S009,2025-08-25,desktop,1356.0,98.0,0.084,90.0
S009,2025-09-01,desktop,1215.0,101.0,0.041,96.0
S009,2025-09-08,desktop,1344.0,135.0,0.074,88.0
S009,2025-09-15,desktop,1464.0,59.0,0.093,90.0
S009,2025-09-22,desktop,1415.0,66.0,0.061,93.0
S009,2025-09-29,desktop,1489.0,131.0,0.055,87.0
S009,2025-10-06,desktop,921.0,41.0,0.003,100.0
S009,2025-10-13,desktop,903.0,128.0,0.07,99.0
S009,2025-10-20,desktop,1449.0,85.0,0.05,92.0
S009,2025-10-27,desktop,1336.0,135.0,0.078,88.0
S009,2025-11-03,desktop,1286.0,50.0,0.105,94.0
S009,2025-11-10,desktop,897.0,66.0,0.122,100.0
S009,2025-11-17,desktop,1508.0,121.0,0.106,83.0
S009,2025-11-24,desktop,1204.0,130.0,0.066,92.0
S009,2025-12-01,desktop,1527.0,95.0,0.149,81.0
S009,2025-12-08,desktop,1492.0,62.0,0.075,91.0
S009,2025-12-15,desktop,1412.0,62.0,0.014,97.0
S009,2025-12-22,desktop,1197.0,96.0,0.09,93.0
S009,2025-12-29,desktop,1283.0,97.0,0.12,89.0
S009,2026-01-05,desktop,1608.0,116.0,0.121,80.0
S009,2026-01-12,desktop,1228.0,146.0,0.082,89.0
S009,2026-01-19,desktop,1547.0,199.0,0.049,80.0
S009,2026-01-26,desktop,1460.0,168.0,0.048,85.0
S009,2026-02-02,desktop,1403.0,68.0,0.113,89.0
S009,2026-02-09,desktop,1297.0,129.0,0.105,87.0
S009,2026-02-16,desktop,1654.0,102.0,0.088,83.0
S009,2026-02-23,desktop,1147.0,96.0,0.081,95.0
S009,2026-03-02,desktop,1394.0,85.0,0.09,90.0
S009,2026-03-09,desktop,1372.0,187.0,0.117,80.0
S009,2026-03-16,desktop,1116.0,139.0,0.078,92.0
S009,2026-03-23,desktop,1104.0,64.0,0.119,96.0
S009,2026-03-30,desktop,1401.0,70.0,0.139,87.0
S009,2026-04-06,desktop,1224.0,97.0,0.116,90.0
S009,2026-04-13,desktop,1470.0,143.0,0.156,78.0
S009,2026-04-20,desktop,1400.0,93.0,0.013,95.0
S009,2026-04-27,desktop,1613.0,128.0,0.088,81.0
S009,2026-05-04,desktop,1135.0,96.0,0.018,100.0
S009,2026-05-11,desktop,1452.0,115.0,0.061,88.0
S009,2026-05-18,desktop,1368.0,72.0,0.143,87.0
S009,2026-05-25,desktop,1247.0,124.0,0.083,90.0
S009,2026-06-01,desktop,1474.0,128.0,0.012,91.0
S009,2026-06-08,desktop,1466.0,54.0,0.044,94.0
S009,2026-06-15,desktop,1399.0,153.0,0.092,84.0
S009,2026-06-22,desktop,1215.0,126.0,0.065,92.0
S009,2026-06-29,desktop,1252.0,84.0,0.056,96.0
S009,2026-07-06,desktop,1484.0,132.0,0.067,86.0
S009,2026-07-13,desktop,1249.0,40.0,0.077,98.0
S009,2026-07-20,desktop,1172.0,99.0,0.088,94.0
S009,2026-07-27,desktop,1416.0,125.0,0.072,87.0
S009,2026-08-03,desktop,1589.0,145.0,0.041,84.0
S009,2026-08-10,desktop,1326.0,61.0,0.02,99.0
S009,2026-08-17,desktop,1484.0,40.0,0.103,90.0
S009,2026-08-24,desktop,1190.0,152.0,0.061,91.0
S009,2026-08-31,desktop,1150.0,132.0,0.085,92.0
S009,2026-09-07,desktop,1478.0,147.0,0.105,82.0
S009,2026-09-14,desktop,1473.0,40.0,0.142,88.0
S009,2026-09-21,desktop,1346.0,101.0,0.066,91.0
S009,2026-09-28,desktop,1358.0,66.0,0.114,90.0
S010,2023-07-03,mobile,2412.0,95.0,0.143,62.0
S010,2023-07-10,mobile,2652.0,227.0,0.105,49.0
S010,2023-07-17,mobile,2595.0,210.0,0.043,56.0
S010,2023-07-24,mobile,2497.0,130.0,0.078,62.0
S010,2023-07-31,mobile,2463.0,252.0,0.057,55.0
S010,2023-08-07,mobile,2450.0,128.0,0.066,65.0
S010,2023-08-14,mobile,2802.0,187.0,0.119,48.0
S010,2023-08-21,mobile,2572.0,154.0,0.09,58.0
S010,2023-08-28,mobile,2536.0,170.0,0.123,55.0
S010,2023-09-04,mobile,2341.0,249.0,0.054,58.0
S010,2023-09-11,mobile,2491.0,162.0,0.127,56.0
S010,2023-09-18,mobile,2516.0,182.0,0.109,55.0
S010,2023-09-25,mobile,2242.0,199.0,0.065,63.0
S010,2023-10-02,mobile,2659.0,229.0,0.042,53.0
S010,2023-10-09,mobile,2476.0,167.0,0.062,61.0
S010,2023-10-16,mobile,2615.0,258.0,0.058,51.0
S010,2023-10-23,mobile,2284.0,228.0,0.125,55.0
S010,2023-10-30,mobile,2512.0,187.0,0.101,56.0
S010,2023-11-06,mobile,2533.0,158.0,0.026,63.0
S010,2023-11-13,mobile,2309.0,150.0,0.081,65.0
S010,2023-11-20,mobile,2695.0,163.0,0.177,47.0
S010,2023-11-27,mobile,2620.0,105.0,0.138,57.0
S010,2023-12-04,mobile,2388.0,131.0,0.056,67.0
S010,2023-12-11,mobile,2403.0,220.0,0.086,56.0
S010,2023-12-18,mobile,2358.0,187.0,0.129,57.0
S010,2023-12-25,mobile,2519.0,194.0,0.123,53.0
S010,2024-01-01,mobile,2304.0,235.0,0.152,52.0
S010,2024-01-08,mobile,2590.0,161.0,0.069,59.0
S010,2024-01-15,mobile,2476.0,209.0,0.103,54.0
S010,2024-01-22,mobile,2524.0,175.0,0.11,55.0
S010,2024-01-29,mobile,2421.0,183.0,0.115,57.0
S010,2024-02-05,mobile,2560.0,241.0,0.131,48.0
S010,2024-02-12,mobile,2633.0,225.0,0.088,51.0
S010,2024-02-19,mobile,2557.0,122.0,0.071,62.0
S010,2024-02-26,mobile,2468.0,211.0,0.101,55.0
S010,2024-03-04,mobile,2411.0,178.0,0.015,65.0
S010,2024-03-11,mobile,2335.0,229.0,0.05,60.0
S010,2024-03-18,mobile,2319.0,110.0,0.086,67.0
S010,2024-03-25,mobile,2187.0,207.0,0.108,61.0
S010,2024-04-01,mobile,2525.0,190.0,0.072,57.0
S010,2024-04-08,mobile,2461.0,238.0,0.072,55.0
S010,2024-04-15,mobile,2218.0,110.0,0.076,70.0
S010,2024-04-22,mobile,2637.0,223.0,0.062,53.0
S010,2024-04-29,mobile,2471.0,217.0,0.041,59.0
S010,2024-05-06,mobile,2295.0,215.0,0.109,57.0
S010,2024-05-13,mobile,2231.0,218.0,0.109,59.0
S010,2024-05-20,mobile,2418.0,205.0,0.158,52.0
S010,2024-05-27,mobile,2313.0,98.0,0.14,64.0
S010,2024-06-03,mobile,2585.0,175.0,0.076,57.0
S010,2024-06-10,mobile,2366.0,152.0,0.075,64.0
S010,2024-06-17,mobile,2499.0,238.0,0.094,52.0
S010,2024-06-24,mobile,2012.0,195.0,0.163,61.0
S010,2024-07-01,mobile,2349.0,150.0,0.084,64.0
S010,2024-07-08,mobile,2523.0,226.0,0.166,47.0
S010,2024-07-15,mobile,2387.0,261.0,0.102,52.0
S010,2024-07-22,mobile,2170.0,197.0,0.101,62.0
S010,2024-07-29,mobile,2286.0,166.0,0.038,67.0
S010,2024-08-05,mobile,2376.0,235.0,0.211,46.0
S010,2024-08-12,mobile,2621.0,198.0,0.065,55.0
S010,2024-08-19,mobile,2194.0,104.0,0.114,68.0
S010,2024-08-26,mobile,2088.0,166.0,0.042,71.0
S010,2024-09-02,mobile,2053.0,173.0,0.066,70.0
S010,2024-09-09,mobile,2058.0,233.0,0.159,57.0
S010,2024-09-16,mobile,2312.0,181.0,0.102,60.0
S010,2024-09-23,mobile,2791.0,177.0,0.1,50.0
S010,2024-09-30,mobile,2604.0,143.0,0.092,58.0
S010,2024-10-07,mobile,2056.0,171.0,0.134,64.0
S010,2024-10-14,mobile,2018.0,83.0,0.019,82.0
S010,2024-10-21,mobile,1952.0,143.0,0.109,71.0
S010,2024-10-28,mobile,2429.0,191.0,0.025,63.0
S010,2024-11-04,mobile,2005.0,174.0,0.116,67.0
S010,2024-11-11,mobile,2268.0,197.0,0.104,60.0
S010,2024-11-18,mobile,2166.0,161.0,0.09,66.0
S010,2024-11-25,mobile,1932.0,195.0,0.086,69.0
S010,2024-12-02,mobile,1986.0,159.0,0.053,73.0
S010,2024-12-09,mobile,2319.0,132.0,0.047,69.0
S010,2024-12-16,mobile,2659.0,200.0,0.086,52.0
S010,2024-12-23,mobile,2481.0,215.0,0.034,59.0
S010,2024-12-30,mobile,2180.0,185.0,0.098,63.0
S010,2025-01-06,mobile,2178.0,183.0,0.106,63.0
S010,2025-01-13,mobile,2421.0,196.0,0.0,65.0
S010,2025-01-20,mobile,1849.0,215.0,0.087,69.0
S010,2025-01-27,mobile,2143.0,109.0,0.095,71.0
S010,2025-02-03,mobile,1986.0,178.0,0.137,65.0
S010,2025-02-10,mobile,2480.0,221.0,0.139,50.0
S010,2025-02-17,mobile,2198.0,266.0,0.072,58.0
S010,2025-02-24,mobile,2475.0,178.0,0.077,59.0
S010,2025-03-03,mobile,2219.0,194.0,0.063,65.0
S010,2025-03-10,mobile,2450.0,169.0,0.08,60.0
S010,2025-03-17,mobile,2199.0,244.0,0.054,61.0
S010,2025-03-24,mobile,2006.0,187.0,0.06,70.0
S010,2025-03-31,mobile,1702.0,219.0,0.109,70.0
S010,2025-04-07,mobile,2177.0,173.0,0.07,67.0
S010,2025-04-14,mobile,2060.0,252.0,0.086,61.0
S010,2025-04-21,mobile,1690.0,178.0,0.087,76.0
S010,2025-04-28,mobile,2138.0,102.0,0.104,71.0
S010,2025-05-05,mobile,2048.0,117.0,0.076,74.0
S010,2025-05-12,mobile,2143.0,164.0,0.066,68.0
S010,2025-05-19,mobile,2118.0,159.0,0.078,68.0
S010,2025-05-26,mobile,2277.0,182.0,0.15,57.0
S010,2025-06-02,mobile,2235.0,208.0,0.07,62.0
S010,2025-06-09,mobile,1881.0,215.0,0.121,66.0
S010,2025-06-16,mobile,2203.0,236.0,0.05,62.0
S010,2025-06-23,mobile,2276.0,208.0,0.065,62.0
S010,2025-06-30,mobile,2028.0,159.0,0.137,66.0
S010,2025-07-07,mobile,2126.0,164.0,0.054,70.0
S010,2025-07-14,mobile,2197.0,224.0,0.108,59.0
S010,2025-07-21,mobile,2317.0,194.0,0.072,62.0
S010,2025-07-28,mobile,2198.0,214.0,0.095,61.0
S010,2025-08-04,mobile,1765.0,243.0,0.139,64.0
S010,2025-08-11,mobile,2169.0,147.0,0.031,72.0
S010,2025-08-18,mobile,1934.0,132.0,0.097,73.0
S010,2025-08-25,mobile,2357.0,147.0,0.093,63.0
S010,2025-09-01,mobile,2308.0,120.0,0.112,65.0
S010,2025-09-08,mobile,2046.0,192.0,0.119,64.0
S010,2025-09-15,mobile,1449.0,209.0,0.143,74.0
S010,2025-09-22,mobile,2239.0,213.0,0.085,61.0
S010,2025-09-29,mobile,1956.0,207.0,0.066,69.0
S010,2025-10-06,mobile,1985.0,295.0,0.091,59.0
S010,2025-10-13,mobile,1933.0,218.0,0.117,65.0
S010,2025-10-20,mobile,2065.0,217.0,0.055,67.0
S010,2025-10-27,mobile,1872.0,238.0,0.024,72.0
S010,2025-11-03,mobile,2210.0,307.0,0.024,58.0
S010,2025-11-10,mobile,2014.0,215.0,0.078,66.0
S010,2025-11-17,mobile,1774.0,162.0,0.033,80.0
S010,2025-11-24,mobile,1982.0,210.0,0.157,61.0
S010,2025-12-01,mobile,2119.0,256.0,0.018,65.0
S010,2025-12-08,mobile,1932.0,197.0,0.042,72.0
S010,2025-12-15,mobile,2028.0,193.0,0.103,66.0
S010,2025-12-22,mobile,2071.0,171.0,0.101,67.0
S010,2025-12-29,mobile,1871.0,244.0,0.156,61.0
S010,2026-01-05,mobile,2058.0,146.0,0.143,66.0
S010,2026-01-12,mobile,1560.0,255.0,0.068,74.0
S010,2026-01-19,mobile,2033.0,225.0,0.121,61.0
S010,2026-01-26,mobile,1925.0,183.0,0.0,77.0
S010,2026-02-02,mobile,2011.0,144.0,0.108,70.0
S010,2026-02-09,mobile,1912.0,158.0,0.083,73.0
S010,2026-02-16,mobile,1650.0,179.0,0.121,74.0
S010,2026-02-23,mobile,2030.0,181.0,0.076,69.0
S010,2026-03-02,mobile,1853.0,155.0,0.081,74.0
S010,2026-03-09,mobile,1721.0,223.0,0.082,72.0
S010,2026-03-16,mobile,1802.0,161.0,0.025,80.0
S010,2026-03-23,mobile,1997.0,67.0,0.057,81.0
S010,2026-03-30,mobile,2068.0,241.0,0.162,56.0
S010,2026-04-06,mobile,2034.0,250.0,0.079,63.0
S010,2026-04-13,mobile,1872.0,232.0,0.047,70.0
S010,2026-04-20,mobile,1848.0,196.0,0.0,78.0
S010,2026-04-27,mobile,2129.0,153.0,0.11,66.0
S010,2026-05-04,mobile,1573.0,221.0,0.12,72.0
S010,2026-05-11,mobile,1903.0,169.0,0.105,70.0
S010,2026-05-18,mobile,1569.0,252.0,0.099,71.0
S010,2026-05-25,mobile,1822.0,95.0,0.147,75.0
S010,2026-06-01,mobile,1815.0,109.0,0.07,80.0
S010,2026-06-08,mobile,1960.0,189.0,0.115,66.0
S010,2026-06-15,mobile,1894.0,183.0,0.09,71.0
S010,2026-06-22,mobile,2055.0,118.0,0.099,72.0
S010,2026-06-29,mobile,1951.0,217.0,0.001,74.0
S010,2026-07-06,mobile,1923.0,224.0,0.04,70.0
S010,2026-07-13,mobile,1918.0,237.0,0.004,72.0
S010,2026-07-20,mobile,1922.0,179.0,0.161,64.0
S010,2026-07-27,mobile,1798.0,161.0,0.027,80.0
S010,2026-08-03,mobile,1613.0,227.0,0.146,69.0
S010,2026-08-10,mobile,1673.0,156.0,0.049,81.0
S010,2026-08-17,mobile,1939.0,224.0,0.059,69.0
S010,2026-08-24,mobile,1465.0,184.0,0.096,79.0
S010,2026-08-31,mobile,2049.0,256.0,0.098,60.0
S010,2026-09-07,mobile,1716.0,269.0,0.044,71.0
S010,2026-09-14,mobile,1832.0,143.0,0.108,74.0
S010,2026-09-21,mobile,1832.0,182.0,0.123,69.0
S010,2026-09-28,mobile,1856.0,243.0,0.171,60.0
S010,2023-07-03,desktop,1486.0,198.0,0.036,83.0
S010,2023-07-10,desktop,1396.0,123.0,0.088,87.0
S010,2023-07-17,desktop,1325.0,104.0,0.083,90.0
S010,2023-07-24,desktop,1154.0,141.0,0.081,91.0
S010,2023-07-31,desktop,1587.0,50.0,0.021,94.0
S010,2023-08-07,desktop,1295.0,94.0,0.038,95.0
S010,2023-08-14,desktop,1269.0,64.0,0.104,93.0
S010,2023-08-21,desktop,1429.0,89.0,0.0,96.0
S010,2023-08-28,desktop,1662.0,122.0,0.075,82.0
S010,2023-09-04,desktop,1368.0,72.0,0.142,87.0
S010,2023-09-11,desktop,1461.0,140.0,0.026,89.0
S010,2023-09-18,desktop,1272.0,100.0,0.045,95.0
S010,2023-09-25,desktop,1279.0,99.0,0.087,91.0
S010,2023-10-02,desktop,1218.0,109.0,0.118,89.0
S010,2023-10-09,desktop,1593.0,98.0,0.11,83.0
S010,2023-10-16,desktop,1368.0,164.0,0.046,87.0
S010,2023-10-23,desktop,1115.0,93.0,0.164,89.0
S010,2023-10-30,desktop,1201.0,52.0,0.152,92.0
S010,2023-11-06,desktop,1056.0,122.0,0.053,97.0
S010,2023-11-13,desktop,1074.0,84.0,0.037,100.0
S010,2023-11-20,desktop,1306.0,148.0,0.062,89.0
S010,2023-11-27,desktop,1165.0,106.0,0.08,94.0
S010,2023-12-04,desktop,1229.0,91.0,0.124,90.0
S010,2023-12-11,desktop,1483.0,40.0,0.0,99.0
S010,2023-12-18,desktop,1071.0,40.0,0.066,100.0
S010,2023-12-25,desktop,1370.0,95.0,0.067,91.0
S010,2024-01-01,desktop,1182.0,162.0,0.079,89.0
S010,2024-01-08,desktop,1264.0,138.0,0.122,86.0
S010,2024-01-15,desktop,1187.0,95.0,0.025,99.0
S010,2024-01-22,desktop,1248.0,170.0,0.05,89.0
S010,2024-01-29,desktop,1337.0,40.0,0.1,94.0
S010,2024-02-05,desktop,1344.0,61.0,0.116,91.0
S010,2024-02-12,desktop,1545.0,96.0,0.127,83.0
S010,2024-02-19,desktop,964.0,146.0,0.081,95.0
S010,2024-02-26,desktop,1393.0,120.0,0.052,90.0
S010,2024-03-04,desktop,1570.0,132.0,0.082,83.0
S010,2024-03-11,desktop,1349.0,87.0,0.171,84.0
S010,2024-03-18,desktop,1090.0,135.0,0.11,91.0
S010,2024-03-25,desktop,1326.0,50.0,0.14,90.0
S010,2024-04-01,desktop,1354.0,167.0,0.058,86.0
S010,2024-04-08,desktop,1238.0,64.0,0.048,98.0
S010,2024-04-15,desktop,1104.0,86.0,0.081,97.0
S010,2024-04-22,desktop,1468.0,40.0,0.062,94.0
S010,2024-04-29,desktop,1696.0,172.0,0.09,76.0
S010,2024-05-06,desktop,1145.0,164.0,0.159,83.0
S010,2024-05-13,desktop,1394.0,115.0,0.096,87.0
S010,2024-05-20,desktop,1372.0,110.0,0.062,90.0
S010,2024-05-27,desktop,1048.0,120.0,0.154,89.0
S010,2024-06-03,desktop,1239.0,71.0,0.098,94.0
S010,2024-06-10,desktop,1198.0,76.0,0.073,96.0
S010,2024-06-17,desktop,1147.0,104.0,0.127,91.0
S010,2024-06-24,desktop,1310.0,62.0,0.061,96.0
S010,2024-07-01,desktop,1359.0,152.0,0.091,85.0
S010,2024-07-08,desktop,1475.0,145.0,0.05,86.0
S010,2024-07-15,desktop,1177.0,79.0,0.032,100.0
S010,2024-07-22,desktop,1334.0,104.0,0.12,87.0
S010,2024-07-29,desktop,1271.0,86.0,0.068,94.0
S010,2024-08-05,desktop,1020.0,122.0,0.093,95.0
S010,2024-08-12,desktop,1170.0,164.0,0.107,87.0
S010,2024-08-19,desktop,1341.0,53.0,0.096,93.0
S010,2024-08-26,desktop,1182.0,133.0,0.086,91.0
S010,2024-09-02,desktop,1091.0,216.0,0.077,87.0
S010,2024-09-09,desktop,1408.0,83.0,0.03,94.0
S010,2024-09-16,desktop,1057.0,126.0,0.069,96.0
S010,2024-09-23,desktop,1610.0,78.0,0.001,93.0
S010,2024-09-30,desktop,1005.0,85.0,0.096,98.0
S010,2024-10-07,desktop,1358.0,61.0,0.115,91.0
S010,2024-10-14,desktop,1375.0,56.0,0.072,94.0
S010,2024-10-21,desktop,1198.0,75.0,0.077,96.0
S010,2024-10-28,desktop,1423.0,104.0,0.021,93.0
S010,2024-11-04,desktop,1320.0,81.0,0.037,96.0
S010,2024-11-11,desktop,1205.0,121.0,0.018,97.0
S010,2024-11-18,desktop,1337.0,77.0,0.114,90.0
S010,2024-11-25,desktop,1098.0,52.0,0.058,100.0
S010,2024-12-02,desktop,1429.0,179.0,0.027,86.0
S010,2024-12-09,desktop,1054.0,162.0,0.048,94.0
S010,2024-12-16,desktop,1099.0,111.0,0.035,99.0
S010,2024-12-23,desktop,1300.0,155.0,0.116,84.0
S010,2024-12-30,desktop,957.0,151.0,0.113,92.0
S010,2025-01-06,desktop,1404.0,114.0,0.035,91.0
S010,2025-01-13,desktop,1157.0,121.0,0.11,90.0
S010,2025-01-20,desktop,1547.0,134.0,0.037,87.0
S010,2025-01-27,desktop,1384.0,91.0,0.101,89.0
S010,2025-02-03,desktop,1253.0,142.0,0.047,92.0
S010,2025-02-10,desktop,1433.0,54.0,0.035,96.0
S010,2025-02-17,desktop,1275.0,89.0,0.066,94.0
S010,2025-02-24,desktop,1507.0,40.0,0.081,92.0
S010,2025-03-03,desktop,1175.0,63.0,0.105,95.0
S010,2025-03-10,desktop,1300.0,57.0,0.082,95.0
S010,2025-03-17,desktop,1262.0,138.0,0.092,88.0
S010,2025-03-24,desktop,1131.0,142.0,0.041,95.0
S010,2025-03-31,desktop,1092.0,80.0,0.055,100.0
S010,2025-04-07,desktop,1100.0,85.0,0.157,91.0
S010,2025-04-14,desktop,1196.0,169.0,0.06,90.0
S010,2025-04-21,desktop,1203.0,148.0,0.046,92.0
S010,2025-04-28,desktop,706.0,131.0,0.036,100.0
S010,2025-05-05,desktop,946.0,149.0,0.058,97.0
S010,2025-05-12,desktop,1309.0,99.0,0.149,86.0
S010,2025-05-19,desktop,1385.0,106.0,0.079,89.0
S010,2025-05-26,desktop,941.0,149.0,0.118,92.0
S010,2025-06-02,desktop,710.0,52.0,0.086,100.0
S010,2025-06-09,desktop,1282.0,102.0,0.166,85.0
S010,2025-06-16,desktop,1338.0,94.0,0.042,94.0
S010,2025-06-23,desktop,797.0,115.0,0.109,99.0
S010,2025-06-30,desktop,1079.0,130.0,0.072,94.0
S010,2025-07-07,desktop,1058.0,175.0,0.103,89.0
S010,2025-07-14,desktop,1321.0,115.0,0.087,89.0
S010,2025-07-21,desktop,1316.0,40.0,0.162,89.0
S010,2025-07-28,desktop,999.0,97.0,0.058,100.0
S010,2025-08-04,desktop,1244.0,76.0,0.075,95.0
S010,2025-08-11,desktop,1553.0,122.0,0.048,87.0
S010,2025-08-18,desktop,1068.0,206.0,0.009,93.0
S010,2025-08-25,desktop,1140.0,135.0,0.091,91.0
S010,2025-09-01,desktop,1088.0,144.0,0.1,91.0
S010,2025-09-08,desktop,1144.0,40.0,0.069,100.0
S010,2025-09-15,desktop,1273.0,87.0,0.109,91.0
S010,2025-09-22,desktop,1331.0,88.0,0.145,86.0
S010,2025-09-29,desktop,1047.0,47.0,0.065,100.0
S010,2025-10-06,desktop,1222.0,100.0,0.085,93.0
S010,2025-10-13,desktop,1139.0,74.0,0.128,93.0
S010,2025-10-20,desktop,1121.0,92.0,0.076,96.0
S010,2025-10-27,desktop,964.0,94.0,0.083,99.0
S010,2025-11-03,desktop,1071.0,124.0,0.122,91.0
S010,2025-11-10,desktop,1078.0,71.0,0.124,95.0
S010,2025-11-17,desktop,1008.0,110.0,0.108,95.0
S010,2025-11-24,desktop,1415.0,172.0,0.066,84.0
S010,2025-12-01,desktop,938.0,48.0,0.0,100.0
S010,2025-12-08,desktop,1128.0,71.0,0.087,97.0
S010,2025-12-15,desktop,1423.0,156.0,0.083,84.0
S010,2025-12-22,desktop,1358.0,73.0,0.141,87.0
S010,2025-12-29,desktop,1188.0,117.0,0.0,99.0
S010,2026-01-05,desktop,1184.0,40.0,0.105,97.0
S010,2026-01-12,desktop,841.0,109.0,0.157,95.0
S010,2026-01-19,desktop,1030.0,40.0,0.135,98.0
S010,2026-01-26,desktop,1318.0,109.0,0.154,84.0
S010,2026-02-02,desktop,748.0,137.0,0.074,100.0
S010,2026-02-09,desktop,904.0,103.0,0.094,99.0
S010,2026-02-16,desktop,1452.0,115.0,0.118,84.0
S010,2026-02-23,desktop,1091.0,108.0,0.069,96.0
S010,2026-03-02,desktop,1087.0,119.0,0.057,96.0
S010,2026-03-09,desktop,1017.0,40.0,0.083,100.0
S010,2026-03-16,desktop,1194.0,139.0,0.086,90.0
S010,2026-03-23,desktop,737.0,167.0,0.093,97.0
S010,2026-03-30,desktop,1048.0,106.0,0.055,98.0
S010,2026-04-06,desktop,1357.0,87.0,0.088,91.0
S010,2026-04-13,desktop,1186.0,111.0,0.048,96.0
S010,2026-04-20,desktop,830.0,191.0,0.136,90.0
S010,2026-04-27,desktop,1076.0,90.0,0.15,92.0
S010,2026-05-04,desktop,902.0,158.0,0.168,88.0
S010,2026-05-11,desktop,915.0,182.0,0.108,91.0
S010,2026-05-18,desktop,912.0,135.0,0.021,100.0
S010,2026-05-25,desktop,1349.0,109.0,0.03,94.0
S010,2026-06-01,desktop,1189.0,129.0,0.026,96.0
S010,2026-06-08,desktop,1558.0,40.0,0.149,85.0
S010,2026-06-15,desktop,1174.0,97.0,0.099,93.0
S010,2026-06-22,desktop,717.0,94.0,0.042,100.0
S010,2026-06-29,desktop,1166.0,117.0,0.062,94.0
S010,2026-07-06,desktop,1013.0,105.0,0.141,92.0
S010,2026-07-13,desktop,1105.0,153.0,0.076,92.0
S010,2026-07-20,desktop,1131.0,171.0,0.164,83.0
S010,2026-07-27,desktop,1107.0,141.0,0.19,83.0
S010,2026-08-03,desktop,1137.0,137.0,0.012,97.0
S010,2026-08-10,desktop,920.0,166.0,0.052,97.0
S010,2026-08-17,desktop,935.0,40.0,0.063,100.0
S010,2026-08-24,desktop,1189.0,157.0,0.103,87.0
S010,2026-08-31,desktop,1132.0,67.0,0.1,96.0
S010,2026-09-07,desktop,1296.0,148.0,0.119,84.0
S010,2026-09-14,desktop,1003.0,126.0,0.04,99.0
S010,2026-09-21,desktop,834.0,146.0,0.093,97.0
S010,2026-09-28,desktop,995.0,143.0,0.048,97.0
S011,2023-07-03,mobile,2136.0,235.0,0.093,60.0
S011,2023-07-10,mobile,2279.0,139.0,0.072,67.0
S011,2023-07-17,mobile,2155.0,160.0,0.013,73.0
S011,2023-07-24,mobile,2069.0,47.0,0.11,76.0
S011,2023-07-31,mobile,2140.0,225.0,0.01,68.0
S011,2023-08-07,mobile,2081.0,180.0,0.043,70.0
S011,2023-08-14,mobile,1930.0,142.0,0.058,76.0
S011,2023-08-21,mobile,2010.0,248.0,0.062,65.0
S011,2023-08-28,mobile,2365.0,166.0,0.066,63.0
S011,2023-09-04,mobile,2091.0,246.0,0.198,52.0
S011,2023-09-11,mobile,2056.0,146.0,0.07,72.0
S011,2023-09-18,mobile,1864.0,179.0,0.082,72.0
S011,2023-09-25,mobile,2213.0,221.0,0.036,64.0
S011,2023-10-02,mobile,1857.0,265.0,0.015,70.0
S011,2023-10-09,mobile,1921.0,131.0,0.106,73.0
S011,2023-10-16,mobile,2196.0,186.0,0.098,63.0
S011,2023-10-23,mobile,2195.0,280.0,0.126,53.0
S011,2023-10-30,mobile,2144.0,244.0,0.043,64.0
S011,2023-11-06,mobile,1869.0,205.0,0.107,68.0
S011,2023-11-13,mobile,2029.0,199.0,0.139,62.0
S011,2023-11-20,mobile,2331.0,194.0,0.03,65.0
S011,2023-11-27,mobile,1968.0,158.0,0.172,64.0
S011,2023-12-04,mobile,2047.0,261.0,0.075,62.0
S011,2023-12-11,mobile,1843.0,167.0,0.067,75.0
S011,2023-12-18,mobile,1920.0,197.0,0.116,67.0
S011,2023-12-25,mobile,1881.0,232.0,0.089,67.0
S011,2024-01-01,mobile,2087.0,103.0,0.047,76.0
S011,2024-01-08,mobile,1550.0,161.0,0.13,77.0
S011,2024-01-15,mobile,2097.0,221.0,0.09,63.0
S011,2024-01-22,mobile,2055.0,217.0,0.151,59.0
S011,2024-01-29,mobile,1854.0,211.0,0.09,69.0
S011,2024-02-05,mobile,2095.0,254.0,0.121,58.0
S011,2024-02-12,mobile,2119.0,174.0,0.018,72.0
S011,2024-02-19,mobile,2116.0,185.0,0.143,61.0
S011,2024-02-26,mobile,2341.0,172.0,0.049,65.0
S011,2024-03-04,mobile,2173.0,214.0,0.081,62.0
S011,2024-03-11,mobile,2153.0,162.0,0.099,66.0
S011,2024-03-18,mobile,2277.0,263.0,0.058,58.0
S011,2024-03-25,mobile,1920.0,246.0,0.046,68.0
S011,2024-04-01,mobile,2088.0,167.0,0.0,75.0
S011,2024-04-08,mobile,1906.0,171.0,0.097,71.0
S011,2024-04-15,mobile,1799.0,142.0,0.046,79.0
S011,2024-04-22,mobile,1771.0,181.0,0.028,78.0
S011,2024-04-29,mobile,2133.0,208.0,0.059,66.0
S011,2024-05-06,mobile,2170.0,278.0,0.066,58.0
S011,2024-05-13,mobile,2055.0,175.0,0.042,71.0
S011,2024-05-20,mobile,1883.0,175.0,0.058,74.0
S011,2024-05-27,mobile,2306.0,202.0,0.098,59.0
S011,2024-06-03,mobile,2115.0,148.0,0.102,68.0
S011,2024-06-10,mobile,1953.0,190.0,0.108,67.0
S011,2024-06-17,mobile,1703.0,193.0,0.088,74.0
S011,2024-06-24,mobile,1820.0,172.0,0.112,71.0
S011,2024-07-01,mobile,2595.0,205.0,0.116,51.0
S011,2024-07-08,mobile,2001.0,176.0,0.158,63.0
S011,2024-07-15,mobile,2033.0,215.0,0.071,66.0
S011,2024-07-22,mobile,2041.0,172.0,0.101,67.0
S011,2024-07-29,mobile,2062.0,187.0,0.085,67.0
S011,2024-08-05,mobile,2040.0,152.0,0.075,71.0
S011,2024-08-12,mobile,1953.0,194.0,0.031,73.0
S011,2024-08-19,mobile,1934.0,244.0,0.058,67.0
S011,2024-08-26,mobile,1890.0,254.0,0.097,64.0
S011,2024-09-02,mobile,2380.0,152.0,0.088,62.0
S011,2024-09-09,mobile,2090.0,138.0,0.107,69.0
S011,2024-09-16,mobile,1976.0,157.0,0.033,75.0
S011,2024-09-23,mobile,2231.0,232.0,0.061,61.0
S011,2024-09-30,mobile,1868.0,152.0,0.019,79.0
S011,2024-10-07,mobile,2121.0,167.0,0.095,66.0
S011,2024-10-14,mobile,1985.0,174.0,0.082,70.0
S011,2024-10-21,mobile,1964.0,257.0,0.078,64.0
S011,2024-10-28,mobile,2203.0,178.0,0.082,65.0
S011,2024-11-04,mobile,1765.0,173.0,0.03,79.0
S011,2024-11-11,mobile,2053.0,161.0,0.079,70.0
S011,2024-11-18,mobile,1934.0,184.0,0.072,71.0
S011,2024-11-25,mobile,1792.0,212.0,0.064,72.0
S011,2024-12-02,mobile,1996.0,106.0,0.073,76.0
S011,2024-12-09,mobile,1879.0,77.0,0.074,81.0
S011,2024-12-16,mobile,2045.0,147.0,0.153,65.0
S011,2024-12-23,mobile,1810.0,180.0,0.053,75.0
S011,2024-12-30,mobile,1982.0,186.0,0.126,65.0
S011,2025-01-06,mobile,1966.0,278.0,0.057,64.0
S011,2025-01-13,mobile,2151.0,210.0,0.049,66.0
S011,2025-01-20,mobile,1689.0,167.0,0.061,79.0
S011,2025-01-27,mobile,1917.0,147.0,0.041,77.0
S011,2025-02-03,mobile,2098.0,164.0,0.015,74.0
S011,2025-02-10,mobile,2003.0,302.0,0.049,61.0
S011,2025-02-17,mobile,2020.0,148.0,0.086,71.0
S011,2025-02-24,mobile,2340.0,256.0,0.089,55.0
S011,2025-03-03,mobile,1891.0,156.0,0.063,75.0
S011,2025-03-10,mobile,1979.0,147.0,0.097,71.0
S011,2025-03-17,mobile,2134.0,107.0,0.012,78.0
S011,2025-03-24,mobile,1936.0,208.0,0.085,68.0
S011,2025-03-31,mobile,2457.0,192.0,0.039,61.0
S011,2025-04-07,mobile,2207.0,214.0,0.074,62.0
S011,2025-04-14,mobile,1874.0,191.0,0.132,67.0
S011,2025-04-21,mobile,2186.0,165.0,0.043,69.0
S011,2025-04-28,mobile,2091.0,167.0,0.08,68.0
S011,2025-05-05,mobile,2237.0,187.0,0.019,68.0
S011,2025-05-12,mobile,2187.0,117.0,0.016,75.0
S011,2025-05-19,mobile,2018.0,192.0,0.104,66.0
S011,2025-05-26,mobile,2235.0,201.0,0.047,65.0
S011,2025-06-02,mobile,1831.0,258.0,0.101,65.0
S011,2025-06-09,mobile,2319.0,172.0,0.052,65.0
S011,2025-06-16,mobile,2057.0,258.0,0.14,57.0
S011,2025-06-23,mobile,1919.0,141.0,0.065,75.0
S011,2025-06-30,mobile,2101.0,178.0,0.002,73.0
S011,2025-07-07,mobile,1887.0,140.0,0.032,79.0
S011,2025-07-14,mobile,2027.0,197.0,0.115,64.0
S011,2025-07-21,mobile,2345.0,259.0,0.134,51.0
S011,2025-07-28,mobile,2043.0,192.0,0.074,68.0
S011,2025-08-04,mobile,1892.0,200.0,0.098,68.0
S011,2025-08-11,mobile,2115.0,222.0,0.0,69.0
S011,2025-08-18,mobile,2217.0,232.0,0.108,58.0
S011,2025-08-25,mobile,1868.0,154.0,0.074,75.0
S011,2025-09-01,mobile,2045.0,203.0,0.053,68.0
S011,2025-09-08,mobile,1979.0,158.0,0.067,73.0
S011,2025-09-15,mobile,1927.0,122.0,0.051,78.0
S011,2025-09-22,mobile,2196.0,201.0,0.116,60.0
S011,2025-09-29,mobile,1902.0,179.0,0.131,67.0
S011,2025-10-06,mobile,1826.0,216.0,0.126,66.0
S011,2025-10-13,mobile,1916.0,187.0,0.074,71.0
S011,2025-10-20,mobile,2170.0,228.0,0.106,59.0
S011,2025-10-27,mobile,2014.0,208.0,0.076,67.0
S011,2025-11-03,mobile,1821.0,104.0,0.113,77.0
S011,2025-11-10,mobile,2043.0,208.0,0.076,66.0
S011,2025-11-17,mobile,1698.0,214.0,0.059,75.0
S011,2025-11-24,mobile,1944.0,193.0,0.125,66.0
S011,2025-12-01,mobile,1834.0,184.0,0.0,79.0
S011,2025-12-08,mobile,2222.0,185.0,0.08,64.0
S011,2025-12-15,mobile,1671.0,254.0,0.097,69.0
S011,2025-12-22,mobile,1882.0,185.0,0.124,68.0
S011,2025-12-29,mobile,1923.0,171.0,0.083,71.0
S011,2026-01-05,mobile,2302.0,209.0,0.081,60.0
S011,2026-01-12,mobile,2201.0,180.0,0.1,63.0
S011,2026-01-19,mobile,2044.0,247.0,0.188,54.0
S011,2026-01-26,mobile,2045.0,210.0,0.119,63.0
S011,2026-02-02,mobile,1863.0,201.0,0.105,68.0
S011,2026-02-09,mobile,1902.0,238.0,0.051,69.0
S011,2026-02-16,mobile,1683.0,105.0,0.159,76.0
S011,2026-02-23,mobile,2101.0,231.0,0.0,69.0
S011,2026-03-02,mobile,1818.0,195.0,0.0,78.0
S011,2026-03-09,mobile,2010.0,186.0,0.024,73.0
S011,2026-03-16,mobile,1887.0,122.0,0.068,78.0
S011,2026-03-23,mobile,2163.0,92.0,0.14,68.0
S011,2026-03-30,mobile,2156.0,209.0,0.08,63.0
S011,2026-04-06,mobile,2125.0,219.0,0.054,65.0
S011,2026-04-13,mobile,1891.0,104.0,0.063,79.0
S011,2026-04-20,mobile,1957.0,180.0,0.03,74.0
S011,2026-04-27,mobile,1455.0,144.0,0.059,86.0
S011,2026-05-04,mobile,2261.0,219.0,0.123,57.0
S011,2026-05-11,mobile,1975.0,175.0,0.121,67.0
S011,2026-05-18,mobile,1759.0,248.0,0.084,69.0
S011,2026-05-25,mobile,2100.0,206.0,0.038,68.0
S011,2026-06-01,mobile,1815.0,184.0,0.114,70.0
S011,2026-06-08,mobile,2124.0,113.0,0.111,70.0
S011,2026-06-15,mobile,1925.0,148.0,0.013,79.0
S011,2026-06-22,mobile,2051.0,176.0,0.019,73.0
S011,2026-06-29,mobile,2136.0,212.0,0.058,65.0
S011,2026-07-06,mobile,2239.0,145.0,0.112,64.0
S011,2026-07-13,mobile,2069.0,200.0,0.165,59.0
S011,2026-07-20,mobile,2022.0,195.0,0.142,62.0
S011,2026-07-27,mobile,2175.0,141.0,0.117,66.0
S011,2026-08-03,mobile,2046.0,186.0,0.096,66.0
S011,2026-08-10,mobile,1903.0,161.0,0.064,74.0
S011,2026-08-17,mobile,1959.0,152.0,0.053,75.0
S011,2026-08-24,mobile,1929.0,211.0,0.099,67.0
S011,2026-08-31,mobile,2124.0,185.0,0.013,71.0
S011,2026-09-07,mobile,2075.0,87.0,0.097,74.0
S011,2026-09-14,mobile,1984.0,223.0,0.078,66.0
S011,2026-09-21,mobile,2243.0,226.0,0.079,60.0
S011,2026-09-28,mobile,2019.0,160.0,0.076,71.0
S011,2023-07-03,desktop,1118.0,122.0,0.085,93.0
S011,2023-07-10,desktop,878.0,104.0,0.102,99.0
S011,2023-07-17,desktop,1220.0,154.0,0.072,89.0
S011,2023-07-24,desktop,1061.0,40.0,0.088,100.0
S011,2023-07-31,desktop,874.0,40.0,0.091,100.0
S011,2023-08-07,desktop,1087.0,95.0,0.078,97.0
S011,2023-08-14,desktop,1129.0,127.0,0.068,94.0
S011,2023-08-21,desktop,1284.0,40.0,0.118,94.0
S011,2023-08-28,desktop,1078.0,126.0,0.009,100.0
S011,2023-09-04,desktop,1203.0,177.0,0.137,83.0
S011,2023-09-11,desktop,1161.0,40.0,0.062,100.0
S011,2023-09-18,desktop,1253.0,158.0,0.045,90.0
S011,2023-09-25,desktop,1283.0,129.0,0.152,84.0
S011,2023-10-02,desktop,1225.0,142.0,0.107,87.0
S011,2023-10-09,desktop,1119.0,116.0,0.095,93.0
S011,2023-10-16,desktop,1122.0,154.0,0.125,87.0
S011,2023-10-23,desktop,976.0,127.0,0.076,97.0
S011,2023-10-30,desktop,1112.0,62.0,0.088,98.0
S011,2023-11-06,desktop,824.0,99.0,0.086,100.0
S011,2023-11-13,desktop,1243.0,128.0,0.068,91.0
S011,2023-11-20,desktop,1240.0,168.0,0.143,82.0
S011,2023-11-27,desktop,1119.0,158.0,0.112,88.0
S011,2023-12-04,desktop,1077.0,48.0,0.027,100.0
S011,2023-12-11,desktop,1027.0,138.0,0.05,97.0
S011,2023-12-18,desktop,958.0,74.0,0.082,100.0
S011,2023-12-25,desktop,1312.0,98.0,0.124,88.0
S011,2024-01-01,desktop,1058.0,148.0,0.004,99.0
S011,2024-01-08,desktop,894.0,201.0,0.088,91.0
S011,2024-01-15,desktop,1092.0,88.0,0.019,100.0
S011,2024-01-22,desktop,1088.0,176.0,0.12,87.0
S011,2024-01-29,desktop,997.0,118.0,0.054,99.0
S011,2024-02-05,desktop,1156.0,177.0,0.046,91.0
S011,2024-02-12,desktop,1061.0,166.0,0.038,95.0
S011,2024-02-19,desktop,1220.0,72.0,0.064,97.0
S011,2024-02-26,desktop,1167.0,110.0,0.079,94.0
S011,2024-03-04,desktop,1075.0,108.0,0.106,94.0
S011,2024-03-11,desktop,1035.0,108.0,0.057,98.0
S011,2024-03-18,desktop,1224.0,64.0,0.134,92.0
S011,2024-03-25,desktop,774.0,152.0,0.068,100.0
S011,2024-04-01,desktop,1355.0,147.0,0.111,84.0
S011,2024-04-08,desktop,1030.0,97.0,0.073,98.0
S011,2024-04-15,desktop,764.0,87.0,0.136,100.0
S011,2024-04-22,desktop,1069.0,151.0,0.112,90.0
S011,2024-04-29,desktop,1314.0,116.0,0.098,88.0
S011,2024-05-06,desktop,1169.0,163.0,0.118,86.0
S011,2024-05-13,desktop,751.0,71.0,0.101,100.0
S011,2024-05-20,desktop,867.0,62.0,0.162,98.0
S011,2024-05-27,desktop,887.0,131.0,0.052,100.0
S011,2024-06-03,desktop,974.0,185.0,0.042,95.0
S011,2024-06-10,desktop,1050.0,55.0,0.114,98.0
S011,2024-06-17,desktop,1131.0,182.0,0.123,85.0
S011,2024-06-24,desktop,772.0,99.0,0.159,97.0
S011,2024-07-01,desktop,1074.0,84.0,0.025,100.0
S011,2024-07-08,desktop,996.0,107.0,0.054,100.0
S011,2024-07-15,desktop,1073.0,60.0,0.158,94.0
S011,2024-07-22,desktop,883.0,98.0,0.0,100.0
S011,2024-07-29,desktop,885.0,64.0,0.085,100.0
S011,2024-08-05,desktop,1241.0,70.0,0.045,98.0
S011,2024-08-12,desktop,1133.0,61.0,0.082,98.0
S011,2024-08-19,desktop,1087.0,46.0,0.081,100.0
S011,2024-08-26,desktop,874.0,101.0,0.048,100.0
S011,2024-09-02,desktop,1190.0,104.0,0.02,98.0
S011,2024-09-09,desktop,700.0,116.0,0.096,100.0
S011,2024-09-16,desktop,975.0,40.0,0.061,100.0
S011,2024-09-23,desktop,1069.0,166.0,0.151,85.0
S011,2024-09-30,desktop,1137.0,97.0,0.05,98.0
S011,2024-10-07,desktop,821.0,160.0,0.074,97.0
S011,2024-10-14,desktop,991.0,63.0,0.142,96.0
S011,2024-10-21,desktop,947.0,41.0,0.075,100.0
S011,2024-10-28,desktop,1142.0,78.0,0.095,96.0
S011,2024-11-04,desktop,1234.0,143.0,0.078,89.0
S011,2024-11-11,desktop,994.0,75.0,0.109,98.0
S011,2024-11-18,desktop,1137.0,89.0,0.035,100.0
S011,2024-11-25,desktop,1332.0,173.0,0.087,84.0
S011,2024-12-02,desktop,988.0,107.0,0.009,100.0
S011,2024-12-09,desktop,1068.0,40.0,0.078,100.0
S011,2024-12-16,desktop,795.0,125.0,0.087,100.0
S011,2024-12-23,desktop,954.0,104.0,0.056,100.0
S011,2024-12-30,desktop,901.0,181.0,0.075,94.0
S011,2025-01-06,desktop,805.0,134.0,0.016,100.0
S011,2025-01-13,desktop,843.0,148.0,0.101,96.0
S011,2025-01-20,desktop,1035.0,228.0,0.087,86.0
S011,2025-01-27,desktop,860.0,115.0,0.063,100.0
S011,2025-02-03,desktop,1022.0,131.0,0.118,92.0
S011,2025-02-10,desktop,1012.0,151.0,0.029,98.0
S011,2025-02-17,desktop,700.0,105.0,0.065,100.0
S011,2025-02-24,desktop,1072.0,60.0,0.17,93.0
S011,2025-03-03,desktop,969.0,130.0,0.108,94.0
S011,2025-03-10,desktop,1242.0,70.0,0.153,89.0
S011,2025-03-17,desktop,756.0,186.0,0.073,97.0
S011,2025-03-24,desktop,859.0,40.0,0.089,100.0
S011,2025-03-31,desktop,1032.0,105.0,0.135,93.0
S011,2025-04-07,desktop,1221.0,106.0,0.088,92.0
S011,2025-04-14,desktop,700.0,56.0,0.119,100.0
S011,2025-04-21,desktop,700.0,122.0,0.059,100.0
S011,2025-04-28,desktop,700.0,59.0,0.127,100.0
S011,2025-05-05,desktop,965.0,124.0,0.063,98.0
S011,2025-05-12,desktop,1086.0,111.0,0.022,100.0
S011,2025-05-19,desktop,1083.0,115.0,0.054,97.0
S011,2025-05-26,desktop,968.0,186.0,0.093,91.0
S011,2025-06-02,desktop,1117.0,68.0,0.027,100.0
S011,2025-06-09,desktop,880.0,86.0,0.074,100.0
S011,2025-06-16,desktop,1053.0,172.0,0.092,90.0
S011,2025-06-23,desktop,964.0,152.0,0.034,98.0
S011,2025-06-30,desktop,1014.0,40.0,0.059,100.0
S011,2025-07-07,desktop,700.0,60.0,0.146,100.0
S011,2025-07-14,desktop,1031.0,64.0,0.115,98.0
S011,2025-07-21,desktop,1041.0,52.0,0.004,100.0
S011,2025-07-28,desktop,700.0,175.0,0.054,100.0
S011,2025-08-04,desktop,1023.0,88.0,0.079,99.0
S011,2025-08-11,desktop,1027.0,61.0,0.083,100.0
S011,2025-08-18,desktop,1212.0,65.0,0.055,98.0
S011,2025-08-25,desktop,1198.0,57.0,0.166,90.0
S011,2025-09-01,desktop,1063.0,156.0,0.06,94.0
S011,2025-09-08,desktop,878.0,175.0,0.146,89.0
S011,2025-09-15,desktop,1344.0,60.0,0.103,92.0
S011,2025-09-22,desktop,1217.0,40.0,0.139,94.0
S011,2025-09-29,desktop,1017.0,161.0,0.132,88.0
S011,2025-10-06,desktop,1040.0,67.0,0.111,97.0
S011,2025-10-13,desktop,720.0,169.0,0.027,100.0
S011,2025-10-20,desktop,1111.0,41.0,0.128,97.0
S011,2025-10-27,desktop,1106.0,129.0,0.054,95.0
S011,2025-11-03,desktop,844.0,40.0,0.108,100.0
S011,2025-11-10,desktop,1255.0,154.0,0.115,85.0
S011,2025-11-17,desktop,1138.0,137.0,0.053,94.0
S011,2025-11-24,desktop,741.0,87.0,0.139,100.0
S011,2025-12-01,desktop,904.0,76.0,0.064,100.0
S011,2025-12-08,desktop,961.0,114.0,0.1,96.0
S011,2025-12-15,desktop,700.0,40.0,0.134,100.0
S011,2025-12-22,desktop,798.0,65.0,0.04,100.0
S011,2025-12-29,desktop,1201.0,137.0,0.108,88.0
S011,2026-01-05,desktop,802.0,84.0,0.055,100.0
S011,2026-01-12,desktop,883.0,207.0,0.087,91.0
S011,2026-01-19,desktop,994.0,148.0,0.04,97.0
S011,2026-01-26,desktop,1081.0,40.0,0.087,100.0
S011,2026-02-02,desktop,920.0,106.0,0.129,95.0
S011,2026-02-09,desktop,700.0,101.0,0.111,100.0
S011,2026-02-16,desktop,1166.0,40.0,0.09,99.0
S011,2026-02-23,desktop,700.0,92.0,0.101,100.0
S011,2026-03-02,desktop,1002.0,107.0,0.107,95.0
S011,2026-03-09,desktop,1103.0,58.0,0.024,100.0
S011,2026-03-16,desktop,1337.0,58.0,0.104,92.0
S011,2026-03-23,desktop,882.0,119.0,0.047,100.0
S011,2026-03-30,desktop,700.0,73.0,0.078,100.0
S011,2026-04-06,desktop,988.0,63.0,0.112,99.0
S011,2026-04-13,desktop,791.0,146.0,0.1,97.0
S011,2026-04-20,desktop,700.0,69.0,0.043,100.0
S011,2026-04-27,desktop,1085.0,69.0,0.027,100.0
S011,2026-05-04,desktop,855.0,162.0,0.04,99.0
S011,2026-05-11,desktop,700.0,40.0,0.095,100.0
S011,2026-05-18,desktop,700.0,118.0,0.098,100.0
S011,2026-05-25,desktop,941.0,55.0,0.036,100.0
S011,2026-06-01,desktop,1210.0,194.0,0.037,89.0
S011,2026-06-08,desktop,953.0,40.0,0.115,100.0
S011,2026-06-15,desktop,885.0,40.0,0.087,100.0
S011,2026-06-22,desktop,700.0,145.0,0.088,100.0
S011,2026-06-29,desktop,700.0,104.0,0.171,97.0
S011,2026-07-06,desktop,1024.0,103.0,0.057,99.0
S011,2026-07-13,desktop,741.0,170.0,0.077,98.0
S011,2026-07-20,desktop,700.0,107.0,0.069,100.0
S011,2026-07-27,desktop,1106.0,104.0,0.101,94.0
S011,2026-08-03,desktop,700.0,127.0,0.0,100.0
S011,2026-08-10,desktop,912.0,169.0,0.048,97.0
S011,2026-08-17,desktop,748.0,120.0,0.0,100.0
S011,2026-08-24,desktop,851.0,43.0,0.066,100.0
S011,2026-08-31,desktop,774.0,78.0,0.037,100.0
S011,2026-09-07,desktop,743.0,40.0,0.047,100.0
S011,2026-09-14,desktop,934.0,86.0,0.039,100.0
S011,2026-09-21,desktop,781.0,212.0,0.039,97.0
S011,2026-09-28,desktop,883.0,145.0,0.033,100.0
S012,2023-07-03,mobile,3571.0,168.0,0.057,37.0
S012,2023-07-10,mobile,3296.0,121.0,0.04,48.0
S012,2023-07-17,mobile,3140.0,182.0,0.076,44.0
S012,2023-07-24,mobile,3713.0,211.0,0.12,25.0
S012,2023-07-31,mobile,3421.0,237.0,0.046,36.0
S012,2023-08-07,mobile,3625.0,244.0,0.089,27.0
S012,2023-08-14,mobile,3220.0,123.0,0.122,43.0
S012,2023-08-21,mobile,3286.0,258.0,0.086,34.0
S012,2023-08-28,mobile,3356.0,199.0,0.074,38.0
S012,2023-09-04,mobile,3519.0,195.0,0.1,33.0
S012,2023-09-11,mobile,3111.0,121.0,0.066,51.0
S012,2023-09-18,mobile,3498.0,260.0,0.136,25.0
S012,2023-09-25,mobile,3248.0,193.0,0.043,43.0
S012,2023-10-02,mobile,3055.0,301.0,0.113,33.0
S012,2023-10-09,mobile,3289.0,215.0,0.066,39.0
S012,2023-10-16,mobile,3149.0,220.0,0.079,40.0
S012,2023-10-23,mobile,3193.0,201.0,0.095,40.0
S012,2023-10-30,mobile,3456.0,270.0,0.116,26.0
S012,2023-11-06,mobile,3371.0,158.0,0.081,40.0
S012,2023-11-13,mobile,3524.0,126.0,0.071,40.0
S012,2023-11-20,mobile,3252.0,230.0,0.119,34.0
S012,2023-11-27,mobile,2921.0,172.0,0.172,42.0
S012,2023-12-04,mobile,3366.0,269.0,0.0,38.0
S012,2023-12-11,mobile,3285.0,194.0,0.089,39.0
S012,2023-12-18,mobile,3311.0,155.0,0.114,39.0
S012,2023-12-25,mobile,3251.0,130.0,0.111,43.0
S012,2024-01-01,mobile,3235.0,184.0,0.113,39.0
S012,2024-01-08,mobile,3103.0,165.0,0.033,50.0
S012,2024-01-15,mobile,3227.0,164.0,0.16,37.0
S012,2024-01-22,mobile,3468.0,166.0,0.071,38.0
S012,2024-01-29,mobile,3204.0,153.0,0.051,47.0
S012,2024-02-05,mobile,2777.0,143.0,0.085,55.0
S012,2024-02-12,mobile,2970.0,180.0,0.049,50.0
S012,2024-02-19,mobile,3448.0,178.0,0.048,40.0
S012,2024-02-26,mobile,3286.0,178.0,0.128,37.0
S012,2024-03-04,mobile,3208.0,203.0,0.142,35.0
S012,2024-03-11,mobile,3194.0,189.0,0.013,47.0
S012,2024-03-18,mobile,3404.0,197.0,0.168,30.0
S012,2024-03-25,mobile,3452.0,125.0,0.069,42.0
S012,2024-04-01,mobile,2890.0,122.0,0.096,53.0
S012,2024-04-08,mobile,3183.0,178.0,0.099,42.0
S012,2024-04-15,mobile,3249.0,103.0,0.019,53.0
S012,2024-04-22,mobile,3044.0,202.0,0.064,45.0
S012,2024-04-29,mobile,3156.0,223.0,0.085,39.0
S012,2024-05-06,mobile,3107.0,178.0,0.078,45.0
S012,2024-05-13,mobile,3008.0,132.0,0.07,52.0
S012,2024-05-20,mobile,3198.0,209.0,0.094,39.0
S012,2024-05-27,mobile,3279.0,212.0,0.047,41.0
S012,2024-06-03,mobile,3111.0,207.0,0.074,43.0
S012,2024-06-10,mobile,3269.0,208.0,0.033,42.0
S012,2024-06-17,mobile,3182.0,231.0,0.145,33.0
S012,2024-06-24,mobile,3301.0,74.0,0.125,45.0
S012,2024-07-01,mobile,3090.0,195.0,0.082,44.0
S012,2024-07-08,mobile,3127.0,220.0,0.128,37.0
S012,2024-07-15,mobile,2819.0,152.0,0.105,51.0
S012,2024-07-22,mobile,2750.0,231.0,0.031,52.0
S012,2024-07-29,mobile,2982.0,251.0,0.109,39.0
S012,2024-08-05,mobile,3112.0,182.0,0.103,42.0
S012,2024-08-12,mobile,3052.0,128.0,0.081,50.0
S012,2024-08-19,mobile,3137.0,294.0,0.13,30.0
S012,2024-08-26,mobile,3478.0,158.0,0.038,42.0
S012,2024-09-02,mobile,2697.0,158.0,0.039,59.0
S012,2024-09-09,mobile,2901.0,281.0,0.086,40.0
S012,2024-09-16,mobile,2890.0,193.0,0.12,45.0
S012,2024-09-23,mobile,2765.0,190.0,0.183,43.0
S012,2024-09-30,mobile,2950.0,126.0,0.12,49.0
S012,2024-10-07,mobile,3055.0,221.0,0.045,45.0
S012,2024-10-14,mobile,3096.0,198.0,0.113,41.0
S012,2024-10-21,mobile,3052.0,257.0,0.0,46.0
S012,2024-10-28,mobile,2925.0,124.0,0.08,53.0
S012,2024-11-04,mobile,2845.0,261.0,0.0,50.0
S012,2024-11-11,mobile,3057.0,191.0,0.078,45.0
S012,2024-11-18,mobile,2984.0,208.0,0.112,42.0
S012,2024-11-25,mobile,3083.0,170.0,0.058,48.0
S012,2024-12-02,mobile,3115.0,189.0,0.0,50.0
S012,2024-12-09,mobile,2726.0,208.0,0.087,50.0
S012,2024-12-16,mobile,2954.0,136.0,0.041,55.0
S012,2024-12-23,mobile,2986.0,276.0,0.075,40.0
S012,2024-12-30,mobile,3160.0,230.0,0.056,41.0
S012,2025-01-06,mobile,3334.0,200.0,0.066,39.0
S012,2025-01-13,mobile,2969.0,149.0,0.064,51.0
S012,2025-01-20,mobile,2744.0,120.0,0.065,59.0
S012,2025-01-27,mobile,2967.0,191.0,0.103,45.0
S012,2025-02-03,mobile,2987.0,114.0,0.072,53.0
S012,2025-02-10,mobile,2891.0,264.0,0.084,42.0
S012,2025-02-17,mobile,2505.0,163.0,0.044,62.0
S012,2025-02-24,mobile,2937.0,276.0,0.03,44.0
S012,2025-03-03,mobile,2852.0,149.0,0.107,51.0
S012,2025-03-10,mobile,2903.0,167.0,0.157,44.0
S012,2025-03-17,mobile,2901.0,140.0,0.154,47.0
S012,2025-03-24,mobile,2488.0,227.0,0.134,50.0
S012,2025-03-31,mobile,2829.0,246.0,0.074,46.0
S012,2025-04-07,mobile,2852.0,141.0,0.03,57.0
S012,2025-04-14,mobile,2874.0,171.0,0.106,48.0
S012,2025-04-21,mobile,2971.0,233.0,0.064,44.0
S012,2025-04-28,mobile,2609.0,203.0,0.056,56.0
S012,2025-05-05,mobile,2840.0,77.0,0.149,54.0
S012,2025-05-12,mobile,3021.0,211.0,0.001,50.0
S012,2025-05-19,mobile,2651.0,278.0,0.126,43.0
S012,2025-05-26,mobile,2845.0,122.0,0.04,58.0
S012,2025-06-02,mobile,2305.0,189.0,0.096,60.0
S012,2025-06-09,mobile,2721.0,222.0,0.073,50.0
S012,2025-06-16,mobile,2895.0,160.0,0.132,47.0
S012,2025-06-23,mobile,2661.0,171.0,0.056,57.0
S012,2025-06-30,mobile,2709.0,247.0,0.11,45.0
S012,2025-07-07,mobile,2747.0,218.0,0.079,50.0
S012,2025-07-14,mobile,2873.0,226.0,0.097,45.0
S012,2025-07-21,mobile,2538.0,182.0,0.077,57.0
S012,2025-07-28,mobile,2726.0,164.0,0.12,51.0
S012,2025-08-04,mobile,2517.0,256.0,0.039,55.0
S012,2025-08-11,mobile,2800.0,262.0,0.044,47.0
S012,2025-08-18,mobile,2727.0,106.0,0.103,57.0
S012,2025-08-25,mobile,2935.0,169.0,0.116,46.0
S012,2025-09-01,mobile,2771.0,162.0,0.15,48.0
S012,2025-09-08,mobile,2842.0,170.0,0.06,53.0
S012,2025-09-15,mobile,2718.0,230.0,0.0,55.0
S012,2025-09-22,mobile,2863.0,192.0,0.074,49.0
S012,2025-09-29,mobile,2646.0,182.0,0.1,53.0
S012,2025-10-06,mobile,2716.0,257.0,0.063,48.0
S012,2025-10-13,mobile,2910.0,173.0,0.155,43.0
S012,2025-10-20,mobile,2501.0,167.0,0.123,56.0
S012,2025-10-27,mobile,2600.0,227.0,0.092,51.0
S012,2025-11-03,mobile,2682.0,154.0,0.13,52.0
S012,2025-11-10,mobile,2691.0,108.0,0.094,59.0
S012,2025-11-17,mobile,2749.0,280.0,0.053,46.0
S012,2025-11-24,mobile,2587.0,180.0,0.066,57.0
S012,2025-12-01,mobile,2900.0,257.0,0.035,46.0
S012,2025-12-08,mobile,2689.0,248.0,0.072,49.0
S012,2025-12-15,mobile,2586.0,190.0,0.106,53.0
S012,2025-12-22,mobile,2503.0,235.0,0.021,58.0
S012,2025-12-29,mobile,2478.0,167.0,0.079,60.0
S012,2026-01-05,mobile,2753.0,115.0,0.015,63.0
S012,2026-01-12,mobile,2672.0,181.0,0.033,58.0
S012,2026-01-19,mobile,2535.0,198.0,0.068,57.0
S012,2026-01-26,mobile,3069.0,215.0,0.091,42.0
S012,2026-02-02,mobile,2446.0,183.0,0.011,65.0
S012,2026-02-09,mobile,2405.0,127.0,0.088,64.0
S012,2026-02-16,mobile,2477.0,146.0,0.029,65.0
S012,2026-02-23,mobile,2268.0,208.0,0.095,60.0
S012,2026-03-02,mobile,2433.0,192.0,0.045,61.0
S012,2026-03-09,mobile,2701.0,182.0,0.145,48.0
S012,2026-03-16,mobile,2379.0,213.0,0.1,56.0
S012,2026-03-23,mobile,2657.0,265.0,0.132,43.0
S012,2026-03-30,mobile,2483.0,189.0,0.105,56.0
S012,2026-04-06,mobile,2555.0,231.0,0.161,46.0
S012,2026-04-13,mobile,2473.0,206.0,0.015,62.0
S012,2026-04-20,mobile,2309.0,150.0,0.079,65.0
S012,2026-04-27,mobile,2568.0,288.0,0.098,46.0
S012,2026-05-04,mobile,2992.0,222.0,0.087,43.0
S012,2026-05-11,mobile,2292.0,221.0,0.071,60.0
S012,2026-05-18,mobile,2318.0,262.0,0.079,55.0
S012,2026-05-25,mobile,2436.0,163.0,0.118,58.0
S012,2026-06-01,mobile,2276.0,197.0,0.081,62.0
S012,2026-06-08,mobile,2551.0,276.0,0.03,53.0
S012,2026-06-15,mobile,2377.0,212.0,0.003,64.0
S012,2026-06-22,mobile,2716.0,119.0,0.149,53.0
S012,2026-06-29,mobile,2317.0,120.0,0.144,62.0
S012,2026-07-06,mobile,2157.0,214.0,0.065,64.0
S012,2026-07-13,mobile,2455.0,213.0,0.08,56.0
S012,2026-07-20,mobile,2642.0,185.0,0.083,54.0
S012,2026-07-27,mobile,2294.0,163.0,0.05,66.0
S012,2026-08-03,mobile,2257.0,246.0,0.098,57.0
S012,2026-08-10,mobile,2484.0,180.0,0.064,60.0
S012,2026-08-17,mobile,2051.0,131.0,0.164,65.0
S012,2026-08-24,mobile,2686.0,177.0,0.055,56.0
S012,2026-08-31,mobile,2300.0,304.0,0.056,54.0
S012,2026-09-07,mobile,2631.0,128.0,0.058,61.0
S012,2026-09-14,mobile,2265.0,228.0,0.041,62.0
S012,2026-09-21,mobile,2498.0,241.0,0.136,48.0
S012,2026-09-28,mobile,2001.0,230.0,0.087,64.0
S012,2023-07-03,desktop,2053.0,162.0,0.154,64.0
S012,2023-07-10,desktop,1816.0,188.0,0.099,71.0
S012,2023-07-17,desktop,1610.0,77.0,0.145,81.0
S012,2023-07-24,desktop,1846.0,163.0,0.116,71.0
S012,2023-07-31,desktop,1756.0,139.0,0.116,75.0
S012,2023-08-07,desktop,2082.0,105.0,0.099,72.0
S012,2023-08-14,desktop,1726.0,65.0,0.084,84.0
S012,2023-08-21,desktop,1903.0,85.0,0.009,85.0
S012,2023-08-28,desktop,1685.0,112.0,0.108,80.0
S012,2023-09-04,desktop,1791.0,86.0,0.049,84.0
S012,2023-09-11,desktop,1918.0,93.0,0.086,78.0
S012,2023-09-18,desktop,1767.0,81.0,0.131,79.0
S012,2023-09-25,desktop,1560.0,57.0,0.065,90.0
S012,2023-10-02,desktop,1614.0,49.0,0.103,87.0
S012,2023-10-09,desktop,1558.0,133.0,0.125,79.0
S012,2023-10-16,desktop,1969.0,175.0,0.088,70.0
S012,2023-10-23,desktop,1747.0,40.0,0.128,83.0
S012,2023-10-30,desktop,1639.0,87.0,0.081,85.0
S012,2023-11-06,desktop,1448.0,98.0,0.104,86.0
S012,2023-11-13,desktop,1793.0,61.0,0.079,84.0
S012,2023-11-20,desktop,2178.0,67.0,0.154,69.0
S012,2023-11-27,desktop,1768.0,105.0,0.093,80.0
S012,2023-12-04,desktop,1689.0,77.0,0.0,91.0
S012,2023-12-11,desktop,1568.0,160.0,0.086,80.0
S012,2023-12-18,desktop,1849.0,180.0,0.132,68.0
S012,2023-12-25,desktop,1643.0,165.0,0.072,79.0
S012,2024-01-01,desktop,1639.0,93.0,0.093,83.0
S012,2024-01-08,desktop,1653.0,113.0,0.039,86.0
S012,2024-01-15,desktop,1728.0,228.0,0.081,71.0
S012,2024-01-22,desktop,1857.0,51.0,0.053,85.0
S012,2024-01-29,desktop,1657.0,40.0,0.026,93.0
S012,2024-02-05,desktop,1631.0,95.0,0.117,82.0
S012,2024-02-12,desktop,1821.0,40.0,0.074,85.0
S012,2024-02-19,desktop,1481.0,55.0,0.019,96.0
S012,2024-02-26,desktop,1774.0,139.0,0.049,80.0
S012,2024-03-04,desktop,1691.0,58.0,0.065,87.0
S012,2024-03-11,desktop,1683.0,137.0,0.004,86.0
S012,2024-03-18,desktop,1633.0,117.0,0.052,85.0
S012,2024-03-25,desktop,1609.0,186.0,0.008,83.0
S012,2024-04-01,desktop,1459.0,40.0,0.09,92.0
S012,2024-04-08,desktop,1570.0,98.0,0.029,90.0
S012,2024-04-15,desktop,1785.0,78.0,0.096,81.0
S012,2024-04-22,desktop,1713.0,146.0,0.098,77.0
S012,2024-04-29,desktop,1804.0,141.0,0.108,75.0
S012,2024-05-06,desktop,1251.0,187.0,0.076,86.0
S012,2024-05-13,desktop,1646.0,150.0,0.102,78.0
S012,2024-05-20,desktop,1665.0,92.0,0.189,75.0
S012,2024-05-27,desktop,1406.0,90.0,0.086,89.0
S012,2024-06-03,desktop,1753.0,74.0,0.091,83.0
S012,2024-06-10,desktop,1698.0,111.0,0.126,78.0
S012,2024-06-17,desktop,1813.0,158.0,0.0,82.0
S012,2024-06-24,desktop,1624.0,125.0,0.069,83.0
S012,2024-07-01,desktop,1762.0,74.0,0.087,83.0
S012,2024-07-08,desktop,1658.0,43.0,0.057,90.0
S012,2024-07-15,desktop,1621.0,102.0,0.109,82.0
S012,2024-07-22,desktop,1708.0,179.0,0.085,75.0
S012,2024-07-29,desktop,1815.0,40.0,0.083,85.0
S012,2024-08-05,desktop,1929.0,110.0,0.111,74.0
S012,2024-08-12,desktop,1490.0,192.0,0.09,79.0
S012,2024-08-19,desktop,1891.0,139.0,0.042,78.0
S012,2024-08-26,desktop,1737.0,107.0,0.052,83.0
S012,2024-09-02,desktop,1694.0,107.0,0.124,79.0
S012,2024-09-09,desktop,1820.0,138.0,0.067,78.0
S012,2024-09-16,desktop,1628.0,85.0,0.015,91.0
S012,2024-09-23,desktop,1525.0,67.0,0.086,89.0
S012,2024-09-30,desktop,1796.0,60.0,0.065,85.0
S012,2024-10-07,desktop,1444.0,120.0,0.111,84.0
S012,2024-10-14,desktop,1441.0,59.0,0.05,94.0
S012,2024-10-21,desktop,1679.0,70.0,0.073,86.0
S012,2024-10-28,desktop,1525.0,99.0,0.074,87.0
S012,2024-11-04,desktop,1885.0,119.0,0.073,77.0
S012,2024-11-11,desktop,1833.0,101.0,0.091,79.0
S012,2024-11-18,desktop,1576.0,175.0,0.068,80.0
S012,2024-11-25,desktop,1316.0,146.0,0.059,89.0
S012,2024-12-02,desktop,1334.0,137.0,0.077,88.0
S012,2024-12-09,desktop,1551.0,151.0,0.101,80.0
S012,2024-12-16,desktop,1946.0,52.0,0.105,79.0
S012,2024-12-23,desktop,1479.0,139.0,0.115,81.0
S012,2024-12-30,desktop,1421.0,47.0,0.119,90.0
S012,2025-01-06,desktop,1592.0,71.0,0.125,84.0
S012,2025-01-13,desktop,1522.0,166.0,0.114,78.0
S012,2025-01-20,desktop,1348.0,91.0,0.024,96.0
S012,2025-01-27,desktop,1288.0,109.0,0.077,91.0
S012,2025-02-03,desktop,1722.0,67.0,0.108,83.0
S012,2025-02-10,desktop,1560.0,67.0,0.051,91.0
S012,2025-02-17,desktop,1373.0,77.0,0.122,88.0
S012,2025-02-24,desktop,1713.0,44.0,0.058,89.0
S012,2025-03-03,desktop,1597.0,149.0,0.03,85.0
S012,2025-03-10,desktop,1776.0,114.0,0.074,80.0
S012,2025-03-17,desktop,1487.0,59.0,0.11,88.0
S012,2025-03-24,desktop,1446.0,122.0,0.14,82.0
S012,2025-03-31,desktop,1670.0,40.0,0.116,85.0
S012,2025-04-07,desktop,1317.0,109.0,0.064,92.0
S012,2025-04-14,desktop,1397.0,198.0,0.013,86.0
S012,2025-04-21,desktop,1362.0,209.0,0.101,79.0
S012,2025-04-28,desktop,1932.0,148.0,0.102,72.0
S012,2025-05-05,desktop,1452.0,47.0,0.147,87.0
S012,2025-05-12,desktop,1286.0,119.0,0.106,88.0
S012,2025-05-19,desktop,1381.0,42.0,0.081,94.0
S012,2025-05-26,desktop,1383.0,161.0,0.072,85.0
S012,2025-06-02,desktop,963.0,127.0,0.054,99.0
S012,2025-06-09,desktop,1533.0,67.0,0.086,88.0
S012,2025-06-16,desktop,1412.0,185.0,0.058,84.0
S012,2025-06-23,desktop,1129.0,62.0,0.088,98.0
S012,2025-06-30,desktop,1323.0,82.0,0.114,90.0
S012,2025-07-07,desktop,1496.0,127.0,0.134,80.0
S012,2025-07-14,desktop,1482.0,93.0,0.056,90.0
S012,2025-07-21,desktop,1708.0,138.0,0.083,79.0
S012,2025-07-28,desktop,1422.0,92.0,0.146,84.0
S012,2025-08-04,desktop,1516.0,98.0,0.084,86.0
S012,2025-08-11,desktop,1429.0,51.0,0.124,89.0
S012,2025-08-18,desktop,1274.0,129.0,0.081,90.0
S012,2025-08-25,desktop,1629.0,93.0,0.062,86.0
S012,2025-09-01,desktop,1570.0,71.0,0.047,90.0
S012,2025-09-08,desktop,1836.0,107.0,0.171,72.0
S012,2025-09-15,desktop,1465.0,173.0,0.039,85.0
S012,2025-09-22,desktop,1554.0,107.0,0.086,85.0
S012,2025-09-29,desktop,1459.0,85.0,0.085,89.0
S012,2025-10-06,desktop,1164.0,64.0,0.074,98.0
S012,2025-10-13,desktop,1257.0,156.0,0.108,85.0
S012,2025-10-20,desktop,1526.0,232.0,0.055,77.0
S012,2025-10-27,desktop,1214.0,105.0,0.058,95.0
S012,2025-11-03,desktop,1306.0,77.0,0.026,98.0
S012,2025-11-10,desktop,1385.0,94.0,0.104,88.0
S012,2025-11-17,desktop,1364.0,148.0,0.106,84.0
S012,2025-11-24,desktop,1219.0,40.0,0.1,97.0
S012,2025-12-01,desktop,1592.0,40.0,0.054,92.0
S012,2025-12-08,desktop,1524.0,40.0,0.028,96.0
S012,2025-12-15,desktop,1419.0,95.0,0.066,90.0
S012,2025-12-22,desktop,1536.0,196.0,0.073,79.0
S012,2025-12-29,desktop,1520.0,192.0,0.14,74.0
S012,2026-01-05,desktop,1487.0,159.0,0.04,85.0
S012,2026-01-12,desktop,1376.0,82.0,0.075,92.0
S012,2026-01-19,desktop,1338.0,40.0,0.03,100.0
S012,2026-01-26,desktop,1445.0,94.0,0.113,86.0
S012,2026-02-02,desktop,1283.0,152.0,0.112,85.0
S012,2026-02-09,desktop,1077.0,74.0,0.121,95.0
S012,2026-02-16,desktop,1481.0,125.0,0.038,89.0
S012,2026-02-23,desktop,1354.0,149.0,0.043,89.0
S012,2026-03-02,desktop,1378.0,167.0,0.14,79.0
S012,2026-03-09,desktop,1290.0,143.0,0.017,93.0
S012,2026-03-16,desktop,1137.0,118.0,0.037,97.0
S012,2026-03-23,desktop,1377.0,88.0,0.08,91.0
S012,2026-03-30,desktop,1268.0,156.0,0.093,86.0
S012,2026-04-06,desktop,1354.0,139.0,0.059,89.0
S012,2026-04-13,desktop,1266.0,97.0,0.094,91.0
S012,2026-04-20,desktop,1537.0,145.0,0.145,77.0
S012,2026-04-27,desktop,1197.0,79.0,0.089,95.0
S012,2026-05-04,desktop,1254.0,103.0,0.073,93.0
S012,2026-05-11,desktop,1314.0,74.0,0.071,94.0
S012,2026-05-18,desktop,1127.0,77.0,0.113,94.0
S012,2026-05-25,desktop,1341.0,114.0,0.098,88.0
S012,2026-06-01,desktop,1347.0,71.0,0.09,92.0
S012,2026-06-08,desktop,1282.0,40.0,0.119,94.0
S012,2026-06-15,desktop,1488.0,115.0,0.088,85.0
S012,2026-06-22,desktop,1039.0,167.0,0.008,97.0
S012,2026-06-29,desktop,876.0,75.0,0.147,98.0
S012,2026-07-06,desktop,1066.0,40.0,0.053,100.0
S012,2026-07-13,desktop,1446.0,176.0,0.088,81.0
S012,2026-07-20,desktop,700.0,102.0,0.097,100.0
S012,2026-07-27,desktop,1395.0,140.0,0.083,86.0
S012,2026-08-03,desktop,1162.0,117.0,0.02,98.0
S012,2026-08-10,desktop,1013.0,126.0,0.025,100.0
S012,2026-08-17,desktop,1082.0,141.0,0.109,91.0
S012,2026-08-24,desktop,1263.0,120.0,0.085,90.0
S012,2026-08-31,desktop,1228.0,157.0,0.135,84.0
S012,2026-09-07,desktop,1261.0,43.0,0.048,100.0
S012,2026-09-14,desktop,1282.0,98.0,0.084,92.0
S012,2026-09-21,desktop,1363.0,139.0,0.051,89.0
S012,2026-09-28,desktop,1051.0,40.0,0.09,100.0
S013,2023-07-03,mobile,2078.0,182.0,0.057,69.0
S013,2023-07-10,mobile,1795.0,261.0,0.13,63.0
S013,2023-07-17,mobile,1995.0,206.0,0.085,67.0
S013,2023-07-24,mobile,1972.0,142.0,0.045,76.0
S013,2023-07-31,mobile,2199.0,201.0,0.176,55.0
S013,2023-08-07,mobile,2304.0,263.0,0.092,55.0
S013,2023-08-14,mobile,2308.0,133.0,0.031,70.0
S013,2023-08-21,mobile,1884.0,149.0,0.085,74.0
S013,2023-08-28,mobile,1943.0,147.0,0.038,76.0
S013,2023-09-04,mobile,2175.0,79.0,0.048,76.0
S013,2023-09-11,mobile,1856.0,80.0,0.053,83.0
S013,2023-09-18,mobile,1736.0,264.0,0.004,74.0
S013,2023-09-25,mobile,1910.0,182.0,0.084,71.0
S013,2023-10-02,mobile,2110.0,324.0,0.056,57.0
S013,2023-10-09,mobile,1858.0,207.0,0.082,70.0
S013,2023-10-16,mobile,2002.0,218.0,0.047,69.0
S013,2023-10-23,mobile,1880.0,239.0,0.125,63.0
S013,2023-10-30,mobile,2172.0,126.0,0.12,67.0
S013,2023-11-06,mobile,1873.0,311.0,0.095,60.0
S013,2023-11-13,mobile,1958.0,274.0,0.0,69.0
S013,2023-11-20,mobile,1822.0,185.0,0.043,76.0
S013,2023-11-27,mobile,2052.0,235.0,0.061,65.0
S013,2023-12-04,mobile,2194.0,149.0,0.059,69.0
S013,2023-12-11,mobile,1915.0,192.0,0.045,73.0
S013,2023-12-18,mobile,2001.0,138.0,0.104,71.0
S013,2023-12-25,mobile,1788.0,158.0,0.111,73.0
S013,2024-01-01,mobile,1777.0,173.0,0.091,74.0
S013,2024-01-08,mobile,2032.0,171.0,0.022,74.0
S013,2024-01-15,mobile,2077.0,254.0,0.221,50.0
S013,2024-01-22,mobile,1957.0,212.0,0.058,69.0
S013,2024-01-29,mobile,2120.0,228.0,0.066,64.0
S013,2024-02-05,mobile,1800.0,215.0,0.13,67.0
S013,2024-02-12,mobile,2056.0,201.0,0.108,64.0
S013,2024-02-19,mobile,2018.0,254.0,0.109,60.0
S013,2024-02-26,mobile,2039.0,226.0,0.118,61.0
S013,2024-03-04,mobile,2430.0,182.0,0.11,57.0
S013,2024-03-11,mobile,1870.0,253.0,0.072,67.0
S013,2024-03-18,mobile,1856.0,228.0,0.076,69.0
S013,2024-03-25,mobile,1977.0,144.0,0.011,78.0
S013,2024-04-01,mobile,2262.0,219.0,0.061,62.0
S013,2024-04-08,mobile,2042.0,141.0,0.134,67.0
S013,2024-04-15,mobile,2171.0,149.0,0.154,62.0
S013,2024-04-22,mobile,1779.0,174.0,0.023,79.0
S013,2024-04-29,mobile,1828.0,196.0,0.112,69.0
S013,2024-05-06,mobile,2055.0,160.0,0.0,76.0
S013,2024-05-13,mobile,1691.0,186.0,0.068,76.0
S013,2024-05-20,mobile,1731.0,204.0,0.1,72.0
S013,2024-05-27,mobile,2009.0,286.0,0.096,59.0
S013,2024-06-03,mobile,1784.0,182.0,0.03,78.0
S013,2024-06-10,mobile,1861.0,184.0,0.062,73.0
S013,2024-06-17,mobile,1709.0,123.0,0.113,78.0
S013,2024-06-24,mobile,2039.0,204.0,0.007,72.0
S013,2024-07-01,mobile,2081.0,237.0,0.111,60.0
S013,2024-07-08,mobile,2019.0,250.0,0.149,57.0
S013,2024-07-15,mobile,2153.0,170.0,0.177,59.0
S013,2024-07-22,mobile,1785.0,136.0,0.081,78.0
S013,2024-07-29,mobile,1848.0,142.0,0.045,78.0
S013,2024-08-05,mobile,1727.0,199.0,0.063,75.0
S013,2024-08-12,mobile,1903.0,99.0,0.057,80.0
S013,2024-08-19,mobile,2133.0,241.0,0.0,68.0
S013,2024-08-26,mobile,2174.0,234.0,0.086,60.0
S013,2024-09-02,mobile,2410.0,212.0,0.11,55.0
S013,2024-09-09,mobile,1667.0,102.0,0.131,79.0
S013,2024-09-16,mobile,1894.0,144.0,0.09,74.0
S013,2024-09-23,mobile,2054.0,172.0,0.083,68.0
S013,2024-09-30,mobile,1527.0,193.0,0.008,84.0
S013,2024-10-07,mobile,2000.0,167.0,0.104,68.0
S013,2024-10-14,mobile,2126.0,245.0,0.058,63.0
S013,2024-10-21,mobile,1614.0,204.0,0.077,76.0
S013,2024-10-28,mobile,1815.0,187.0,0.115,70.0
S013,2024-11-04,mobile,2090.0,308.0,0.113,54.0
S013,2024-11-11,mobile,2067.0,200.0,0.101,64.0
S013,2024-11-18,mobile,1854.0,214.0,0.072,70.0
S013,2024-11-25,mobile,1723.0,143.0,0.108,76.0
S013,2024-12-02,mobile,1557.0,110.0,0.052,87.0
S013,2024-12-09,mobile,2115.0,200.0,0.159,59.0
S013,2024-12-16,mobile,1868.0,176.0,0.073,73.0
S013,2024-12-23,mobile,2051.0,164.0,0.158,63.0
S013,2024-12-30,mobile,2003.0,253.0,0.134,59.0
S013,2025-01-06,mobile,1736.0,222.0,0.042,75.0
S013,2025-01-13,mobile,2216.0,197.0,0.08,63.0
S013,2025-01-20,mobile,2036.0,159.0,0.05,72.0
S013,2025-01-27,mobile,1752.0,153.0,0.169,70.0
S013,2025-02-03,mobile,2130.0,201.0,0.075,65.0
S013,2025-02-10,mobile,1961.0,209.0,0.001,74.0
S013,2025-02-17,mobile,1709.0,242.0,0.083,70.0
S013,2025-02-24,mobile,1752.0,212.0,0.125,68.0
S013,2025-03-03,mobile,1880.0,196.0,0.102,69.0
S013,2025-03-10,mobile,1693.0,198.0,0.082,74.0
S013,2025-03-17,mobile,1701.0,103.0,0.079,82.0
S013,2025-03-24,mobile,1754.0,143.0,0.083,78.0
S013,2025-03-31,mobile,1870.0,150.0,0.071,75.0
S013,2025-04-07,mobile,1781.0,173.0,0.0,81.0
S013,2025-04-14,mobile,1606.0,167.0,0.031,83.0
S013,2025-04-21,mobile,2051.0,190.0,0.04,70.0
S013,2025-04-28,mobile,1790.0,224.0,0.021,75.0
S013,2025-05-05,mobile,1880.0,116.0,0.144,72.0
S013,2025-05-12,mobile,1815.0,179.0,0.166,66.0
S013,2025-05-19,mobile,1869.0,203.0,0.023,75.0
S013,2025-05-26,mobile,1465.0,214.0,0.051,81.0
S013,2025-06-02,mobile,1643.0,83.0,0.0,92.0
S013,2025-06-09,mobile,1944.0,204.0,0.098,67.0
S013,2025-06-16,mobile,1498.0,124.0,0.07,86.0
S013,2025-06-23,mobile,1812.0,200.0,0.104,70.0
S013,2025-06-30,mobile,2002.0,250.0,0.038,67.0
S013,2025-07-07,mobile,1291.0,196.0,0.103,82.0
S013,2025-07-14,mobile,1736.0,180.0,0.096,74.0
S013,2025-07-21,mobile,1962.0,138.0,0.052,76.0
S013,2025-07-28,mobile,1798.0,154.0,0.045,79.0
S013,2025-08-04,mobile,1619.0,247.0,0.098,71.0
S013,2025-08-11,mobile,1531.0,149.0,0.095,81.0
S013,2025-08-18,mobile,1787.0,92.0,0.101,80.0
S013,2025-08-25,mobile,1953.0,237.0,0.17,58.0
S013,2025-09-01,mobile,1549.0,235.0,0.076,75.0
S013,2025-09-08,mobile,1559.0,223.0,0.108,73.0
S013,2025-09-15,mobile,1859.0,124.0,0.037,80.0
S013,2025-09-22,mobile,1950.0,155.0,0.102,71.0
S013,2025-09-29,mobile,1792.0,159.0,0.106,73.0
S013,2025-10-06,mobile,1786.0,156.0,0.05,78.0
S013,2025-10-13,mobile,1668.0,250.0,0.086,70.0
S013,2025-10-20,mobile,1841.0,217.0,0.069,71.0
S013,2025-10-27,mobile,2038.0,252.0,0.035,66.0
S013,2025-11-03,mobile,1794.0,171.0,0.11,72.0
S013,2025-11-10,mobile,1529.0,190.0,0.08,79.0
S013,2025-11-17,mobile,1460.0,219.0,0.152,72.0
S013,2025-11-24,mobile,1761.0,219.0,0.107,69.0
S013,2025-12-01,mobile,2017.0,232.0,0.014,70.0
S013,2025-12-08,mobile,1860.0,177.0,0.042,76.0
S013,2025-12-15,mobile,1584.0,237.0,0.054,76.0
S013,2025-12-22,mobile,1637.0,198.0,0.11,73.0
S013,2025-12-29,mobile,1829.0,99.0,0.033,83.0
S013,2026-01-05,mobile,1671.0,195.0,0.091,74.0
S013,2026-01-12,mobile,1810.0,118.0,0.091,78.0
S013,2026-01-19,mobile,1505.0,153.0,0.017,87.0
S013,2026-01-26,mobile,1604.0,201.0,0.045,79.0
S013,2026-02-02,mobile,1730.0,118.0,0.087,80.0
S013,2026-02-09,mobile,1563.0,173.0,0.009,85.0
S013,2026-02-16,mobile,1826.0,104.0,0.108,77.0
S013,2026-02-23,mobile,1569.0,229.0,0.073,75.0
S013,2026-03-02,mobile,1621.0,159.0,0.086,79.0
S013,2026-03-09,mobile,1548.0,107.0,0.119,82.0
S013,2026-03-16,mobile,1598.0,237.0,0.076,74.0
S013,2026-03-23,mobile,1666.0,201.0,0.115,72.0
S013,2026-03-30,mobile,1608.0,200.0,0.07,77.0
S013,2026-04-06,mobile,1478.0,99.0,0.053,90.0
S013,2026-04-13,mobile,1702.0,232.0,0.064,73.0
S013,2026-04-20,mobile,1563.0,186.0,0.052,81.0
S013,2026-04-27,mobile,1960.0,125.0,0.095,73.0
S013,2026-05-04,mobile,1672.0,116.0,0.171,74.0
S013,2026-05-11,mobile,1649.0,225.0,0.062,75.0
S013,2026-05-18,mobile,1565.0,170.0,0.078,80.0
S013,2026-05-25,mobile,1470.0,267.0,0.056,76.0
S013,2026-06-01,mobile,1621.0,146.0,0.062,82.0
S013,2026-06-08,mobile,1452.0,202.0,0.084,79.0
S013,2026-06-15,mobile,1529.0,218.0,0.12,73.0
S013,2026-06-22,mobile,1657.0,128.0,0.047,84.0
S013,2026-06-29,mobile,1535.0,190.0,0.058,80.0
S013,2026-07-06,mobile,1880.0,225.0,0.128,64.0
S013,2026-07-13,mobile,1414.0,204.0,0.086,80.0
S013,2026-07-20,mobile,1768.0,158.0,0.07,77.0
S013,2026-07-27,mobile,1834.0,248.0,0.105,65.0
S013,2026-08-03,mobile,2088.0,164.0,0.094,67.0
S013,2026-08-10,mobile,1669.0,214.0,0.054,76.0
S013,2026-08-17,mobile,1430.0,189.0,0.134,77.0
S013,2026-08-24,mobile,1740.0,241.0,0.11,67.0
S013,2026-08-31,mobile,1627.0,179.0,0.104,76.0
S013,2026-09-07,mobile,1452.0,189.0,0.105,79.0
S013,2026-09-14,mobile,1520.0,220.0,0.049,79.0
S013,2026-09-21,mobile,1536.0,166.0,0.116,78.0
S013,2026-09-28,mobile,1552.0,199.0,0.001,84.0
S013,2023-07-03,desktop,1236.0,78.0,0.136,90.0
S013,2023-07-10,desktop,1518.0,40.0,0.109,89.0
S013,2023-07-17,desktop,1205.0,40.0,0.0,100.0
S013,2023-07-24,desktop,1282.0,40.0,0.114,94.0
S013,2023-07-31,desktop,1009.0,81.0,0.049,100.0
S013,2023-08-07,desktop,1279.0,66.0,0.1,93.0
S013,2023-08-14,desktop,1063.0,40.0,0.06,100.0
S013,2023-08-21,desktop,1395.0,142.0,0.156,80.0
S013,2023-08-28,desktop,1071.0,101.0,0.085,96.0
S013,2023-09-04,desktop,1394.0,53.0,0.101,91.0
S013,2023-09-11,desktop,1193.0,88.0,0.124,91.0
S013,2023-09-18,desktop,1230.0,97.0,0.124,90.0
S013,2023-09-25,desktop,972.0,98.0,0.143,94.0
S013,2023-10-02,desktop,1194.0,116.0,0.083,92.0
S013,2023-10-09,desktop,1037.0,71.0,0.0,100.0
S013,2023-10-16,desktop,1005.0,56.0,0.0,100.0
S013,2023-10-23,desktop,1330.0,122.0,0.011,94.0
S013,2023-10-30,desktop,1285.0,143.0,0.067,89.0
S013,2023-11-06,desktop,1236.0,130.0,0.057,92.0
S013,2023-11-13,desktop,1265.0,85.0,0.143,88.0
S013,2023-11-20,desktop,1317.0,88.0,0.081,92.0
S013,2023-11-27,desktop,1069.0,138.0,0.078,94.0
S013,2023-12-04,desktop,1289.0,98.0,0.014,97.0
S013,2023-12-11,desktop,1167.0,95.0,0.104,93.0
S013,2023-12-18,desktop,1054.0,41.0,0.078,100.0
S013,2023-12-25,desktop,1177.0,93.0,0.073,95.0
S013,2024-01-01,desktop,1084.0,107.0,0.033,99.0
S013,2024-01-08,desktop,700.0,84.0,0.096,100.0
S013,2024-01-15,desktop,1325.0,98.0,0.121,88.0
S013,2024-01-22,desktop,1203.0,72.0,0.0,100.0
S013,2024-01-29,desktop,1393.0,41.0,0.081,94.0
S013,2024-02-05,desktop,1252.0,143.0,0.093,88.0
S013,2024-02-12,desktop,1236.0,219.0,0.0,89.0
S013,2024-02-19,desktop,1336.0,128.0,0.094,87.0
S013,2024-02-26,desktop,1050.0,40.0,0.012,100.0
S013,2024-03-04,desktop,1438.0,117.0,0.089,86.0
S013,2024-03-11,desktop,1287.0,83.0,0.146,88.0
S013,2024-03-18,desktop,1021.0,129.0,0.081,95.0
S013,2024-03-25,desktop,1469.0,112.0,0.06,88.0
S013,2024-04-01,desktop,842.0,120.0,0.157,94.0
S013,2024-04-08,desktop,1012.0,113.0,0.131,93.0
S013,2024-04-15,desktop,1180.0,40.0,0.137,94.0
S013,2024-04-22,desktop,802.0,147.0,0.044,100.0
S013,2024-04-29,desktop,828.0,72.0,0.091,100.0
S013,2024-05-06,desktop,1115.0,131.0,0.041,96.0
S013,2024-05-13,desktop,755.0,92.0,0.127,100.0
S013,2024-05-20,desktop,1025.0,148.0,0.09,93.0
S013,2024-05-27,desktop,1029.0,179.0,0.094,90.0
S013,2024-06-03,desktop,1115.0,58.0,0.133,95.0
S013,2024-06-10,desktop,1059.0,92.0,0.0,100.0
S013,2024-06-17,desktop,1156.0,110.0,0.053,96.0
S013,2024-06-24,desktop,1450.0,103.0,0.061,89.0
S013,2024-07-01,desktop,1147.0,59.0,0.06,100.0
S013,2024-07-08,desktop,1131.0,234.0,0.091,83.0
S013,2024-07-15,desktop,1547.0,113.0,0.083,85.0
S013,2024-07-22,desktop,1128.0,153.0,0.119,88.0
S013,2024-07-29,desktop,1387.0,86.0,0.062,92.0
S013,2024-08-05,desktop,1107.0,45.0,0.052,100.0
S013,2024-08-12,desktop,1255.0,183.0,0.108,83.0
S013,2024-08-19,desktop,1141.0,65.0,0.069,99.0
S013,2024-08-26,desktop,1136.0,148.0,0.098,90.0
S013,2024-09-02,desktop,1262.0,103.0,0.032,96.0
S013,2024-09-09,desktop,1047.0,129.0,0.133,90.0
S013,2024-09-16,desktop,772.0,139.0,0.098,98.0
S013,2024-09-23,desktop,1120.0,194.0,0.051,90.0
S013,2024-09-30,desktop,1075.0,146.0,0.079,93.0
S013,2024-10-07,desktop,1071.0,133.0,0.051,96.0
S013,2024-10-14,desktop,1111.0,146.0,0.076,92.0
S013,2024-10-21,desktop,1018.0,61.0,0.132,97.0
S013,2024-10-28,desktop,1023.0,69.0,0.096,99.0
S013,2024-11-04,desktop,1350.0,60.0,0.134,89.0
S013,2024-11-11,desktop,1141.0,116.0,0.054,96.0
S013,2024-11-18,desktop,1121.0,61.0,0.088,98.0
S013,2024-11-25,desktop,1348.0,86.0,0.09,91.0
S013,2024-12-02,desktop,934.0,53.0,0.099,100.0
S013,2024-12-09,desktop,1114.0,125.0,0.148,88.0
S013,2024-12-16,desktop,1186.0,69.0,0.17,89.0
S013,2024-12-23,desktop,977.0,79.0,0.074,100.0
S013,2024-12-30,desktop,966.0,107.0,0.097,97.0
S013,2025-01-06,desktop,835.0,103.0,0.088,100.0
S013,2025-01-13,desktop,1179.0,96.0,0.105,92.0
S013,2025-01-20,desktop,723.0,143.0,0.101,99.0
S013,2025-01-27,desktop,1006.0,84.0,0.087,99.0
S013,2025-02-03,desktop,1016.0,159.0,0.119,90.0
S013,2025-02-10,desktop,1089.0,93.0,0.101,95.0
S013,2025-02-17,desktop,1045.0,100.0,0.101,95.0
S013,2025-02-24,desktop,912.0,173.0,0.142,89.0
S013,2025-03-03,desktop,943.0,112.0,0.131,94.0
S013,2025-03-10,desktop,1143.0,199.0,0.101,85.0
S013,2025-03-17,desktop,1084.0,58.0,0.029,100.0
S013,2025-03-24,desktop,1291.0,138.0,0.06,90.0
S013,2025-03-31,desktop,1223.0,224.0,0.124,79.0
S013,2025-04-07,desktop,1090.0,154.0,0.12,88.0
S013,2025-04-14,desktop,1706.0,40.0,0.066,88.0
S013,2025-04-21,desktop,1069.0,91.0,0.098,96.0
S013,2025-04-28,desktop,1349.0,100.0,0.067,91.0
S013,2025-05-05,desktop,1161.0,128.0,0.042,95.0
S013,2025-05-12,desktop,1227.0,158.0,0.069,89.0
S013,2025-05-19,desktop,1111.0,81.0,0.074,98.0
S013,2025-05-26,desktop,863.0,125.0,0.099,97.0
S013,2025-06-02,desktop,1321.0,203.0,0.079,82.0
S013,2025-06-09,desktop,1285.0,157.0,0.035,90.0
S013,2025-06-16,desktop,1111.0,108.0,0.031,99.0
S013,2025-06-23,desktop,1006.0,166.0,0.028,97.0
S013,2025-06-30,desktop,853.0,48.0,0.07,100.0
S013,2025-07-07,desktop,1186.0,145.0,0.027,94.0
S013,2025-07-14,desktop,700.0,76.0,0.003,100.0
S013,2025-07-21,desktop,1480.0,68.0,0.099,88.0
S013,2025-07-28,desktop,736.0,144.0,0.035,100.0
S013,2025-08-04,desktop,984.0,145.0,0.081,95.0
S013,2025-08-11,desktop,1058.0,132.0,0.101,92.0
S013,2025-08-18,desktop,953.0,146.0,0.102,94.0
S013,2025-08-25,desktop,1025.0,106.0,0.122,94.0
S013,2025-09-01,desktop,1143.0,91.0,0.102,94.0
S013,2025-09-08,desktop,1445.0,117.0,0.033,91.0
S013,2025-09-15,desktop,992.0,115.0,0.087,96.0
S013,2025-09-22,desktop,923.0,40.0,0.088,100.0
S013,2025-09-29,desktop,977.0,65.0,0.103,100.0
S013,2025-10-06,desktop,1017.0,136.0,0.107,92.0
S013,2025-10-13,desktop,1144.0,63.0,0.111,95.0
S013,2025-10-20,desktop,1058.0,135.0,0.045,97.0
S013,2025-10-27,desktop,1026.0,128.0,0.063,96.0
S013,2025-11-03,desktop,1112.0,82.0,0.106,95.0
S013,2025-11-10,desktop,1153.0,77.0,0.092,96.0
S013,2025-11-17,desktop,900.0,134.0,0.15,92.0
S013,2025-11-24,desktop,950.0,91.0,0.086,99.0
S013,2025-12-01,desktop,1079.0,188.0,0.043,92.0
S013,2025-12-08,desktop,1188.0,141.0,0.06,92.0
S013,2025-12-15,desktop,926.0,62.0,0.051,100.0
S013,2025-12-22,desktop,1243.0,117.0,0.059,93.0
S013,2025-12-29,desktop,1447.0,81.0,0.053,92.0
S013,2026-01-05,desktop,1095.0,75.0,0.108,96.0
S013,2026-01-12,desktop,1146.0,165.0,0.097,88.0
S013,2026-01-19,desktop,1097.0,154.0,0.096,90.0
S013,2026-01-26,desktop,1221.0,40.0,0.186,90.0
S013,2026-02-02,desktop,905.0,154.0,0.06,97.0
S013,2026-02-09,desktop,1089.0,106.0,0.0,100.0
S013,2026-02-16,desktop,1135.0,91.0,0.075,96.0
S013,2026-02-23,desktop,1028.0,125.0,0.073,96.0
S013,2026-03-02,desktop,912.0,48.0,0.051,100.0
S013,2026-03-09,desktop,834.0,44.0,0.035,100.0
S013,2026-03-16,desktop,1480.0,104.0,0.044,90.0
S013,2026-03-23,desktop,1349.0,134.0,0.03,91.0
S013,2026-03-30,desktop,1217.0,158.0,0.087,88.0
S013,2026-04-06,desktop,1210.0,129.0,0.051,93.0
S013,2026-04-13,desktop,757.0,149.0,0.0,100.0
S013,2026-04-20,desktop,800.0,107.0,0.0,100.0
S013,2026-04-27,desktop,858.0,211.0,0.123,89.0
S013,2026-05-04,desktop,833.0,158.0,0.091,96.0
S013,2026-05-11,desktop,894.0,115.0,0.073,100.0
S013,2026-05-18,desktop,1304.0,139.0,0.115,85.0
S013,2026-05-25,desktop,1038.0,77.0,0.11,97.0
S013,2026-06-01,desktop,1030.0,40.0,0.088,100.0
S013,2026-06-08,desktop,918.0,82.0,0.027,100.0
S013,2026-06-15,desktop,1276.0,128.0,0.074,90.0
S013,2026-06-22,desktop,894.0,122.0,0.04,100.0
S013,2026-06-29,desktop,1146.0,105.0,0.06,96.0
S013,2026-07-06,desktop,963.0,71.0,0.089,100.0
S013,2026-07-13,desktop,1139.0,157.0,0.031,94.0
S013,2026-07-20,desktop,923.0,162.0,0.097,93.0
S013,2026-07-27,desktop,1177.0,91.0,0.116,92.0
S013,2026-08-03,desktop,1246.0,150.0,0.085,88.0
S013,2026-08-10,desktop,1056.0,40.0,0.094,100.0
S013,2026-08-17,desktop,905.0,112.0,0.05,100.0
S013,2026-08-24,desktop,946.0,80.0,0.044,100.0
S013,2026-08-31,desktop,1363.0,82.0,0.093,90.0
S013,2026-09-07,desktop,744.0,60.0,0.054,100.0
S013,2026-09-14,desktop,820.0,106.0,0.037,100.0
S013,2026-09-21,desktop,1157.0,189.0,0.017,92.0
S013,2026-09-28,desktop,1143.0,145.0,0.095,90.0
S014,2023-07-03,mobile,3265.0,163.0,0.005,48.0
S014,2023-07-10,mobile,3427.0,243.0,0.08,32.0
S014,2023-07-17,mobile,3328.0,200.0,0.114,35.0
S014,2023-07-24,mobile,3112.0,202.0,0.025,47.0
S014,2023-07-31,mobile,3592.0,198.0,0.066,33.0
S014,2023-08-07,mobile,3138.0,304.0,0.076,34.0
S014,2023-08-14,mobile,3117.0,173.0,0.109,43.0
S014,2023-08-21,mobile,3642.0,193.0,0.075,32.0
S014,2023-08-28,mobile,3293.0,187.0,0.108,38.0
S014,2023-09-04,mobile,3425.0,252.0,0.088,31.0
S014,2023-09-11,mobile,3422.0,169.0,0.084,38.0
S014,2023-09-18,mobile,3572.0,219.0,0.009,37.0
S014,2023-09-25,mobile,3419.0,193.0,0.016,42.0
S014,2023-10-02,mobile,3261.0,243.0,0.05,38.0
S014,2023-10-09,mobile,3209.0,155.0,0.04,48.0
S014,2023-10-16,mobile,3201.0,266.0,0.093,34.0
S014,2023-10-23,mobile,3093.0,148.0,0.046,50.0
S014,2023-10-30,mobile,3203.0,143.0,0.069,46.0
S014,2023-11-06,mobile,3128.0,282.0,0.028,40.0
S014,2023-11-13,mobile,3407.0,179.0,0.075,38.0
S014,2023-11-20,mobile,3089.0,174.0,0.173,38.0
S014,2023-11-27,mobile,3131.0,167.0,0.032,49.0
S014,2023-12-04,mobile,3064.0,160.0,0.152,41.0
S014,2023-12-11,mobile,3553.0,150.0,0.11,35.0
S014,2023-12-18,mobile,3357.0,174.0,0.084,39.0
S014,2023-12-25,mobile,3095.0,103.0,0.098,50.0
S014,2024-01-01,mobile,3149.0,197.0,0.075,43.0
S014,2024-01-08,mobile,3329.0,169.0,0.106,38.0
S014,2024-01-15,mobile,3113.0,247.0,0.07,40.0
S014,2024-01-22,mobile,3481.0,104.0,0.074,43.0
S014,2024-01-29,mobile,3009.0,253.0,0.055,43.0
S014,2024-02-05,mobile,3073.0,184.0,0.158,39.0
S014,2024-02-12,mobile,3322.0,132.0,0.124,40.0
S014,2024-02-19,mobile,3033.0,170.0,0.117,44.0
S014,2024-02-26,mobile,3522.0,185.0,0.139,30.0
S014,2024-03-04,mobile,3430.0,215.0,0.125,31.0
S014,2024-03-11,mobile,3206.0,184.0,0.098,41.0
S014,2024-03-18,mobile,3321.0,177.0,0.168,33.0
S014,2024-03-25,mobile,3230.0,223.0,0.082,38.0
S014,2024-04-01,mobile,3001.0,254.0,0.077,41.0
S014,2024-04-08,mobile,3227.0,214.0,0.107,37.0
S014,2024-04-15,mobile,2959.0,223.0,0.028,48.0
S014,2024-04-22,mobile,3432.0,240.0,0.063,34.0
S014,2024-04-29,mobile,2851.0,251.0,0.119,41.0
S014,2024-05-06,mobile,3232.0,202.0,0.019,45.0
S014,2024-05-13,mobile,3118.0,148.0,0.057,49.0
S014,2024-05-20,mobile,3214.0,142.0,0.071,46.0
S014,2024-05-27,mobile,3292.0,229.0,0.126,33.0
S014,2024-06-03,mobile,2777.0,202.0,0.046,53.0
S014,2024-06-10,mobile,2987.0,210.0,0.089,44.0
S014,2024-06-17,mobile,3069.0,172.0,0.156,40.0
S014,2024-06-24,mobile,3209.0,78.0,0.083,51.0
S014,2024-07-01,mobile,2925.0,222.0,0.118,42.0
S014,2024-07-08,mobile,2871.0,187.0,0.08,49.0
S014,2024-07-15,mobile,2945.0,202.0,0.03,50.0
S014,2024-07-22,mobile,2891.0,181.0,0.084,49.0
S014,2024-07-29,mobile,3042.0,206.0,0.122,40.0
S014,2024-08-05,mobile,3219.0,181.0,0.084,42.0
S014,2024-08-12,mobile,3051.0,149.0,0.086,48.0
S014,2024-08-19,mobile,2940.0,168.0,0.034,53.0
S014,2024-08-26,mobile,2825.0,147.0,0.146,48.0
S014,2024-09-02,mobile,3132.0,146.0,0.043,50.0
S014,2024-09-09,mobile,3166.0,245.0,0.11,35.0
S014,2024-09-16,mobile,3180.0,182.0,0.088,42.0
S014,2024-09-23,mobile,2974.0,143.0,0.11,48.0
S014,2024-09-30,mobile,2971.0,153.0,0.127,46.0
S014,2024-10-07,mobile,3047.0,137.0,0.12,46.0
S014,2024-10-14,mobile,2908.0,190.0,0.059,50.0
S014,2024-10-21,mobile,2872.0,145.0,0.1,51.0
S014,2024-10-28,mobile,3002.0,196.0,0.078,46.0
S014,2024-11-04,mobile,2960.0,248.0,0.11,40.0
S014,2024-11-11,mobile,2994.0,216.0,0.207,34.0
S014,2024-11-18,mobile,2945.0,233.0,0.13,40.0
S014,2024-11-25,mobile,2840.0,169.0,0.062,53.0
S014,2024-12-02,mobile,3067.0,177.0,0.102,44.0
S014,2024-12-09,mobile,2833.0,149.0,0.114,50.0
S014,2024-12-16,mobile,3128.0,245.0,0.163,32.0
S014,2024-12-23,mobile,2676.0,213.0,0.077,52.0
S014,2024-12-30,mobile,2885.0,236.0,0.011,50.0
S014,2025-01-06,mobile,3152.0,181.0,0.053,46.0
S014,2025-01-13,mobile,3018.0,247.0,0.024,45.0
S014,2025-01-20,mobile,2813.0,175.0,0.08,52.0
S014,2025-01-27,mobile,2626.0,247.0,0.097,48.0
S014,2025-02-03,mobile,2816.0,182.0,0.055,53.0
S014,2025-02-10,mobile,2902.0,233.0,0.062,46.0
S014,2025-02-17,mobile,2977.0,191.0,0.071,47.0
S014,2025-02-24,mobile,2639.0,145.0,0.06,59.0
S014,2025-03-03,mobile,2783.0,232.0,0.029,51.0
S014,2025-03-10,mobile,2519.0,209.0,0.032,59.0
S014,2025-03-17,mobile,2894.0,223.0,0.085,45.0
S014,2025-03-24,mobile,2940.0,261.0,0.127,38.0
S014,2025-03-31,mobile,2750.0,265.0,0.082,45.0
S014,2025-04-07,mobile,2457.0,177.0,0.062,61.0
S014,2025-04-14,mobile,2845.0,214.0,0.066,49.0
S014,2025-04-21,mobile,2905.0,189.0,0.078,48.0
S014,2025-04-28,mobile,2626.0,263.0,0.123,45.0
S014,2025-05-05,mobile,2593.0,179.0,0.069,57.0
S014,2025-05-12,mobile,3006.0,184.0,0.142,41.0
S014,2025-05-19,mobile,2899.0,184.0,0.138,44.0
S014,2025-05-26,mobile,2862.0,194.0,0.1,47.0
S014,2025-06-02,mobile,2733.0,201.0,0.064,52.0
S014,2025-06-09,mobile,3076.0,168.0,0.121,43.0
S014,2025-06-16,mobile,3034.0,218.0,0.049,45.0
S014,2025-06-23,mobile,2628.0,145.0,0.111,56.0
S014,2025-06-30,mobile,2765.0,195.0,0.006,57.0
S014,2025-07-07,mobile,2869.0,71.0,0.093,58.0
S014,2025-07-14,mobile,2987.0,283.0,0.101,37.0
S014,2025-07-21,mobile,2886.0,222.0,0.016,51.0
S014,2025-07-28,mobile,2983.0,234.0,0.108,41.0
S014,2025-08-04,mobile,2640.0,169.0,0.052,58.0
S014,2025-08-11,mobile,2968.0,116.0,0.092,52.0
S014,2025-08-18,mobile,2482.0,191.0,0.095,56.0
S014,2025-08-25,mobile,2787.0,260.0,0.105,43.0
S014,2025-09-01,mobile,2304.0,190.0,0.069,62.0
S014,2025-09-08,mobile,2759.0,228.0,0.033,52.0
S014,2025-09-15,mobile,2768.0,137.0,0.082,55.0
S014,2025-09-22,mobile,2924.0,142.0,0.085,51.0
S014,2025-09-29,mobile,2822.0,221.0,0.042,51.0
S014,2025-10-06,mobile,2899.0,181.0,0.059,51.0
S014,2025-10-13,mobile,2650.0,183.0,0.075,55.0
S014,2025-10-20,mobile,2648.0,184.0,0.115,52.0
S014,2025-10-27,mobile,2529.0,166.0,0.093,58.0
S014,2025-11-03,mobile,2698.0,150.0,0.045,59.0
S014,2025-11-10,mobile,2838.0,195.0,0.087,49.0
S014,2025-11-17,mobile,2975.0,163.0,0.044,52.0
S014,2025-11-24,mobile,2774.0,202.0,0.111,48.0
S014,2025-12-01,mobile,2885.0,196.0,0.101,46.0
S014,2025-12-08,mobile,2730.0,231.0,0.068,50.0
S014,2025-12-15,mobile,2865.0,134.0,0.183,46.0
S014,2025-12-22,mobile,2924.0,209.0,0.041,49.0
S014,2025-12-29,mobile,2753.0,217.0,0.068,50.0
S014,2026-01-05,mobile,2854.0,264.0,0.059,45.0
S014,2026-01-12,mobile,2506.0,145.0,0.03,65.0
S014,2026-01-19,mobile,2753.0,149.0,0.078,55.0
S014,2026-01-26,mobile,2335.0,183.0,0.071,62.0
S014,2026-02-02,mobile,2940.0,234.0,0.087,43.0
S014,2026-02-09,mobile,2849.0,210.0,0.085,47.0
S014,2026-02-16,mobile,2859.0,235.0,0.115,43.0
S014,2026-02-23,mobile,2652.0,211.0,0.028,56.0
S014,2026-03-02,mobile,2791.0,145.0,0.122,51.0
S014,2026-03-09,mobile,2427.0,199.0,0.074,59.0
S014,2026-03-16,mobile,2725.0,200.0,0.111,49.0
S014,2026-03-23,mobile,2489.0,221.0,0.015,60.0
S014,2026-03-30,mobile,2447.0,226.0,0.077,56.0
S014,2026-04-06,mobile,2473.0,143.0,0.101,60.0
S014,2026-04-13,mobile,2407.0,173.0,0.066,62.0
S014,2026-04-20,mobile,2383.0,189.0,0.076,60.0
S014,2026-04-27,mobile,3041.0,147.0,0.036,52.0
S014,2026-05-04,mobile,2492.0,195.0,0.039,60.0
S014,2026-05-11,mobile,2449.0,210.0,0.13,53.0
S014,2026-05-18,mobile,2499.0,244.0,0.0,59.0
S014,2026-05-25,mobile,2936.0,146.0,0.08,51.0
S014,2026-06-01,mobile,2498.0,158.0,0.114,57.0
S014,2026-06-08,mobile,2709.0,126.0,0.049,60.0
S014,2026-06-15,mobile,2170.0,147.0,0.055,70.0
S014,2026-06-22,mobile,2325.0,142.0,0.14,60.0
S014,2026-06-29,mobile,2778.0,187.0,0.115,48.0
S014,2026-07-06,mobile,2310.0,221.0,0.107,57.0
S014,2026-07-13,mobile,2846.0,234.0,0.042,49.0
S014,2026-07-20,mobile,2629.0,198.0,0.093,53.0
S014,2026-07-27,mobile,2280.0,211.0,0.11,58.0
S014,2026-08-03,mobile,2893.0,79.0,0.076,58.0
S014,2026-08-10,mobile,2697.0,181.0,0.011,59.0
S014,2026-08-17,mobile,2560.0,83.0,0.058,67.0
S014,2026-08-24,mobile,2456.0,137.0,0.093,62.0
S014,2026-08-31,mobile,2533.0,252.0,0.071,52.0
S014,2026-09-07,mobile,2272.0,240.0,0.141,53.0
S014,2026-09-14,mobile,2413.0,125.0,0.0,71.0
S014,2026-09-21,mobile,2477.0,252.0,0.101,51.0
S014,2026-09-28,mobile,2470.0,222.0,0.076,55.0
S014,2023-07-03,desktop,1738.0,98.0,0.141,77.0
S014,2023-07-10,desktop,1709.0,170.0,0.139,72.0
S014,2023-07-17,desktop,1982.0,78.0,0.135,74.0
S014,2023-07-24,desktop,1726.0,99.0,0.143,77.0
S014,2023-07-31,desktop,1919.0,129.0,0.117,72.0
S014,2023-08-07,desktop,1503.0,121.0,0.051,87.0
S014,2023-08-14,desktop,1668.0,148.0,0.164,73.0
S014,2023-08-21,desktop,1372.0,158.0,0.024,89.0
S014,2023-08-28,desktop,1842.0,131.0,0.048,79.0
S014,2023-09-04,desktop,1609.0,170.0,0.064,80.0
S014,2023-09-11,desktop,1735.0,131.0,0.049,82.0
S014,2023-09-18,desktop,1533.0,97.0,0.128,83.0
S014,2023-09-25,desktop,1795.0,83.0,0.035,85.0
S014,2023-10-02,desktop,2031.0,94.0,0.107,73.0
S014,2023-10-09,desktop,2075.0,73.0,0.051,79.0
S014,2023-10-16,desktop,1580.0,150.0,0.094,80.0
S014,2023-10-23,desktop,1905.0,122.0,0.137,72.0
S014,2023-10-30,desktop,1624.0,40.0,0.141,84.0
S014,2023-11-06,desktop,1892.0,58.0,0.089,81.0
S014,2023-11-13,desktop,1939.0,112.0,0.114,73.0
S014,2023-11-20,desktop,2033.0,102.0,0.02,80.0
S014,2023-11-27,desktop,1849.0,108.0,0.007,84.0
S014,2023-12-04,desktop,1883.0,194.0,0.0,77.0
S014,2023-12-11,desktop,1428.0,74.0,0.01,96.0
S014,2023-12-18,desktop,2041.0,96.0,0.064,76.0
S014,2023-12-25,desktop,1742.0,40.0,0.106,84.0
S014,2024-01-01,desktop,1927.0,64.0,0.096,79.0
S014,2024-01-08,desktop,1782.0,87.0,0.015,87.0
S014,2024-01-15,desktop,1962.0,235.0,0.062,67.0
S014,2024-01-22,desktop,1716.0,83.0,0.091,83.0
S014,2024-01-29,desktop,1711.0,175.0,0.086,76.0
S014,2024-02-05,desktop,1679.0,62.0,0.091,85.0
S014,2024-02-12,desktop,1673.0,82.0,0.101,83.0
S014,2024-02-19,desktop,1708.0,137.0,0.066,80.0
S014,2024-02-26,desktop,1749.0,40.0,0.133,82.0
S014,2024-03-04,desktop,1916.0,61.0,0.054,83.0
S014,2024-03-11,desktop,1934.0,85.0,0.086,78.0
S014,2024-03-18,desktop,2085.0,77.0,0.128,72.0
S014,2024-03-25,desktop,1678.0,135.0,0.103,78.0
S014,2024-04-01,desktop,1541.0,98.0,0.136,82.0
S014,2024-04-08,desktop,1941.0,94.0,0.0,84.0
S014,2024-04-15,desktop,1741.0,82.0,0.104,81.0
S014,2024-04-22,desktop,2033.0,63.0,0.104,76.0
S014,2024-04-29,desktop,1827.0,99.0,0.092,79.0
S014,2024-05-06,desktop,1658.0,85.0,0.136,80.0
S014,2024-05-13,desktop,1940.0,44.0,0.032,86.0
S014,2024-05-20,desktop,1864.0,113.0,0.06,79.0
S014,2024-05-27,desktop,1907.0,40.0,0.056,85.0
S014,2024-06-03,desktop,1618.0,104.0,0.133,80.0
S014,2024-06-10,desktop,1998.0,73.0,0.12,75.0
S014,2024-06-17,desktop,1873.0,104.0,0.034,82.0
S014,2024-06-24,desktop,1947.0,138.0,0.048,76.0
S014,2024-07-01,desktop,1899.0,109.0,0.065,79.0
S014,2024-07-08,desktop,1945.0,102.0,0.061,78.0
S014,2024-07-15,desktop,1672.0,89.0,0.04,87.0
S014,2024-07-22,desktop,1779.0,161.0,0.044,79.0
S014,2024-07-29,desktop,1332.0,145.0,0.06,89.0
S014,2024-08-05,desktop,1750.0,76.0,0.106,81.0
S014,2024-08-12,desktop,1563.0,62.0,0.124,85.0
S014,2024-08-19,desktop,1786.0,66.0,0.088,83.0
S014,2024-08-26,desktop,1760.0,59.0,0.071,85.0
S014,2024-09-02,desktop,1726.0,40.0,0.139,82.0
S014,2024-09-09,desktop,2019.0,40.0,0.018,85.0
S014,2024-09-16,desktop,1730.0,110.0,0.103,79.0
S014,2024-09-23,desktop,1840.0,136.0,0.104,74.0
S014,2024-09-30,desktop,1558.0,165.0,0.037,84.0
S014,2024-10-07,desktop,1434.0,67.0,0.137,87.0
S014,2024-10-14,desktop,1567.0,50.0,0.094,88.0
S014,2024-10-21,desktop,1939.0,125.0,0.08,75.0
S014,2024-10-28,desktop,1781.0,95.0,0.067,82.0
S014,2024-11-04,desktop,1606.0,123.0,0.053,85.0
S014,2024-11-11,desktop,1901.0,40.0,0.057,85.0
S014,2024-11-18,desktop,1466.0,67.0,0.084,90.0
S014,2024-11-25,desktop,1657.0,109.0,0.073,83.0
S014,2024-12-02,desktop,1511.0,111.0,0.093,85.0
S014,2024-12-09,desktop,1864.0,40.0,0.093,83.0
S014,2024-12-16,desktop,1459.0,205.0,0.071,80.0
S014,2024-12-23,desktop,1702.0,53.0,0.156,80.0
S014,2024-12-30,desktop,1571.0,152.0,0.066,82.0
S014,2025-01-06,desktop,1838.0,82.0,0.057,83.0
S014,2025-01-13,desktop,1423.0,154.0,0.055,86.0
S014,2025-01-20,desktop,1910.0,119.0,0.0,83.0
S014,2025-01-27,desktop,1691.0,57.0,0.046,89.0
S014,2025-02-03,desktop,1452.0,93.0,0.0,95.0
S014,2025-02-10,desktop,1849.0,78.0,0.087,80.0
S014,2025-02-17,desktop,1504.0,40.0,0.058,94.0
S014,2025-02-24,desktop,1927.0,92.0,0.105,76.0
S014,2025-03-03,desktop,1602.0,122.0,0.063,84.0
S014,2025-03-10,desktop,1727.0,174.0,0.07,77.0
S014,2025-03-17,desktop,1725.0,136.0,0.108,77.0
S014,2025-03-24,desktop,1820.0,75.0,0.129,78.0
S014,2025-03-31,desktop,1238.0,110.0,0.066,93.0
S014,2025-04-07,desktop,1619.0,149.0,0.087,80.0
S014,2025-04-14,desktop,1830.0,62.0,0.07,84.0
S014,2025-04-21,desktop,1616.0,122.0,0.038,86.0
S014,2025-04-28,desktop,1455.0,130.0,0.085,85.0
S014,2025-05-05,desktop,1489.0,93.0,0.046,91.0
S014,2025-05-12,desktop,1570.0,80.0,0.058,89.0
S014,2025-05-19,desktop,1817.0,40.0,0.046,88.0
S014,2025-05-26,desktop,1435.0,125.0,0.054,88.0
S014,2025-06-02,desktop,1375.0,54.0,0.162,87.0
S014,2025-06-09,desktop,2017.0,51.0,0.117,77.0
S014,2025-06-16,desktop,1351.0,95.0,0.073,91.0
S014,2025-06-23,desktop,1599.0,75.0,0.076,87.0
S014,2025-06-30,desktop,1788.0,117.0,0.127,75.0
S014,2025-07-07,desktop,2014.0,175.0,0.065,70.0
S014,2025-07-14,desktop,1627.0,40.0,0.105,87.0
S014,2025-07-21,desktop,1741.0,90.0,0.003,89.0
S014,2025-07-28,desktop,1296.0,128.0,0.076,89.0
S014,2025-08-04,desktop,1513.0,87.0,0.107,86.0
S014,2025-08-11,desktop,1921.0,97.0,0.064,79.0
S014,2025-08-18,desktop,1684.0,140.0,0.091,79.0
S014,2025-08-25,desktop,1544.0,176.0,0.097,78.0
S014,2025-09-01,desktop,1505.0,124.0,0.09,84.0
S014,2025-09-08,desktop,1786.0,123.0,0.098,77.0
S014,2025-09-15,desktop,1661.0,175.0,0.072,78.0
S014,2025-09-22,desktop,1104.0,129.0,0.101,92.0
S014,2025-09-29,desktop,1831.0,61.0,0.061,84.0
S014,2025-10-06,desktop,1542.0,78.0,0.024,92.0
S014,2025-10-13,desktop,1685.0,56.0,0.023,91.0
S014,2025-10-20,desktop,1561.0,40.0,0.103,89.0
S014,2025-10-27,desktop,1501.0,99.0,0.041,90.0
S014,2025-11-03,desktop,1722.0,102.0,0.043,85.0
S014,2025-11-10,desktop,1515.0,79.0,0.105,86.0
S014,2025-11-17,desktop,1342.0,140.0,0.046,90.0
S014,2025-11-24,desktop,1780.0,114.0,0.096,78.0
S014,2025-12-01,desktop,1079.0,42.0,0.097,100.0
S014,2025-12-08,desktop,1299.0,77.0,0.101,92.0
S014,2025-12-15,desktop,1517.0,63.0,0.01,95.0
S014,2025-12-22,desktop,2053.0,119.0,0.0,79.0
S014,2025-12-29,desktop,1472.0,118.0,0.009,92.0
S014,2026-01-05,desktop,1661.0,159.0,0.129,75.0
S014,2026-01-12,desktop,1350.0,104.0,0.013,95.0
S014,2026-01-19,desktop,1253.0,165.0,0.018,92.0
S014,2026-01-26,desktop,1495.0,40.0,0.107,90.0
S014,2026-02-02,desktop,1475.0,112.0,0.054,89.0
S014,2026-02-09,desktop,1545.0,80.0,0.063,89.0
S014,2026-02-16,desktop,1648.0,118.0,0.081,82.0
S014,2026-02-23,desktop,2190.0,120.0,0.0,76.0
S014,2026-03-02,desktop,1494.0,124.0,0.047,88.0
S014,2026-03-09,desktop,1696.0,100.0,0.043,86.0
S014,2026-03-16,desktop,1770.0,104.0,0.113,78.0
S014,2026-03-23,desktop,1637.0,58.0,0.075,88.0
S014,2026-03-30,desktop,1554.0,111.0,0.071,86.0
S014,2026-04-06,desktop,1397.0,92.0,0.102,88.0
S014,2026-04-13,desktop,1471.0,58.0,0.11,89.0
S014,2026-04-20,desktop,1900.0,147.0,0.138,69.0
S014,2026-04-27,desktop,1127.0,134.0,0.064,94.0
S014,2026-05-04,desktop,1655.0,116.0,0.085,82.0
S014,2026-05-11,desktop,1574.0,121.0,0.125,80.0
S014,2026-05-18,desktop,1381.0,152.0,0.131,81.0
S014,2026-05-25,desktop,1352.0,66.0,0.08,93.0
S014,2026-06-01,desktop,1742.0,79.0,0.016,88.0
S014,2026-06-08,desktop,1481.0,88.0,0.041,91.0
S014,2026-06-15,desktop,1033.0,134.0,0.1,93.0
S014,2026-06-22,desktop,1339.0,110.0,0.086,89.0
S014,2026-06-29,desktop,1744.0,64.0,0.035,88.0
S014,2026-07-06,desktop,1321.0,77.0,0.122,90.0
S014,2026-07-13,desktop,1506.0,47.0,0.045,94.0
S014,2026-07-20,desktop,1542.0,122.0,0.062,86.0
S014,2026-07-27,desktop,1612.0,115.0,0.064,85.0
S014,2026-08-03,desktop,1630.0,134.0,0.044,84.0
S014,2026-08-10,desktop,1365.0,40.0,0.062,96.0
S014,2026-08-17,desktop,1288.0,116.0,0.069,91.0
S014,2026-08-24,desktop,1683.0,60.0,0.046,89.0
S014,2026-08-31,desktop,1530.0,62.0,0.068,90.0
S014,2026-09-07,desktop,1618.0,133.0,0.071,82.0
S014,2026-09-14,desktop,1531.0,86.0,0.098,86.0
S014,2026-09-21,desktop,1555.0,104.0,0.118,82.0
S014,2026-09-28,desktop,1441.0,40.0,0.15,88.0
S015,2023-07-03,mobile,2001.0,181.0,0.07,70.0
S015,2023-07-10,mobile,2161.0,151.0,0.09,67.0
S015,2023-07-17,mobile,2057.0,140.0,0.131,67.0
S015,2023-07-24,mobile,1690.0,165.0,0.033,81.0
S015,2023-07-31,mobile,2010.0,230.0,0.07,66.0
S015,2023-08-07,mobile,1884.0,243.0,0.0,73.0
S015,2023-08-14,mobile,2227.0,121.0,0.09,68.0
S015,2023-08-21,mobile,1784.0,257.0,0.068,69.0
S015,2023-08-28,mobile,1822.0,161.0,0.014,80.0
S015,2023-09-04,mobile,1787.0,198.0,0.143,67.0
S015,2023-09-11,mobile,2011.0,224.0,0.014,71.0
S015,2023-09-18,mobile,2112.0,208.0,0.072,65.0
S015,2023-09-25,mobile,1733.0,198.0,0.084,73.0
S015,2023-10-02,mobile,2323.0,223.0,0.0,65.0
S015,2023-10-09,mobile,2209.0,212.0,0.076,62.0
S015,2023-10-16,mobile,2096.0,94.0,0.039,77.0
S015,2023-10-23,mobile,2121.0,134.0,0.106,68.0
S015,2023-10-30,mobile,2145.0,225.0,0.175,55.0
S015,2023-11-06,mobile,1936.0,219.0,0.12,64.0
S015,2023-11-13,mobile,1926.0,190.0,0.068,71.0
S015,2023-11-20,mobile,1694.0,205.0,0.157,68.0
S015,2023-11-27,mobile,1658.0,267.0,0.069,70.0
S015,2023-12-04,mobile,1799.0,219.0,0.095,69.0
S015,2023-12-11,mobile,1934.0,241.0,0.072,66.0
S015,2023-12-18,mobile,1755.0,271.0,0.064,68.0
S015,2023-12-25,mobile,1716.0,183.0,0.04,78.0
S015,2024-01-01,mobile,2050.0,211.0,0.06,67.0
S015,2024-01-08,mobile,2095.0,99.0,0.047,76.0
S015,2024-01-15,mobile,2202.0,143.0,0.076,68.0
S015,2024-01-22,mobile,1908.0,192.0,0.125,67.0
S015,2024-01-29,mobile,1942.0,194.0,0.074,70.0
S015,2024-02-05,mobile,1642.0,296.0,0.077,68.0
S015,2024-02-12,mobile,2091.0,223.0,0.117,61.0
S015,2024-02-19,mobile,2152.0,155.0,0.077,68.0
S015,2024-02-26,mobile,1876.0,175.0,0.137,68.0
S015,2024-03-04,mobile,1951.0,153.0,0.005,79.0
S015,2024-03-11,mobile,1821.0,177.0,0.035,77.0
S015,2024-03-18,mobile,1772.0,206.0,0.121,69.0
S015,2024-03-25,mobile,1816.0,205.0,0.095,70.0
S015,2024-04-01,mobile,1857.0,208.0,0.117,67.0
S015,2024-04-08,mobile,1854.0,181.0,0.079,72.0
S015,2024-04-15,mobile,1843.0,171.0,0.075,74.0
S015,2024-04-22,mobile,1811.0,124.0,0.037,81.0
S015,2024-04-29,mobile,1770.0,194.0,0.127,69.0
S015,2024-05-06,mobile,1643.0,237.0,0.001,79.0
S015,2024-05-13,mobile,1723.0,239.0,0.098,69.0
S015,2024-05-20,mobile,1947.0,142.0,0.074,74.0
S015,2024-05-27,mobile,1781.0,332.0,0.046,64.0
S015,2024-06-03,mobile,1916.0,220.0,0.14,63.0
S015,2024-06-10,mobile,1821.0,286.0,0.087,64.0
S015,2024-06-17,mobile,1770.0,121.0,0.103,77.0
S015,2024-06-24,mobile,1810.0,131.0,0.069,78.0
S015,2024-07-01,mobile,1634.0,162.0,0.0,85.0
S015,2024-07-08,mobile,1999.0,69.0,0.107,76.0
S015,2024-07-15,mobile,1867.0,132.0,0.052,78.0
S015,2024-07-22,mobile,1839.0,174.0,0.029,77.0
S015,2024-07-29,mobile,1835.0,164.0,0.078,74.0
S015,2024-08-05,mobile,1915.0,160.0,0.124,69.0
S015,2024-08-12,mobile,1820.0,297.0,0.028,68.0
S015,2024-08-19,mobile,1858.0,262.0,0.102,64.0
S015,2024-08-26,mobile,1608.0,142.0,0.131,77.0
S015,2024-09-02,mobile,1942.0,230.0,0.056,68.0
S015,2024-09-09,mobile,1992.0,113.0,0.083,75.0
S015,2024-09-16,mobile,1664.0,226.0,0.163,66.0
S015,2024-09-23,mobile,1842.0,224.0,0.051,71.0
S015,2024-09-30,mobile,1704.0,190.0,0.113,72.0
S015,2024-10-07,mobile,1507.0,110.0,0.015,91.0
S015,2024-10-14,mobile,1696.0,178.0,0.082,76.0
S015,2024-10-21,mobile,1520.0,179.0,0.079,80.0
S015,2024-10-28,mobile,1593.0,255.0,0.131,68.0
S015,2024-11-04,mobile,1661.0,86.0,0.033,88.0
S015,2024-11-11,mobile,1865.0,182.0,0.127,68.0
S015,2024-11-18,mobile,1758.0,208.0,0.076,73.0
S015,2024-11-25,mobile,1447.0,262.0,0.051,77.0
S015,2024-12-02,mobile,1691.0,258.0,0.078,70.0
S015,2024-12-09,mobile,1611.0,297.0,0.044,71.0
S015,2024-12-16,mobile,1911.0,271.0,0.023,68.0
S015,2024-12-23,mobile,1628.0,253.0,0.054,73.0
S015,2024-12-30,mobile,1358.0,155.0,0.155,80.0
S015,2025-01-06,mobile,1464.0,196.0,0.033,83.0
S015,2025-01-13,mobile,1965.0,218.0,0.107,65.0
S015,2025-01-20,mobile,1893.0,138.0,0.092,74.0
S015,2025-01-27,mobile,1772.0,218.0,0.152,65.0
S015,2025-02-03,mobile,1848.0,86.0,0.101,79.0
S015,2025-02-10,mobile,1972.0,159.0,0.112,69.0
S015,2025-02-17,mobile,1595.0,224.0,0.047,77.0
S015,2025-02-24,mobile,1907.0,202.0,0.096,68.0
S015,2025-03-03,mobile,1582.0,97.0,0.052,88.0
S015,2025-03-10,mobile,1919.0,273.0,0.043,66.0
S015,2025-03-17,mobile,1877.0,197.0,0.068,71.0
S015,2025-03-24,mobile,1680.0,298.0,0.08,66.0
S015,2025-03-31,mobile,1595.0,178.0,0.09,77.0
S015,2025-04-07,mobile,1640.0,101.0,0.0,90.0
S015,2025-04-14,mobile,1967.0,154.0,0.071,73.0
S015,2025-04-21,mobile,1494.0,157.0,0.085,82.0
S015,2025-04-28,mobile,1509.0,129.0,0.14,79.0
S015,2025-05-05,mobile,1592.0,272.0,0.053,73.0
S015,2025-05-12,mobile,1635.0,234.0,0.067,74.0
S015,2025-05-19,mobile,1929.0,295.0,0.107,59.0
S015,2025-05-26,mobile,1948.0,245.0,0.051,67.0
S015,2025-06-02,mobile,1483.0,167.0,0.068,83.0
S015,2025-06-09,mobile,1722.0,182.0,0.117,72.0
S015,2025-06-16,mobile,1916.0,200.0,0.033,73.0
S015,2025-06-23,mobile,1781.0,173.0,0.103,73.0
S015,2025-06-30,mobile,1686.0,218.0,0.102,71.0
S015,2025-07-07,mobile,1481.0,149.0,0.137,79.0
S015,2025-07-14,mobile,1759.0,178.0,0.083,74.0
S015,2025-07-21,mobile,1382.0,248.0,0.121,74.0
S015,2025-07-28,mobile,1468.0,187.0,0.095,79.0
S015,2025-08-04,mobile,1628.0,215.0,0.073,75.0
S015,2025-08-11,mobile,1868.0,197.0,0.018,76.0
S015,2025-08-18,mobile,1602.0,229.0,0.138,69.0
S015,2025-08-25,mobile,1644.0,228.0,0.091,72.0
S015,2025-09-01,mobile,1855.0,164.0,0.068,75.0
S015,2025-09-08,mobile,1806.0,192.0,0.194,63.0
S015,2025-09-15,mobile,1508.0,117.0,0.053,87.0
S015,2025-09-22,mobile,1630.0,211.0,0.088,74.0
S015,2025-09-29,mobile,1481.0,190.0,0.075,80.0
S015,2025-10-06,mobile,1400.0,172.0,0.052,85.0
S015,2025-10-13,mobile,1518.0,298.0,0.101,68.0
S015,2025-10-20,mobile,1794.0,198.0,0.098,71.0
S015,2025-10-27,mobile,1821.0,207.0,0.072,72.0
S015,2025-11-03,mobile,1764.0,114.0,0.023,84.0
S015,2025-11-10,mobile,1748.0,241.0,0.011,75.0
S015,2025-11-17,mobile,1560.0,221.0,0.068,76.0
S015,2025-11-24,mobile,1725.0,167.0,0.071,77.0
S015,2025-12-01,mobile,1561.0,212.0,0.11,74.0
S015,2025-12-08,mobile,1463.0,164.0,0.049,85.0
S015,2025-12-15,mobile,1751.0,203.0,0.143,68.0
S015,2025-12-22,mobile,1751.0,178.0,0.085,74.0
S015,2025-12-29,mobile,1589.0,249.0,0.107,70.0
S015,2026-01-05,mobile,1674.0,115.0,0.128,78.0
S015,2026-01-12,mobile,1159.0,201.0,0.084,86.0
S015,2026-01-19,mobile,1594.0,169.0,0.075,80.0
S015,2026-01-26,mobile,1679.0,139.0,0.104,78.0
S015,2026-02-02,mobile,1516.0,176.0,0.107,78.0
S015,2026-02-09,mobile,1571.0,179.0,0.085,78.0
S015,2026-02-16,mobile,1094.0,262.0,0.05,85.0
S015,2026-02-23,mobile,1405.0,200.0,0.057,83.0
S015,2026-03-02,mobile,1487.0,203.0,0.061,80.0
S015,2026-03-09,mobile,1414.0,284.0,0.0,80.0
S015,2026-03-16,mobile,1294.0,159.0,0.025,91.0
S015,2026-03-23,mobile,1301.0,200.0,0.043,86.0
S015,2026-03-30,mobile,1685.0,234.0,0.166,65.0
S015,2026-04-06,mobile,1590.0,146.0,0.099,80.0
S015,2026-04-13,mobile,1733.0,164.0,0.096,75.0
S015,2026-04-20,mobile,1652.0,217.0,0.053,76.0
S015,2026-04-27,mobile,1411.0,136.0,0.064,87.0
S015,2026-05-04,mobile,1587.0,229.0,0.044,77.0
S015,2026-05-11,mobile,1286.0,258.0,0.025,83.0
S015,2026-05-18,mobile,1538.0,210.0,0.0,83.0
S015,2026-05-25,mobile,1760.0,156.0,0.094,75.0
S015,2026-06-01,mobile,1382.0,255.0,0.124,73.0
S015,2026-06-08,mobile,1454.0,197.0,0.033,84.0
S015,2026-06-15,mobile,1520.0,151.0,0.102,80.0
S015,2026-06-22,mobile,1259.0,178.0,0.074,86.0
S015,2026-06-29,mobile,1431.0,151.0,0.08,84.0
S015,2026-07-06,mobile,1239.0,226.0,0.134,78.0
S015,2026-07-13,mobile,1710.0,200.0,0.022,79.0
S015,2026-07-20,mobile,1204.0,177.0,0.071,88.0
S015,2026-07-27,mobile,1449.0,188.0,0.17,74.0
S015,2026-08-03,mobile,1626.0,74.0,0.061,88.0
S015,2026-08-10,mobile,1600.0,163.0,0.088,79.0
S015,2026-08-17,mobile,1334.0,147.0,0.104,85.0
S015,2026-08-24,mobile,1562.0,131.0,0.109,81.0
S015,2026-08-31,mobile,1570.0,211.0,0.06,78.0
S015,2026-09-07,mobile,1149.0,243.0,0.086,82.0
S015,2026-09-14,mobile,1560.0,152.0,0.147,76.0
S015,2026-09-21,mobile,1469.0,133.0,0.062,86.0
S015,2026-09-28,mobile,1773.0,267.0,0.112,64.0
S015,2023-07-03,desktop,1123.0,40.0,0.055,100.0
S015,2023-07-10,desktop,798.0,186.0,0.089,95.0
S015,2023-07-17,desktop,1233.0,117.0,0.113,89.0
S015,2023-07-24,desktop,1424.0,46.0,0.033,97.0
S015,2023-07-31,desktop,1132.0,154.0,0.139,86.0
S015,2023-08-07,desktop,1067.0,155.0,0.047,95.0
S015,2023-08-14,desktop,1037.0,84.0,0.129,95.0
S015,2023-08-21,desktop,910.0,137.0,0.139,92.0
S015,2023-08-28,desktop,1284.0,73.0,0.077,94.0
S015,2023-09-04,desktop,706.0,138.0,0.124,98.0
S015,2023-09-11,desktop,888.0,106.0,0.052,100.0
S015,2023-09-18,desktop,1021.0,84.0,0.141,94.0
S015,2023-09-25,desktop,1199.0,71.0,0.1,94.0
S015,2023-10-02,desktop,868.0,68.0,0.008,100.0
S015,2023-10-09,desktop,1036.0,119.0,0.161,89.0
S015,2023-10-16,desktop,1107.0,64.0,0.072,99.0
S015,2023-10-23,desktop,985.0,64.0,0.103,100.0
S015,2023-10-30,desktop,1321.0,52.0,0.107,93.0
S015,2023-11-06,desktop,933.0,163.0,0.132,90.0
S015,2023-11-13,desktop,967.0,108.0,0.075,99.0
S015,2023-11-20,desktop,1147.0,125.0,0.049,95.0
S015,2023-11-27,desktop,746.0,112.0,0.052,100.0
S015,2023-12-04,desktop,1422.0,133.0,0.17,79.0
S015,2023-12-11,desktop,1258.0,89.0,0.078,93.0
S015,2023-12-18,desktop,1046.0,89.0,0.073,98.0
S015,2023-12-25,desktop,796.0,40.0,0.12,100.0
S015,2024-01-01,desktop,912.0,131.0,0.077,98.0
S015,2024-01-08,desktop,1142.0,40.0,0.138,95.0
S015,2024-01-15,desktop,863.0,40.0,0.028,100.0
S015,2024-01-22,desktop,1252.0,125.0,0.12,87.0
S015,2024-01-29,desktop,1196.0,42.0,0.057,100.0
S015,2024-02-05,desktop,1057.0,86.0,0.028,100.0
S015,2024-02-12,desktop,1434.0,62.0,0.074,92.0
S015,2024-02-19,desktop,1166.0,83.0,0.075,96.0
S015,2024-02-26,desktop,1171.0,68.0,0.171,90.0
S015,2024-03-04,desktop,947.0,124.0,0.09,96.0
S015,2024-03-11,desktop,977.0,158.0,0.113,91.0
S015,2024-03-18,desktop,1148.0,205.0,0.11,84.0
S015,2024-03-25,desktop,1413.0,132.0,0.067,87.0
S015,2024-04-01,desktop,1175.0,125.0,0.115,89.0
S015,2024-04-08,desktop,1019.0,119.0,0.016,100.0
S015,2024-04-15,desktop,1035.0,130.0,0.07,96.0
S015,2024-04-22,desktop,1003.0,48.0,0.058,100.0
S015,2024-04-29,desktop,776.0,109.0,0.057,100.0
S015,2024-05-06,desktop,1012.0,146.0,0.098,92.0
S015,2024-05-13,desktop,1160.0,145.0,0.132,87.0
S015,2024-05-20,desktop,740.0,75.0,0.102,100.0
S015,2024-05-27,desktop,1013.0,167.0,0.099,91.0
S015,2024-06-03,desktop,998.0,218.0,0.104,86.0
S015,2024-06-10,desktop,914.0,40.0,0.137,100.0
S015,2024-06-17,desktop,1439.0,83.0,0.164,83.0
S015,2024-06-24,desktop,1256.0,124.0,0.071,91.0
S015,2024-07-01,desktop,862.0,136.0,0.156,92.0
S015,2024-07-08,desktop,1226.0,118.0,0.006,97.0
S015,2024-07-15,desktop,919.0,198.0,0.139,87.0
S015,2024-07-22,desktop,779.0,112.0,0.16,96.0
S015,2024-07-29,desktop,998.0,64.0,0.087,100.0
S015,2024-08-05,desktop,964.0,102.0,0.129,95.0
S015,2024-08-12,desktop,964.0,72.0,0.0,100.0
S015,2024-08-19,desktop,788.0,115.0,0.075,100.0
S015,2024-08-26,desktop,973.0,135.0,0.138,91.0
S015,2024-09-02,desktop,889.0,83.0,0.083,100.0
S015,2024-09-09,desktop,1003.0,136.0,0.106,93.0
S015,2024-09-16,desktop,790.0,66.0,0.113,100.0
S015,2024-09-23,desktop,969.0,116.0,0.067,98.0
S015,2024-09-30,desktop,1012.0,112.0,0.009,100.0
S015,2024-10-07,desktop,1025.0,116.0,0.184,88.0
S015,2024-10-14,desktop,929.0,210.0,0.064,92.0
S015,2024-10-21,desktop,785.0,101.0,0.051,100.0
S015,2024-10-28,desktop,1143.0,61.0,0.07,99.0
S015,2024-11-04,desktop,1248.0,98.0,0.034,96.0
S015,2024-11-11,desktop,882.0,61.0,0.065,100.0
S015,2024-11-18,desktop,985.0,147.0,0.097,93.0
S015,2024-11-25,desktop,727.0,40.0,0.064,100.0
S015,2024-12-02,desktop,869.0,103.0,0.094,100.0
S015,2024-12-09,desktop,1193.0,125.0,0.012,97.0
S015,2024-12-16,desktop,700.0,84.0,0.072,100.0
S015,2024-12-23,desktop,949.0,130.0,0.092,96.0
S015,2024-12-30,desktop,1276.0,97.0,0.046,95.0
S015,2025-01-06,desktop,1341.0,129.0,0.038,91.0
S015,2025-01-13,desktop,976.0,118.0,0.062,99.0
S015,2025-01-20,desktop,878.0,142.0,0.034,100.0
S015,2025-01-27,desktop,949.0,59.0,0.071,100.0
S015,2025-02-03,desktop,994.0,131.0,0.107,93.0
S015,2025-02-10,desktop,1045.0,40.0,0.073,100.0
S015,2025-02-17,desktop,868.0,128.0,0.149,93.0
S015,2025-02-24,desktop,990.0,92.0,0.097,98.0
S015,2025-03-03,desktop,1130.0,76.0,0.017,100.0
S015,2025-03-10,desktop,848.0,143.0,0.122,94.0
S015,2025-03-17,desktop,1114.0,51.0,0.076,100.0
S015,2025-03-24,desktop,1359.0,133.0,0.063,89.0
S015,2025-03-31,desktop,903.0,69.0,0.035,100.0
S015,2025-04-07,desktop,1272.0,83.0,0.024,98.0
S015,2025-04-14,desktop,1029.0,200.0,0.118,86.0
S015,2025-04-21,desktop,930.0,69.0,0.151,97.0
S015,2025-04-28,desktop,1226.0,121.0,0.072,92.0
S015,2025-05-05,desktop,1114.0,122.0,0.085,93.0
S015,2025-05-12,desktop,802.0,161.0,0.147,92.0
S015,2025-05-19,desktop,913.0,78.0,0.027,100.0
S015,2025-05-26,desktop,912.0,136.0,0.115,94.0
S015,2025-06-02,desktop,1423.0,102.0,0.067,89.0
S015,2025-06-09,desktop,1025.0,164.0,0.058,94.0
S015,2025-06-16,desktop,700.0,109.0,0.101,100.0
S015,2025-06-23,desktop,1056.0,40.0,0.025,100.0
S015,2025-06-30,desktop,912.0,90.0,0.073,100.0
S015,2025-07-07,desktop,1250.0,65.0,0.054,97.0
S015,2025-07-14,desktop,1084.0,100.0,0.052,98.0
S015,2025-07-21,desktop,1182.0,122.0,0.107,90.0
S015,2025-07-28,desktop,933.0,145.0,0.087,95.0
S015,2025-08-04,desktop,1166.0,111.0,0.01,99.0
S015,2025-08-11,desktop,752.0,107.0,0.141,98.0
S015,2025-08-18,desktop,700.0,69.0,0.064,100.0
S015,2025-08-25,desktop,1169.0,85.0,0.061,97.0
S015,2025-09-01,desktop,1061.0,142.0,0.148,88.0
S015,2025-09-08,desktop,1055.0,117.0,0.075,96.0
S015,2025-09-15,desktop,1176.0,132.0,0.081,91.0
S015,2025-09-22,desktop,700.0,81.0,0.094,100.0
S015,2025-09-29,desktop,869.0,113.0,0.035,100.0
S015,2025-10-06,desktop,931.0,69.0,0.083,100.0
S015,2025-10-13,desktop,962.0,167.0,0.093,92.0
S015,2025-10-20,desktop,700.0,125.0,0.031,100.0
S015,2025-10-27,desktop,932.0,207.0,0.0,97.0
S015,2025-11-03,desktop,700.0,135.0,0.116,99.0
S015,2025-11-10,desktop,1101.0,54.0,0.045,100.0
S015,2025-11-17,desktop,918.0,59.0,0.068,100.0
S015,2025-11-24,desktop,758.0,148.0,0.132,95.0
S015,2025-12-01,desktop,1098.0,48.0,0.049,100.0
S015,2025-12-08,desktop,972.0,98.0,0.094,98.0
S015,2025-12-15,desktop,1092.0,48.0,0.083,100.0
S015,2025-12-22,desktop,775.0,141.0,0.04,100.0
S015,2025-12-29,desktop,1106.0,53.0,0.121,96.0
S015,2026-01-05,desktop,1064.0,98.0,0.1,95.0
S015,2026-01-12,desktop,963.0,149.0,0.059,96.0
S015,2026-01-19,desktop,947.0,102.0,0.096,98.0
S015,2026-01-26,desktop,1030.0,143.0,0.087,93.0
S015,2026-02-02,desktop,755.0,48.0,0.055,100.0
S015,2026-02-09,desktop,1030.0,99.0,0.122,94.0
S015,2026-02-16,desktop,1049.0,40.0,0.142,97.0
S015,2026-02-23,desktop,775.0,180.0,0.126,93.0
S015,2026-03-02,desktop,1051.0,120.0,0.073,96.0
S015,2026-03-09,desktop,709.0,65.0,0.141,100.0
S015,2026-03-16,desktop,1016.0,175.0,0.076,92.0
S015,2026-03-23,desktop,975.0,93.0,0.1,98.0
S015,2026-03-30,desktop,749.0,157.0,0.095,98.0
S015,2026-04-06,desktop,767.0,162.0,0.141,93.0
S015,2026-04-13,desktop,905.0,117.0,0.099,97.0
S015,2026-04-20,desktop,1005.0,73.0,0.073,100.0
S015,2026-04-27,desktop,977.0,55.0,0.053,100.0
S015,2026-05-04,desktop,1014.0,165.0,0.057,94.0
S015,2026-05-11,desktop,842.0,115.0,0.107,98.0
S015,2026-05-18,desktop,700.0,40.0,0.089,100.0
S015,2026-05-25,desktop,815.0,40.0,0.077,100.0
S015,2026-06-01,desktop,700.0,120.0,0.043,100.0
S015,2026-06-08,desktop,700.0,123.0,0.174,95.0
S015,2026-06-15,desktop,1182.0,141.0,0.072,91.0
S015,2026-06-22,desktop,820.0,197.0,0.046,97.0
S015,2026-06-29,desktop,989.0,58.0,0.072,100.0
S015,2026-07-06,desktop,1107.0,151.0,0.076,92.0
S015,2026-07-13,desktop,1077.0,168.0,0.117,88.0
S015,2026-07-20,desktop,1158.0,71.0,0.141,92.0
S015,2026-07-27,desktop,700.0,40.0,0.079,100.0
S015,2026-08-03,desktop,907.0,76.0,0.07,100.0
S015,2026-08-10,desktop,921.0,122.0,0.086,97.0
S015,2026-08-17,desktop,1072.0,70.0,0.001,100.0
S015,2026-08-24,desktop,807.0,118.0,0.122,98.0
S015,2026-08-31,desktop,700.0,79.0,0.008,100.0
S015,2026-09-07,desktop,1037.0,120.0,0.041,99.0
S015,2026-09-14,desktop,789.0,159.0,0.027,100.0
S015,2026-09-21,desktop,700.0,172.0,0.086,98.0
S015,2026-09-28,desktop,823.0,43.0,0.081,100.0
S016,2023-07-03,mobile,2361.0,201.0,0.118,56.0
S016,2023-07-10,mobile,2441.0,188.0,0.061,60.0
S016,2023-07-17,mobile,2575.0,134.0,0.036,64.0
S016,2023-07-24,mobile,2623.0,187.0,0.074,55.0
S016,2023-07-31,mobile,2537.0,196.0,0.07,57.0
S016,2023-08-07,mobile,2541.0,175.0,0.098,56.0
S016,2023-08-14,mobile,2365.0,204.0,0.075,59.0
S016,2023-08-21,mobile,2685.0,231.0,0.03,54.0
S016,2023-08-28,mobile,2361.0,239.0,0.089,55.0
S016,2023-09-04,mobile,2795.0,149.0,0.127,50.0
S016,2023-09-11,mobile,2402.0,223.0,0.073,57.0
S016,2023-09-18,mobile,2406.0,192.0,0.052,61.0
S016,2023-09-25,mobile,2341.0,265.0,0.047,57.0
S016,2023-10-02,mobile,2268.0,184.0,0.035,66.0
S016,2023-10-09,mobile,2803.0,136.0,0.054,57.0
S016,2023-10-16,mobile,2627.0,69.0,0.074,65.0
S016,2023-10-23,mobile,2279.0,174.0,0.073,64.0
S016,2023-10-30,mobile,2535.0,172.0,0.065,59.0
S016,2023-11-06,mobile,2263.0,203.0,0.077,62.0
S016,2023-11-13,mobile,2283.0,148.0,0.107,63.0
S016,2023-11-20,mobile,2410.0,188.0,0.121,56.0
S016,2023-11-27,mobile,2519.0,151.0,0.059,62.0
S016,2023-12-04,mobile,2171.0,259.0,0.139,54.0
S016,2023-12-11,mobile,2229.0,226.0,0.068,61.0
S016,2023-12-18,mobile,2462.0,193.0,0.121,55.0
S016,2023-12-25,mobile,2509.0,141.0,0.134,57.0
S016,2024-01-01,mobile,2425.0,119.0,0.052,67.0
S016,2024-01-08,mobile,2384.0,170.0,0.06,63.0
S016,2024-01-15,mobile,2229.0,146.0,0.077,67.0
S016,2024-01-22,mobile,2132.0,228.0,0.087,62.0
S016,2024-01-29,mobile,2388.0,97.0,0.086,67.0
S016,2024-02-05,mobile,2532.0,228.0,0.105,51.0
S016,2024-02-12,mobile,2231.0,132.0,0.068,69.0
S016,2024-02-19,mobile,2385.0,177.0,0.14,56.0
S016,2024-02-26,mobile,2545.0,238.0,0.008,58.0
S016,2024-03-04,mobile,2444.0,252.0,0.045,56.0
S016,2024-03-11,mobile,2532.0,176.0,0.087,57.0
S016,2024-03-18,mobile,2349.0,250.0,0.086,55.0
S016,2024-03-25,mobile,2486.0,251.0,0.125,49.0
S016,2024-04-01,mobile,1986.0,190.0,0.056,71.0
S016,2024-04-08,mobile,2256.0,148.0,0.146,61.0
S016,2024-04-15,mobile,2481.0,166.0,0.126,56.0
S016,2024-04-22,mobile,2707.0,136.0,0.073,58.0
S016,2024-04-29,mobile,2455.0,171.0,0.08,60.0
S016,2024-05-06,mobile,2325.0,260.0,0.131,51.0
S016,2024-05-13,mobile,2399.0,213.0,0.07,58.0
S016,2024-05-20,mobile,2561.0,43.0,0.136,64.0
S016,2024-05-27,mobile,2318.0,198.0,0.078,61.0
S016,2024-06-03,mobile,2202.0,224.0,0.051,63.0
S016,2024-06-10,mobile,2559.0,147.0,0.092,58.0
S016,2024-06-17,mobile,2549.0,205.0,0.078,55.0
S016,2024-06-24,mobile,2602.0,215.0,0.04,56.0
S016,2024-07-01,mobile,2665.0,241.0,0.064,51.0
S016,2024-07-08,mobile,2654.0,213.0,0.041,55.0
S016,2024-07-15,mobile,2320.0,202.0,0.076,61.0
S016,2024-07-22,mobile,2205.0,181.0,0.112,62.0
S016,2024-07-29,mobile,2487.0,219.0,0.033,59.0
S016,2024-08-05,mobile,2548.0,207.0,0.05,57.0
S016,2024-08-12,mobile,2475.0,144.0,0.153,56.0
S016,2024-08-19,mobile,2035.0,154.0,0.073,71.0
S016,2024-08-26,mobile,2319.0,197.0,0.133,56.0
S016,2024-09-02,mobile,2591.0,275.0,0.047,51.0
S016,2024-09-09,mobile,2349.0,190.0,0.092,60.0
S016,2024-09-16,mobile,2191.0,190.0,0.091,63.0
S016,2024-09-23,mobile,2077.0,159.0,0.038,73.0
S016,2024-09-30,mobile,2182.0,234.0,0.12,57.0
S016,2024-10-07,mobile,2211.0,211.0,0.043,65.0
S016,2024-10-14,mobile,2238.0,164.0,0.108,63.0
S016,2024-10-21,mobile,2163.0,216.0,0.102,61.0
S016,2024-10-28,mobile,2178.0,143.0,0.094,67.0
S016,2024-11-04,mobile,2444.0,145.0,0.106,60.0
S016,2024-11-11,mobile,2289.0,145.0,0.025,70.0
S016,2024-11-18,mobile,2361.0,146.0,0.06,66.0
S016,2024-11-25,mobile,1864.0,181.0,0.083,72.0
S016,2024-12-02,mobile,2276.0,176.0,0.074,64.0
S016,2024-12-09,mobile,2288.0,243.0,0.128,54.0
S016,2024-12-16,mobile,2329.0,132.0,0.096,65.0
S016,2024-12-23,mobile,2427.0,117.0,0.1,63.0
S016,2024-12-30,mobile,2472.0,181.0,0.073,59.0
S016,2025-01-06,mobile,2233.0,101.0,0.038,74.0
S016,2025-01-13,mobile,2609.0,200.0,0.148,49.0
S016,2025-01-20,mobile,2584.0,206.0,0.133,50.0
S016,2025-01-27,mobile,2017.0,198.0,0.0,74.0
S016,2025-02-03,mobile,2251.0,177.0,0.084,64.0
S016,2025-02-10,mobile,2689.0,120.0,0.02,64.0
S016,2025-02-17,mobile,2244.0,232.0,0.0,66.0
S016,2025-02-24,mobile,2318.0,230.0,0.032,62.0
S016,2025-03-03,mobile,2440.0,174.0,0.15,54.0
S016,2025-03-10,mobile,2364.0,203.0,0.022,64.0
S016,2025-03-17,mobile,2266.0,254.0,0.071,58.0
S016,2025-03-24,mobile,2126.0,216.0,0.092,62.0
S016,2025-03-31,mobile,2123.0,164.0,0.187,59.0
S016,2025-04-07,mobile,2043.0,158.0,0.116,67.0
S016,2025-04-14,mobile,2372.0,227.0,0.066,58.0
S016,2025-04-21,mobile,2162.0,165.0,0.099,65.0
S016,2025-04-28,mobile,2429.0,221.0,0.108,54.0
S016,2025-05-05,mobile,2403.0,180.0,0.061,62.0
S016,2025-05-12,mobile,2044.0,215.0,0.088,65.0
S016,2025-05-19,mobile,2321.0,167.0,0.057,65.0
S016,2025-05-26,mobile,1982.0,222.0,0.095,65.0
S016,2025-06-02,mobile,2300.0,220.0,0.065,60.0
S016,2025-06-09,mobile,2562.0,125.0,0.028,65.0
S016,2025-06-16,mobile,2219.0,279.0,0.08,56.0
S016,2025-06-23,mobile,2082.0,254.0,0.089,60.0
S016,2025-06-30,mobile,1990.0,211.0,0.065,68.0
S016,2025-07-07,mobile,2289.0,217.0,0.102,58.0
S016,2025-07-14,mobile,2317.0,159.0,0.028,68.0
S016,2025-07-21,mobile,2096.0,155.0,0.077,69.0
S016,2025-07-28,mobile,2315.0,266.0,0.077,55.0
S016,2025-08-04,mobile,1984.0,247.0,0.056,66.0
S016,2025-08-11,mobile,2152.0,205.0,0.045,67.0
S016,2025-08-18,mobile,2298.0,186.0,0.0,68.0
S016,2025-08-25,mobile,2356.0,259.0,0.082,55.0
S016,2025-09-01,mobile,2366.0,165.0,0.079,62.0
S016,2025-09-08,mobile,2220.0,205.0,0.133,58.0
S016,2025-09-15,mobile,2516.0,210.0,0.0,62.0
S016,2025-09-22,mobile,2351.0,162.0,0.167,56.0
S016,2025-09-29,mobile,2251.0,91.0,0.107,69.0
S016,2025-10-06,mobile,2272.0,161.0,0.128,61.0
S016,2025-10-13,mobile,2561.0,230.0,0.019,57.0
S016,2025-10-20,mobile,2407.0,200.0,0.012,64.0
S016,2025-10-27,mobile,2036.0,144.0,0.126,68.0
S016,2025-11-03,mobile,2118.0,117.0,0.078,72.0
S016,2025-11-10,mobile,2397.0,186.0,0.079,60.0
S016,2025-11-17,mobile,2144.0,172.0,0.087,66.0
S016,2025-11-24,mobile,2253.0,163.0,0.108,63.0
S016,2025-12-01,mobile,2411.0,192.0,0.1,57.0
S016,2025-12-08,mobile,2310.0,179.0,0.083,62.0
S016,2025-12-15,mobile,2249.0,153.0,0.065,67.0
S016,2025-12-22,mobile,2281.0,199.0,0.113,59.0
S016,2025-12-29,mobile,2306.0,239.0,0.084,57.0
S016,2026-01-05,mobile,2438.0,135.0,0.158,57.0
S016,2026-01-12,mobile,2392.0,187.0,0.085,60.0
S016,2026-01-19,mobile,2229.0,271.0,0.1,55.0
S016,2026-01-26,mobile,2196.0,315.0,0.043,57.0
S016,2026-02-02,mobile,2407.0,186.0,0.116,57.0
S016,2026-02-09,mobile,2306.0,216.0,0.064,61.0
S016,2026-02-16,mobile,2601.0,208.0,0.056,55.0
S016,2026-02-23,mobile,1937.0,169.0,0.097,70.0
S016,2026-03-02,mobile,2117.0,174.0,0.069,68.0
S016,2026-03-09,mobile,2177.0,212.0,0.081,62.0
S016,2026-03-16,mobile,2215.0,146.0,0.064,68.0
S016,2026-03-23,mobile,2381.0,166.0,0.076,62.0
S016,2026-03-30,mobile,1734.0,286.0,0.028,70.0
S016,2026-04-06,mobile,2156.0,183.0,0.1,64.0
S016,2026-04-13,mobile,1880.0,197.0,0.036,74.0
S016,2026-04-20,mobile,2302.0,154.0,0.024,69.0
S016,2026-04-27,mobile,2244.0,171.0,0.09,64.0
S016,2026-05-04,mobile,1932.0,215.0,0.022,72.0
S016,2026-05-11,mobile,2166.0,169.0,0.087,66.0
S016,2026-05-18,mobile,2436.0,213.0,0.088,56.0
S016,2026-05-25,mobile,1903.0,194.0,0.023,75.0
S016,2026-06-01,mobile,2099.0,227.0,0.083,63.0
S016,2026-06-08,mobile,2152.0,240.0,0.057,63.0
S016,2026-06-15,mobile,1883.0,73.0,0.045,83.0
S016,2026-06-22,mobile,2386.0,182.0,0.106,58.0
S016,2026-06-29,mobile,2120.0,184.0,0.125,63.0
S016,2026-07-06,mobile,2189.0,245.0,0.029,64.0
S016,2026-07-13,mobile,2105.0,149.0,0.031,73.0
S016,2026-07-20,mobile,2020.0,158.0,0.093,69.0
S016,2026-07-27,mobile,2166.0,233.0,0.039,64.0
S016,2026-08-03,mobile,1766.0,228.0,0.012,76.0
S016,2026-08-10,mobile,1697.0,119.0,0.091,80.0
S016,2026-08-17,mobile,2250.0,154.0,0.056,68.0
S016,2026-08-24,mobile,2113.0,145.0,0.078,70.0
S016,2026-08-31,mobile,2252.0,258.0,0.007,63.0
S016,2026-09-07,mobile,2309.0,105.0,0.076,69.0
S016,2026-09-14,mobile,1922.0,274.0,0.085,63.0
S016,2026-09-21,mobile,2272.0,104.0,0.14,65.0
S016,2026-09-28,mobile,1936.0,224.0,0.031,71.0
S016,2023-07-03,desktop,1024.0,91.0,0.023,100.0
S016,2023-07-10,desktop,1600.0,126.0,0.076,83.0
S016,2023-07-17,desktop,1300.0,130.0,0.054,91.0
S016,2023-07-24,desktop,1313.0,130.0,0.129,85.0
S016,2023-07-31,desktop,1654.0,177.0,0.045,80.0
S016,2023-08-07,desktop,1515.0,59.0,0.113,87.0
S016,2023-08-14,desktop,915.0,96.0,0.104,98.0
S016,2023-08-21,desktop,1307.0,54.0,0.039,98.0
S016,2023-08-28,desktop,1285.0,40.0,0.117,94.0
S016,2023-09-04,desktop,1408.0,88.0,0.071,91.0
S016,2023-09-11,desktop,977.0,107.0,0.082,98.0
S016,2023-09-18,desktop,1011.0,139.0,0.025,99.0
S016,2023-09-25,desktop,1357.0,165.0,0.055,87.0
S016,2023-10-02,desktop,965.0,168.0,0.101,91.0
S016,2023-10-09,desktop,1485.0,53.0,0.036,95.0
S016,2023-10-16,desktop,1495.0,40.0,0.113,89.0
S016,2023-10-23,desktop,1600.0,70.0,0.062,89.0
S016,2023-10-30,desktop,1445.0,105.0,0.129,84.0
S016,2023-11-06,desktop,1200.0,152.0,0.112,87.0
S016,2023-11-13,desktop,1520.0,70.0,0.083,89.0
S016,2023-11-20,desktop,1392.0,105.0,0.085,89.0
S016,2023-11-27,desktop,1282.0,51.0,0.095,95.0
S016,2023-12-04,desktop,1623.0,117.0,0.069,84.0
S016,2023-12-11,desktop,732.0,152.0,0.103,98.0
S016,2023-12-18,desktop,1383.0,112.0,0.049,91.0
S016,2023-12-25,desktop,1137.0,116.0,0.156,88.0
S016,2024-01-01,desktop,1620.0,151.0,0.064,81.0
S016,2024-01-08,desktop,1378.0,64.0,0.108,90.0
S016,2024-01-15,desktop,1499.0,50.0,0.1,89.0
S016,2024-01-22,desktop,1338.0,72.0,0.0,99.0
S016,2024-01-29,desktop,1634.0,122.0,0.081,82.0
S016,2024-02-05,desktop,997.0,185.0,0.018,96.0
S016,2024-02-12,desktop,1305.0,89.0,0.151,86.0
S016,2024-02-19,desktop,1490.0,76.0,0.084,89.0
S016,2024-02-26,desktop,1484.0,56.0,0.034,95.0
S016,2024-03-04,desktop,1161.0,84.0,0.085,95.0
S016,2024-03-11,desktop,1285.0,126.0,0.088,89.0
S016,2024-03-18,desktop,1150.0,66.0,0.047,100.0
S016,2024-03-25,desktop,1217.0,202.0,0.083,85.0
S016,2024-04-01,desktop,1501.0,103.0,0.074,87.0
S016,2024-04-08,desktop,1430.0,140.0,0.078,85.0
S016,2024-04-15,desktop,1632.0,40.0,0.105,87.0
S016,2024-04-22,desktop,1447.0,70.0,0.116,88.0
S016,2024-04-29,desktop,1164.0,151.0,0.077,90.0
S016,2024-05-06,desktop,1375.0,82.0,0.082,91.0
S016,2024-05-13,desktop,1013.0,145.0,0.054,96.0
S016,2024-05-20,desktop,1079.0,40.0,0.118,98.0
S016,2024-05-27,desktop,1477.0,124.0,0.134,81.0
S016,2024-06-03,desktop,1471.0,93.0,0.141,83.0
S016,2024-06-10,desktop,1385.0,99.0,0.034,93.0
S016,2024-06-17,desktop,1074.0,101.0,0.097,95.0
S016,2024-06-24,desktop,1520.0,86.0,0.111,85.0
S016,2024-07-01,desktop,1322.0,118.0,0.119,86.0
S016,2024-07-08,desktop,1174.0,40.0,0.116,96.0
S016,2024-07-15,desktop,1375.0,91.0,0.124,87.0
S016,2024-07-22,desktop,1437.0,210.0,0.128,75.0
S016,2024-07-29,desktop,1165.0,113.0,0.1,92.0
S016,2024-08-05,desktop,1472.0,40.0,0.066,94.0
S016,2024-08-12,desktop,1216.0,103.0,0.008,99.0
S016,2024-08-19,desktop,1359.0,63.0,0.058,95.0
S016,2024-08-26,desktop,908.0,51.0,0.058,100.0
S016,2024-09-02,desktop,1553.0,135.0,0.125,79.0
S016,2024-09-09,desktop,1483.0,134.0,0.085,84.0
S016,2024-09-16,desktop,1062.0,121.0,0.033,99.0
S016,2024-09-23,desktop,1531.0,40.0,0.087,91.0
S016,2024-09-30,desktop,1277.0,193.0,0.126,80.0
S016,2024-10-07,desktop,1493.0,133.0,0.131,80.0
S016,2024-10-14,desktop,1224.0,168.0,0.085,87.0
S016,2024-10-21,desktop,828.0,85.0,0.0,100.0
S016,2024-10-28,desktop,1341.0,78.0,0.081,92.0
S016,2024-11-04,desktop,1198.0,120.0,0.048,95.0
S016,2024-11-11,desktop,1151.0,140.0,0.074,92.0
S016,2024-11-18,desktop,1201.0,91.0,0.143,89.0
S016,2024-11-25,desktop,997.0,142.0,0.021,99.0
S016,2024-12-02,desktop,1230.0,107.0,0.053,95.0
S016,2024-12-09,desktop,1489.0,146.0,0.062,85.0
S016,2024-12-16,desktop,996.0,40.0,0.025,100.0
S016,2024-12-23,desktop,1441.0,80.0,0.081,90.0
S016,2024-12-30,desktop,1217.0,120.0,0.09,91.0
S016,2025-01-06,desktop,1275.0,102.0,0.092,91.0
S016,2025-01-13,desktop,1114.0,119.0,0.086,93.0
S016,2025-01-20,desktop,1481.0,40.0,0.05,95.0
S016,2025-01-27,desktop,1122.0,62.0,0.061,100.0
S016,2025-02-03,desktop,912.0,147.0,0.075,96.0
S016,2025-02-10,desktop,1340.0,60.0,0.111,91.0
S016,2025-02-17,desktop,1177.0,121.0,0.084,92.0
S016,2025-02-24,desktop,1591.0,105.0,0.037,88.0
S016,2025-03-03,desktop,1245.0,40.0,0.085,97.0
S016,2025-03-10,desktop,1355.0,130.0,0.081,88.0
S016,2025-03-17,desktop,1005.0,89.0,0.046,100.0
S016,2025-03-24,desktop,1112.0,40.0,0.0,100.0
S016,2025-03-31,desktop,1664.0,101.0,0.136,79.0
S016,2025-04-07,desktop,1284.0,80.0,0.033,97.0
S016,2025-04-14,desktop,1143.0,123.0,0.042,96.0
S016,2025-04-21,desktop,1751.0,84.0,0.055,85.0
S016,2025-04-28,desktop,1566.0,94.0,0.051,88.0
S016,2025-05-05,desktop,1627.0,110.0,0.113,81.0
S016,2025-05-12,desktop,1383.0,89.0,0.043,93.0
S016,2025-05-19,desktop,1100.0,84.0,0.075,98.0
S016,2025-05-26,desktop,1682.0,120.0,0.093,80.0
S016,2025-06-02,desktop,1251.0,67.0,0.053,97.0
S016,2025-06-09,desktop,1345.0,52.0,0.123,91.0
S016,2025-06-16,desktop,1755.0,117.0,0.157,74.0
S016,2025-06-23,desktop,1255.0,68.0,0.095,94.0
S016,2025-06-30,desktop,1168.0,144.0,0.145,85.0
S016,2025-07-07,desktop,1496.0,93.0,0.0,94.0
S016,2025-07-14,desktop,1026.0,150.0,0.135,89.0
S016,2025-07-21,desktop,1173.0,127.0,0.049,94.0
S016,2025-07-28,desktop,1211.0,110.0,0.123,89.0
S016,2025-08-04,desktop,1165.0,84.0,0.082,95.0
S016,2025-08-11,desktop,1140.0,40.0,0.105,98.0
S016,2025-08-18,desktop,1231.0,144.0,0.086,89.0
S016,2025-08-25,desktop,1225.0,138.0,0.031,94.0
S016,2025-09-01,desktop,1210.0,59.0,0.036,100.0
S016,2025-09-08,desktop,1038.0,98.0,0.07,98.0
S016,2025-09-15,desktop,1022.0,125.0,0.074,96.0
S016,2025-09-22,desktop,1325.0,64.0,0.117,91.0
S016,2025-09-29,desktop,1633.0,88.0,0.041,88.0
S016,2025-10-06,desktop,1381.0,124.0,0.131,84.0
S016,2025-10-13,desktop,1287.0,76.0,0.061,95.0
S016,2025-10-20,desktop,1245.0,112.0,0.094,91.0
S016,2025-10-27,desktop,1176.0,171.0,0.064,89.0
S016,2025-11-03,desktop,1444.0,162.0,0.119,80.0
S016,2025-11-10,desktop,1398.0,113.0,0.108,86.0
S016,2025-11-17,desktop,1196.0,130.0,0.032,95.0
S016,2025-11-24,desktop,1272.0,40.0,0.0,100.0
S016,2025-12-01,desktop,1276.0,145.0,0.108,86.0
S016,2025-12-08,desktop,1080.0,88.0,0.052,100.0
S016,2025-12-15,desktop,1008.0,87.0,0.092,98.0
S016,2025-12-22,desktop,994.0,149.0,0.103,92.0
S016,2025-12-29,desktop,1359.0,130.0,0.082,87.0
S016,2026-01-05,desktop,1665.0,40.0,0.11,86.0
S016,2026-01-12,desktop,1159.0,105.0,0.097,93.0
S016,2026-01-19,desktop,1224.0,40.0,0.088,97.0
S016,2026-01-26,desktop,707.0,51.0,0.103,100.0
S016,2026-02-02,desktop,1145.0,40.0,0.128,96.0
S016,2026-02-09,desktop,992.0,118.0,0.119,94.0
S016,2026-02-16,desktop,1212.0,58.0,0.043,100.0
S016,2026-02-23,desktop,1313.0,99.0,0.057,93.0
S016,2026-03-02,desktop,1289.0,68.0,0.079,94.0
S016,2026-03-09,desktop,1035.0,132.0,0.025,99.0
S016,2026-03-16,desktop,1090.0,91.0,0.145,92.0
S016,2026-03-23,desktop,812.0,114.0,0.201,91.0
S016,2026-03-30,desktop,1087.0,91.0,0.107,95.0
S016,2026-04-06,desktop,1255.0,127.0,0.117,87.0
S016,2026-04-13,desktop,1030.0,157.0,0.023,97.0
S016,2026-04-20,desktop,1081.0,48.0,0.077,100.0
S016,2026-04-27,desktop,1092.0,106.0,0.022,100.0
S016,2026-05-04,desktop,1077.0,136.0,0.107,91.0
S016,2026-05-11,desktop,1129.0,57.0,0.094,98.0
S016,2026-05-18,desktop,1192.0,156.0,0.094,88.0
S016,2026-05-25,desktop,877.0,149.0,0.057,99.0
S016,2026-06-01,desktop,1255.0,89.0,0.071,94.0
S016,2026-06-08,desktop,1208.0,147.0,0.14,85.0
S016,2026-06-15,desktop,1159.0,79.0,0.073,97.0
S016,2026-06-22,desktop,1273.0,133.0,0.108,87.0
S016,2026-06-29,desktop,783.0,119.0,0.115,98.0
S016,2026-07-06,desktop,1442.0,104.0,0.058,90.0
S016,2026-07-13,desktop,1425.0,40.0,0.112,91.0
S016,2026-07-20,desktop,1297.0,54.0,0.109,93.0
S016,2026-07-27,desktop,876.0,98.0,0.0,100.0
S016,2026-08-03,desktop,1375.0,57.0,0.084,93.0
S016,2026-08-10,desktop,1371.0,78.0,0.061,93.0
S016,2026-08-17,desktop,1447.0,110.0,0.11,85.0
S016,2026-08-24,desktop,1305.0,58.0,0.036,98.0
S016,2026-08-31,desktop,1163.0,203.0,0.043,89.0
S016,2026-09-07,desktop,1489.0,124.0,0.117,82.0
S016,2026-09-14,desktop,1343.0,139.0,0.1,86.0
S016,2026-09-21,desktop,1265.0,40.0,0.042,100.0
S016,2026-09-28,desktop,1222.0,80.0,0.044,98.0
