site_id,check_date,pages_submitted,pages_indexed,errors_4xx,errors_5xx,broken_internal_links,uptime_pct
S001,2023-07-03,1585,1363,11,2,5,99.949
S001,2023-07-10,1590,1381,13,3,5,99.955
S001,2023-07-17,1594,1356,9,3,5,99.82
S001,2023-07-24,1599,1362,9,1,4,99.882
S001,2023-07-31,1604,1389,9,2,4,99.871
S001,2023-08-07,1608,1374,12,2,12,99.925
S001,2023-08-14,1613,1382,12,0,6,99.869
S001,2023-08-21,1618,1398,20,4,7,99.889
S001,2023-08-28,1622,1371,17,1,5,99.857
S001,2023-09-04,1627,1415,13,1,9,99.928
S001,2023-09-11,1632,1394,9,1,8,100.0
S001,2023-09-18,1636,1441,9,3,5,99.958
S001,2023-09-25,1641,1444,15,5,5,99.971
S001,2023-10-02,1646,1441,25,3,5,100.0
S001,2023-10-09,1650,1409,12,2,5,99.961
S001,2023-10-16,1655,1409,8,5,8,99.945
S001,2023-10-23,1660,1427,16,1,6,99.832
S001,2023-10-30,1664,1449,18,5,5,99.969
S001,2023-11-06,1669,1453,14,2,5,99.896
S001,2023-11-13,1674,1441,13,5,10,99.941
S001,2023-11-20,1678,1407,10,1,6,99.959
S001,2023-11-27,1683,1455,10,1,8,99.91
S001,2023-12-04,1688,1431,15,0,7,99.925
S001,2023-12-11,1693,1466,10,6,7,99.84
S001,2023-12-18,1697,1465,15,5,6,99.863
S001,2023-12-25,1702,1452,10,2,10,99.921
S001,2024-01-01,1707,1505,18,3,8,99.82
S001,2024-01-08,1711,1479,12,4,6,100.0
S001,2024-01-15,1716,1495,13,2,5,99.912
S001,2024-01-22,1721,1505,15,2,5,99.937
S001,2024-01-29,1725,1478,19,3,10,99.844
S001,2024-02-05,1730,1500,17,2,9,99.884
S001,2024-02-12,1735,1475,14,6,12,99.903
S001,2024-02-19,1739,1502,14,2,7,99.819
S001,2024-02-26,1744,1496,10,2,8,99.936
S001,2024-03-04,1749,1511,13,5,4,99.979
S001,2024-03-11,1753,1514,21,4,8,99.919
S001,2024-03-18,1758,1507,14,2,9,99.924
S001,2024-03-25,1763,1542,11,2,11,99.909
S001,2024-04-01,1767,1538,17,5,3,99.878
S001,2024-04-08,1772,1532,15,4,4,99.921
S001,2024-04-15,1777,1584,8,3,8,99.925
S001,2024-04-22,1781,1522,11,3,8,99.947
S001,2024-04-29,1786,1525,10,1,5,99.878
S001,2024-05-06,1791,1578,10,2,8,99.919
S001,2024-05-13,1795,1572,12,1,7,99.892
S001,2024-05-20,1800,1581,17,3,5,99.903
S001,2024-05-27,1805,1591,11,2,5,99.935
S001,2024-06-03,1809,1594,9,5,6,99.808
S001,2024-06-10,1814,1558,18,2,6,99.97
S001,2024-06-17,1819,1575,14,2,4,99.934
S001,2024-06-24,1823,1594,18,4,12,99.985
S001,2024-07-01,1828,1562,15,6,11,99.802
S001,2024-07-08,1833,1578,44,4,10,99.962
S001,2024-07-15,1837,1627,14,4,7,99.869
S001,2024-07-22,1842,1578,11,1,6,99.962
S001,2024-07-29,1847,1613,16,3,4,99.96
S001,2024-08-05,1851,1609,13,7,9,100.0
S001,2024-08-12,1856,1621,16,1,7,99.939
S001,2024-08-19,1861,1594,13,6,12,99.817
S001,2024-08-26,1865,1630,21,3,8,99.894
S001,2024-09-02,1870,1594,21,3,7,99.94
S001,2024-09-09,1875,1624,12,6,6,99.923
S001,2024-09-16,1880,1632,18,3,13,99.865
S001,2024-09-23,1884,1643,19,1,4,99.954
S001,2024-09-30,1889,1666,20,1,7,100.0
S001,2024-10-07,1894,1631,10,2,6,99.925
S001,2024-10-14,1898,1669,17,3,10,99.974
S001,2024-10-21,1903,1683,11,0,8,99.936
S001,2024-10-28,1908,1647,13,2,6,99.877
S001,2024-11-04,1912,1633,15,2,8,99.852
S001,2024-11-11,1917,1663,12,5,11,99.931
S001,2024-11-18,1922,1696,15,5,8,99.93
S001,2024-11-25,1926,1702,19,3,9,99.901
S001,2024-12-02,1931,1668,17,7,10,99.922
S001,2024-12-09,1936,1690,13,1,7,99.867
S001,2024-12-16,1940,1705,16,2,13,99.916
S001,2024-12-23,1945,1715,16,5,8,99.921
S001,2024-12-30,1950,1714,18,1,8,99.885
S001,2025-01-06,1954,1731,11,3,14,99.863
S001,2025-01-13,1959,1724,14,2,7,99.855
S001,2025-01-20,1964,1712,15,2,10,100.0
S001,2025-01-27,1968,1722,25,4,5,99.863
S001,2025-02-03,1973,1726,12,2,5,99.927
S001,2025-02-10,1978,1740,17,1,11,99.96
S001,2025-02-17,1982,1702,13,5,7,99.976
S001,2025-02-24,1987,1723,11,2,10,100.0
S001,2025-03-03,1992,1746,18,1,12,99.853
S001,2025-03-10,1996,1761,13,2,6,99.916
S001,2025-03-17,2001,1767,21,1,17,99.871
S001,2025-03-24,2006,1705,12,2,6,99.932
S001,2025-03-31,2010,1781,15,1,9,99.878
S001,2025-04-07,2015,1764,17,4,11,99.923
S001,2025-04-14,2020,1735,16,2,9,99.869
S001,2025-04-21,2024,1756,10,1,10,99.86
S001,2025-04-28,2029,1741,11,2,7,99.872
S001,2025-05-05,2034,1786,18,1,7,99.86
S001,2025-05-12,2038,1775,23,1,9,99.936
S001,2025-05-19,2043,1777,11,6,10,99.902
S001,2025-05-26,2048,1838,8,2,6,99.926
S001,2025-06-02,2052,1808,18,5,10,99.842
S001,2025-06-09,2057,1821,19,2,7,99.929
S001,2025-06-16,2062,1800,21,0,7,99.899
S001,2025-06-23,2067,1811,18,3,12,99.984
S001,2025-06-30,2071,1812,20,4,8,100.0
S001,2025-07-07,2076,1838,29,2,8,99.941
S001,2025-07-14,2081,1843,13,3,10,99.957
S001,2025-07-21,2085,1830,23,3,10,99.904
S001,2025-07-28,2090,1814,28,4,8,99.935
S001,2025-08-04,2095,1865,17,3,8,99.902
S001,2025-08-11,2099,1843,15,2,7,99.925
S001,2025-08-18,2104,1807,14,1,9,99.903
S001,2025-08-25,2109,1902,11,2,9,99.934
S001,2025-09-01,2113,1861,7,2,11,99.943
S001,2025-09-08,2118,1860,23,6,12,99.925
S001,2025-09-15,2123,1824,14,0,7,99.931
S001,2025-09-22,2127,1884,16,5,12,100.0
S001,2025-09-29,2132,1842,12,4,6,99.916
S001,2025-10-06,2137,1915,16,4,9,99.959
S001,2025-10-13,2141,1832,23,0,12,99.91
S001,2025-10-20,2146,1903,14,3,13,99.958
S001,2025-10-27,2151,1922,30,3,10,99.968
S001,2025-11-03,2155,1899,16,2,12,99.971
S001,2025-11-10,2160,1901,17,1,10,99.962
S001,2025-11-17,2165,1910,23,1,7,99.98
S001,2025-11-24,2169,1868,22,0,13,99.874
S001,2025-12-01,2174,1899,22,1,4,99.868
S001,2025-12-08,2179,1922,37,6,10,99.984
S001,2025-12-15,2183,1939,22,3,8,99.875
S001,2025-12-22,2188,1944,18,3,9,99.93
S001,2025-12-29,2193,1907,22,2,18,99.981
S001,2026-01-05,2197,1950,13,6,11,99.91
S001,2026-01-12,2202,1954,18,0,7,99.895
S001,2026-01-19,2207,1898,34,1,5,99.864
S001,2026-01-26,2211,1913,15,1,7,99.937
S001,2026-02-02,2216,1972,22,2,12,99.928
S001,2026-02-09,2221,1956,15,1,8,100.0
S001,2026-02-16,2225,1985,13,2,9,99.942
S001,2026-02-23,2230,2008,15,3,8,99.996
S001,2026-03-02,2235,1998,29,5,7,99.977
S001,2026-03-09,2239,1962,20,2,15,99.963
S001,2026-03-16,2244,1969,16,5,10,99.878
S001,2026-03-23,2249,1981,16,1,10,99.994
S001,2026-03-30,2253,2000,16,3,16,99.885
S001,2026-04-06,2258,2019,18,5,9,99.906
S001,2026-04-13,2263,1958,14,3,8,99.889
S001,2026-04-20,2268,2004,21,3,9,99.936
S001,2026-04-27,2272,2026,25,2,6,99.885
S001,2026-05-04,2277,2039,17,4,10,99.84
S001,2026-05-11,2282,2044,12,5,9,100.0
S001,2026-05-18,2286,1979,19,3,9,99.857
S001,2026-05-25,2291,1983,12,2,13,99.989
S001,2026-06-01,2296,2039,12,1,10,99.974
S001,2026-06-08,2300,2072,22,2,10,99.952
S001,2026-06-15,2305,2043,9,2,10,99.912
S001,2026-06-22,2310,2041,19,6,10,99.855
S001,2026-06-29,2314,2018,23,6,9,99.933
S001,2026-07-06,2319,2034,35,3,6,99.984
S001,2026-07-13,2324,2033,11,5,7,99.956
S001,2026-07-20,2328,2053,16,1,8,99.927
S001,2026-07-27,2333,2049,14,2,11,100.0
S001,2026-08-03,2338,2082,21,0,11,99.962
S001,2026-08-10,2342,2102,14,0,14,99.914
S001,2026-08-17,2347,2070,36,3,10,99.96
S001,2026-08-24,2352,2070,14,1,21,99.919
S001,2026-08-31,2356,2072,19,0,14,99.851
S001,2026-09-07,2361,2132,22,1,8,100.0
S001,2026-09-14,2366,2069,22,3,9,99.953
S001,2026-09-21,2370,2103,17,1,8,99.792
S001,2026-09-28,2375,2077,11,3,12,99.97
S002,2023-07-03,1527,1300,15,2,3,99.909
S002,2023-07-10,1532,1291,12,2,4,100.0
S002,2023-07-17,1537,1309,20,6,5,99.925
S002,2023-07-24,1542,1285,7,2,3,99.926
S002,2023-07-31,1548,1349,13,2,4,99.842
S002,2023-08-07,1553,1330,13,1,3,99.968
S002,2023-08-14,1558,1333,10,2,3,99.944
S002,2023-08-21,1563,1334,10,3,3,99.956
S002,2023-08-28,1568,1312,9,4,4,99.907
S002,2023-09-04,1573,1352,20,0,2,99.899
S002,2023-09-11,1578,1342,12,5,3,99.948
S002,2023-09-18,1584,1342,9,3,4,99.903
S002,2023-09-25,1589,1345,11,0,2,99.89
S002,2023-10-02,1594,1343,16,3,3,99.99
S002,2023-10-09,1599,1356,16,2,1,99.902
S002,2023-10-16,1604,1362,12,1,2,99.95
S002,2023-10-23,1609,1358,10,5,2,99.884
S002,2023-10-30,1614,1393,16,1,2,99.906
S002,2023-11-06,1620,1398,13,0,2,99.95
S002,2023-11-13,1625,1405,13,1,3,99.912
S002,2023-11-20,1630,1389,15,1,3,99.931
S002,2023-11-27,1635,1394,11,0,3,99.866
S002,2023-12-04,1640,1355,11,4,3,99.795
S002,2023-12-11,1645,1405,18,3,5,99.927
S002,2023-12-18,1650,1407,15,1,2,99.94
S002,2023-12-25,1656,1400,12,3,5,99.858
S002,2024-01-01,1661,1408,14,4,3,99.882
S002,2024-01-08,1666,1440,17,1,4,99.942
S002,2024-01-15,1671,1402,10,0,3,99.943
S002,2024-01-22,1676,1430,10,1,4,99.935
S002,2024-01-29,1681,1428,18,0,2,99.892
S002,2024-02-05,1686,1453,21,4,4,99.904
S002,2024-02-12,1691,1429,11,3,6,99.828
S002,2024-02-19,1697,1434,17,4,4,99.896
S002,2024-02-26,1702,1488,13,3,4,99.906
S002,2024-03-04,1707,1460,15,4,2,99.942
S002,2024-03-11,1712,1452,20,0,3,99.884
S002,2024-03-18,1717,1467,21,1,3,99.976
S002,2024-03-25,1722,1465,19,0,3,99.892
S002,2024-04-01,1727,1454,10,1,4,99.931
S002,2024-04-08,1733,1500,15,1,2,99.864
S002,2024-04-15,1738,1500,14,2,3,99.921
S002,2024-04-22,1743,1479,11,1,4,99.98
S002,2024-04-29,1748,1513,15,3,3,99.984
S002,2024-05-06,1753,1501,15,2,5,99.887
S002,2024-05-13,1758,1509,16,5,4,99.88
S002,2024-05-20,1763,1524,11,3,3,99.835
S002,2024-05-27,1769,1515,13,3,4,99.879
S002,2024-06-03,1774,1507,14,2,4,99.933
S002,2024-06-10,1779,1524,14,2,5,99.912
S002,2024-06-17,1784,1524,11,1,8,99.948
S002,2024-06-24,1789,1535,19,2,3,99.843
S002,2024-07-01,1794,1524,15,4,3,99.9
S002,2024-07-08,1799,1556,11,0,3,99.967
S002,2024-07-15,1805,1542,15,0,4,99.834
S002,2024-07-22,1810,1569,18,3,3,99.862
S002,2024-07-29,1815,1564,25,3,4,99.879
S002,2024-08-05,1820,1558,15,1,5,99.898
S002,2024-08-12,1825,1547,21,6,2,99.947
S002,2024-08-19,1830,1573,10,2,4,99.93
S002,2024-08-26,1835,1574,22,2,3,99.972
S002,2024-09-02,1841,1580,15,2,4,99.946
S002,2024-09-09,1846,1586,10,6,3,99.914
S002,2024-09-16,1851,1594,17,2,3,99.971
S002,2024-09-23,1856,1583,9,2,2,99.837
S002,2024-09-30,1861,1599,12,2,6,99.863
S002,2024-10-07,1866,1579,17,0,4,99.963
S002,2024-10-14,1871,1587,10,4,4,100.0
S002,2024-10-21,1877,1616,17,5,2,99.839
S002,2024-10-28,1882,1590,11,3,3,99.981
S002,2024-11-04,1887,1652,20,4,4,99.876
S002,2024-11-11,1892,1626,14,2,4,99.778
S002,2024-11-18,1897,1636,12,3,5,99.985
S002,2024-11-25,1902,1670,19,1,4,100.0
S002,2024-12-02,1907,1638,9,4,4,99.905
S002,2024-12-09,1913,1634,19,2,3,99.894
S002,2024-12-16,1918,1643,13,2,3,99.937
S002,2024-12-23,1923,1632,17,3,3,99.966
S002,2024-12-30,1928,1664,17,1,3,99.905
S002,2025-01-06,1933,1637,16,3,2,99.927
S002,2025-01-13,1938,1612,10,4,5,99.985
S002,2025-01-20,1943,1654,12,1,5,99.894
S002,2025-01-27,1949,1652,13,2,6,99.851
S002,2025-02-03,1954,1662,16,2,3,99.874
S002,2025-02-10,1959,1656,28,3,4,99.86
S002,2025-02-17,1964,1680,19,1,5,99.929
S002,2025-02-24,1969,1678,16,1,5,99.945
S002,2025-03-03,1974,1702,23,3,3,100.0
S002,2025-03-10,1979,1688,18,3,4,99.925
S002,2025-03-17,1984,1704,21,0,4,99.996
S002,2025-03-24,1990,1737,19,1,5,99.937
S002,2025-03-31,1995,1713,9,3,3,99.937
S002,2025-04-07,2000,1695,15,0,3,99.944
S002,2025-04-14,2005,1705,12,2,5,99.919
S002,2025-04-21,2010,1734,18,0,4,99.875
S002,2025-04-28,2015,1751,11,2,4,99.902
S002,2025-05-05,2020,1728,26,3,3,99.9
S002,2025-05-12,2026,1729,13,4,3,99.943
S002,2025-05-19,2031,1763,15,1,4,99.917
S002,2025-05-26,2036,1737,21,4,5,99.92
S002,2025-06-02,2041,1756,9,4,3,99.926
S002,2025-06-09,2046,1741,21,5,6,99.883
S002,2025-06-16,2051,1805,16,3,4,99.904
S002,2025-06-23,2056,1749,25,2,3,99.925
S002,2025-06-30,2062,1791,14,1,5,99.94
S002,2025-07-07,2067,1796,16,1,4,99.96
S002,2025-07-14,2072,1762,11,5,3,99.886
S002,2025-07-21,2077,1802,17,2,4,99.896
S002,2025-07-28,2082,1779,36,2,6,99.986
S002,2025-08-04,2087,1800,20,3,4,100.0
S002,2025-08-11,2092,1782,20,1,4,100.0
S002,2025-08-18,2098,1813,22,5,5,99.865
S002,2025-08-25,2103,1813,18,5,4,99.921
S002,2025-09-01,2108,1817,10,3,4,99.907
S002,2025-09-08,2113,1790,14,4,3,99.901
S002,2025-09-15,2118,1830,15,2,3,99.894
S002,2025-09-22,2123,1807,17,4,3,99.997
S002,2025-09-29,2128,1822,14,5,3,99.922
S002,2025-10-06,2134,1830,17,3,3,99.942
S002,2025-10-13,2139,1825,17,3,3,99.988
S002,2025-10-20,2144,1880,22,0,3,99.937
S002,2025-10-27,2149,1866,13,1,5,99.905
S002,2025-11-03,2154,1825,21,3,3,99.852
S002,2025-11-10,2159,1873,17,0,4,99.919
S002,2025-11-17,2164,1848,10,0,5,99.979
S002,2025-11-24,2170,1855,25,1,4,99.872
S002,2025-12-01,2175,1885,16,1,5,99.864
S002,2025-12-08,2180,1876,21,2,7,99.828
S002,2025-12-15,2185,1913,9,1,6,99.833
S002,2025-12-22,2190,1868,16,5,3,100.0
S002,2025-12-29,2195,1907,19,4,3,100.0
S002,2026-01-05,2200,1884,22,0,6,100.0
S002,2026-01-12,2206,1903,18,1,3,99.931
S002,2026-01-19,2211,1897,26,2,5,99.95
S002,2026-01-26,2216,1914,14,6,6,99.932
S002,2026-02-02,2221,1897,20,0,4,99.978
S002,2026-02-09,2226,1886,17,1,5,99.892
S002,2026-02-16,2231,1961,17,3,4,99.898
S002,2026-02-23,2236,1914,23,3,7,99.866
S002,2026-03-02,2242,1953,24,3,2,99.857
S002,2026-03-09,2247,1923,23,0,4,99.974
S002,2026-03-16,2252,1902,18,2,4,99.951
S002,2026-03-23,2257,1939,17,2,5,99.92
S002,2026-03-30,2262,1940,18,1,5,99.913
S002,2026-04-06,2267,1971,15,0,6,99.985
S002,2026-04-13,2272,1957,13,2,4,99.947
S002,2026-04-20,2278,1935,16,1,5,99.89
S002,2026-04-27,2283,1961,16,3,6,99.988
S002,2026-05-04,2288,1980,19,2,6,99.915
S002,2026-05-11,2293,1968,16,2,6,99.876
S002,2026-05-18,2298,1993,16,2,2,99.976
S002,2026-05-25,2303,1992,17,3,4,99.973
S002,2026-06-01,2308,1969,26,0,6,99.864
S002,2026-06-08,2313,1971,23,3,3,99.907
S002,2026-06-15,2319,2005,26,3,3,99.856
S002,2026-06-22,2324,1987,18,3,2,99.804
S002,2026-06-29,2329,2019,34,2,4,99.897
S002,2026-07-06,2334,2011,19,4,6,99.853
S002,2026-07-13,2339,2017,25,1,7,99.976
S002,2026-07-20,2344,2013,19,2,3,99.907
S002,2026-07-27,2349,1986,14,3,4,99.867
S002,2026-08-03,2355,2005,15,1,3,99.945
S002,2026-08-10,2360,1975,20,2,4,99.963
S002,2026-08-17,2365,2033,15,2,5,99.915
S002,2026-08-24,2370,2084,40,3,3,99.93
S002,2026-08-31,2375,2037,21,1,5,99.949
S002,2026-09-07,2380,2063,17,4,8,100.0
S002,2026-09-14,2385,2077,20,3,5,99.925
S002,2026-09-21,2391,2083,16,5,3,99.952
S002,2026-09-28,2396,2071,17,1,3,99.981
S003,2023-07-03,5705,4956,19,3,27,99.967
S003,2023-07-10,5713,4935,28,2,21,99.908
S003,2023-07-17,5721,5042,30,0,22,100.0
S003,2023-07-24,5730,4956,23,0,15,99.931
S003,2023-07-31,5738,4843,34,3,34,99.839
S003,2023-08-07,5746,4950,19,3,18,99.983
S003,2023-08-14,5754,5011,19,0,16,99.983
S003,2023-08-21,5762,4936,25,0,19,99.959
S003,2023-08-28,5771,5180,23,4,33,99.942
S003,2023-09-04,5779,4877,19,0,17,99.903
S003,2023-09-11,5787,5009,24,3,19,99.932
S003,2023-09-18,5795,4938,12,1,13,99.936
S003,2023-09-25,5804,5026,27,3,16,99.892
S003,2023-10-02,5812,4946,27,2,19,99.848
S003,2023-10-09,5820,4996,27,1,43,99.946
S003,2023-10-16,5828,4927,22,1,15,99.98
S003,2023-10-23,5836,4943,36,3,21,99.977
S003,2023-10-30,5845,5021,18,2,16,99.877
S003,2023-11-06,5853,5029,35,3,25,99.91
S003,2023-11-13,5861,4996,24,3,13,99.847
S003,2023-11-20,5869,5066,35,0,18,99.999
S003,2023-11-27,5877,5066,25,2,14,99.957
S003,2023-12-04,5886,4944,30,1,17,99.871
S003,2023-12-11,5894,5038,23,1,22,99.96
S003,2023-12-18,5902,5047,23,0,13,99.902
S003,2023-12-25,5910,5099,18,2,14,99.86
S003,2024-01-01,5919,5130,25,2,20,99.901
S003,2024-01-08,5927,5142,24,2,25,99.947
S003,2024-01-15,5935,5126,20,1,29,99.892
S003,2024-01-22,5943,5056,26,0,28,99.905
S003,2024-01-29,5951,5145,16,1,25,99.989
S003,2024-02-05,5960,5156,15,2,21,99.921
S003,2024-02-12,5968,5092,28,0,24,99.925
S003,2024-02-19,5976,5309,15,1,14,99.91
S003,2024-02-26,5984,5125,24,3,39,99.905
S003,2024-03-04,5992,5233,26,1,22,99.883
S003,2024-03-11,6001,5278,18,0,26,99.891
S003,2024-03-18,6009,5309,20,1,52,99.879
S003,2024-03-25,6017,5112,19,1,31,99.873
S003,2024-04-01,6025,5193,22,2,16,99.917
S003,2024-04-08,6034,5231,23,2,23,99.95
S003,2024-04-15,6042,5333,21,2,20,99.899
S003,2024-04-22,6050,5292,19,1,28,100.0
S003,2024-04-29,6058,5301,19,0,24,99.925
S003,2024-05-06,6066,5195,18,2,24,99.864
S003,2024-05-13,6075,5232,14,3,28,99.933
S003,2024-05-20,6083,5234,24,2,15,99.814
S003,2024-05-27,6091,5437,30,0,14,99.883
S003,2024-06-03,6099,5424,21,0,28,99.854
S003,2024-06-10,6107,5248,21,3,19,99.875
S003,2024-06-17,6116,5236,18,2,21,99.906
S003,2024-06-24,6124,5417,29,3,30,99.964
S003,2024-07-01,6132,5403,26,2,22,99.855
S003,2024-07-08,6140,5319,21,1,17,99.989
S003,2024-07-15,6149,5281,22,2,33,99.817
S003,2024-07-22,6157,5244,18,2,31,100.0
S003,2024-07-29,6165,5326,24,1,16,100.0
S003,2024-08-05,6173,5427,26,1,16,99.905
S003,2024-08-12,6181,5295,20,1,23,99.872
S003,2024-08-19,6190,5392,28,5,22,99.946
S003,2024-08-26,6198,5305,24,3,16,99.925
S003,2024-09-02,6206,5425,28,1,22,99.898
S003,2024-09-09,6214,5306,31,4,14,99.934
S003,2024-09-16,6222,5387,28,3,15,99.971
S003,2024-09-23,6231,5454,33,1,14,99.893
S003,2024-09-30,6239,5437,35,0,31,99.979
S003,2024-10-07,6247,5328,26,1,24,99.897
S003,2024-10-14,6255,5390,27,1,26,99.878
S003,2024-10-21,6264,5424,49,3,25,99.983
S003,2024-10-28,6272,5383,22,2,13,99.87
S003,2024-11-04,6280,5514,18,2,17,99.884
S003,2024-11-11,6288,5425,24,1,32,99.874
S003,2024-11-18,6296,5532,21,1,24,99.89
S003,2024-11-25,6305,5539,23,0,13,99.872
S003,2024-12-02,6313,5523,27,0,23,99.882
S003,2024-12-09,6321,5528,24,1,26,99.999
S003,2024-12-16,6329,5465,34,1,29,99.949
S003,2024-12-23,6337,5491,33,1,20,99.848
S003,2024-12-30,6346,5386,38,1,38,99.865
S003,2025-01-06,6354,5486,29,1,27,99.877
S003,2025-01-13,6362,5450,19,0,26,99.962
S003,2025-01-20,6370,5567,26,2,17,99.93
S003,2025-01-27,6379,5539,24,5,16,99.854
S003,2025-02-03,6387,5559,21,3,23,99.965
S003,2025-02-10,6395,5680,27,3,24,99.943
S003,2025-02-17,6403,5387,34,1,15,99.951
S003,2025-02-24,6411,5704,21,4,16,99.938
S003,2025-03-03,6420,5659,24,2,28,99.884
S003,2025-03-10,6428,5656,26,2,40,99.933
S003,2025-03-17,6436,5596,18,2,22,99.865
S003,2025-03-24,6444,5713,17,0,33,99.858
S003,2025-03-31,6452,5644,22,1,27,99.928
S003,2025-04-07,6461,5659,33,2,15,99.855
S003,2025-04-14,6469,5656,32,5,32,99.888
S003,2025-04-21,6477,5668,25,2,17,99.912
S003,2025-04-28,6485,5620,13,1,24,99.944
S003,2025-05-05,6494,5536,44,2,29,100.0
S003,2025-05-12,6502,5657,61,1,15,100.0
S003,2025-05-19,6510,5661,38,3,27,99.855
S003,2025-05-26,6518,5665,34,0,26,99.919
S003,2025-06-02,6526,5849,34,0,28,99.924
S003,2025-06-09,6535,5679,24,2,33,99.989
S003,2025-06-16,6543,5701,18,1,16,99.934
S003,2025-06-23,6551,5711,29,3,22,99.95
S003,2025-06-30,6559,5719,19,2,28,99.917
S003,2025-07-07,6567,5814,28,3,27,99.908
S003,2025-07-14,6576,5752,33,3,33,99.923
S003,2025-07-21,6584,5703,21,3,24,99.996
S003,2025-07-28,6592,5754,29,3,19,99.961
S003,2025-08-04,6600,5806,19,0,15,99.848
S003,2025-08-11,6609,5871,40,1,19,99.95
S003,2025-08-18,6617,5765,29,4,16,99.919
S003,2025-08-25,6625,5715,22,2,27,99.922
S003,2025-09-01,6633,5766,23,3,23,99.881
S003,2025-09-08,6641,5807,38,2,15,99.844
S003,2025-09-15,6650,5860,36,1,28,99.927
S003,2025-09-22,6658,5829,14,1,22,99.972
S003,2025-09-29,6666,5676,26,0,19,99.853
S003,2025-10-06,6674,5918,30,2,22,99.942
S003,2025-10-13,6682,5860,31,4,30,99.964
S003,2025-10-20,6691,5851,24,1,27,99.903
S003,2025-10-27,6699,5900,31,1,11,99.804
S003,2025-11-03,6707,5853,20,3,35,99.825
S003,2025-11-10,6715,5847,37,3,24,99.91
S003,2025-11-17,6724,5950,24,2,17,99.898
S003,2025-11-24,6732,5796,20,0,21,99.896
S003,2025-12-01,6740,5907,22,1,45,99.914
S003,2025-12-08,6748,5881,22,1,30,99.952
S003,2025-12-15,6756,5846,25,2,37,99.946
S003,2025-12-22,6765,5978,22,0,31,100.0
S003,2025-12-29,6773,5829,35,1,19,99.99
S003,2026-01-05,6781,6063,28,2,25,99.928
S003,2026-01-12,6789,6101,31,2,24,99.882
S003,2026-01-19,6797,5929,19,1,25,99.911
S003,2026-01-26,6806,5920,25,2,25,99.981
S003,2026-02-02,6814,6018,24,0,22,99.971
S003,2026-02-09,6822,5957,28,0,45,100.0
S003,2026-02-16,6830,6099,19,2,20,99.882
S003,2026-02-23,6839,6008,23,1,19,100.0
S003,2026-03-02,6847,6113,19,0,24,99.891
S003,2026-03-09,6855,6002,29,1,26,99.922
S003,2026-03-16,6863,6080,26,4,48,99.997
S003,2026-03-23,6871,6138,21,0,17,99.936
S003,2026-03-30,6880,6004,28,2,66,99.894
S003,2026-04-06,6888,6019,31,0,15,99.843
S003,2026-04-13,6896,5959,20,2,27,99.947
S003,2026-04-20,6904,6098,21,0,45,99.852
S003,2026-04-27,6912,5980,36,2,17,99.777
S003,2026-05-04,6921,6123,19,0,33,99.952
S003,2026-05-11,6929,6042,60,0,19,99.922
S003,2026-05-18,6937,6189,32,2,20,99.852
S003,2026-05-25,6945,6023,28,0,30,99.918
S003,2026-06-01,6953,6049,17,0,17,99.902
S003,2026-06-08,6962,6168,45,2,25,99.976
S003,2026-06-15,6970,6103,24,2,28,99.892
S003,2026-06-22,6978,6213,15,3,35,99.915
S003,2026-06-29,6986,6040,29,1,26,99.902
S003,2026-07-06,6995,6114,26,1,27,99.865
S003,2026-07-13,7003,6189,20,2,33,99.925
S003,2026-07-20,7011,6140,26,0,38,99.96
S003,2026-07-27,7019,6058,37,2,28,100.0
S003,2026-08-03,7027,6088,28,2,19,99.97
S003,2026-08-10,7036,6223,23,2,18,99.863
S003,2026-08-17,7044,6373,27,0,21,99.777
S003,2026-08-24,7052,6107,23,0,21,99.868
S003,2026-08-31,7060,6346,24,2,26,99.816
S003,2026-09-07,7068,6128,11,3,26,99.874
S003,2026-09-14,7077,6211,11,2,26,99.907
S003,2026-09-21,7085,6221,14,2,30,99.851
S003,2026-09-28,7093,6196,41,1,31,99.92
S004,2023-07-03,7612,6278,54,1,24,99.884
S004,2023-07-10,7631,6435,79,0,17,99.969
S004,2023-07-17,7650,6475,57,1,18,99.861
S004,2023-07-24,7668,6445,72,2,23,99.897
S004,2023-07-31,7687,6395,64,1,17,99.927
S004,2023-08-07,7706,6374,59,3,17,99.761
S004,2023-08-14,7725,6357,88,1,16,99.897
S004,2023-08-21,7744,6499,56,0,7,99.925
S004,2023-08-28,7763,6437,71,2,17,99.976
S004,2023-09-04,7781,6559,91,1,17,99.852
S004,2023-09-11,7800,6515,48,1,19,99.965
S004,2023-09-18,7819,6587,79,1,20,99.966
S004,2023-09-25,7838,6541,47,0,26,99.96
S004,2023-10-02,7857,6442,71,0,27,99.861
S004,2023-10-09,7876,6719,66,0,21,99.987
S004,2023-10-16,7894,6444,58,0,30,99.955
S004,2023-10-23,7913,6601,124,3,15,99.949
S004,2023-10-30,7932,6465,85,2,19,99.971
S004,2023-11-06,7951,6560,72,1,17,99.916
S004,2023-11-13,7970,6668,109,0,10,99.997
S004,2023-11-20,7989,6585,74,3,16,99.849
S004,2023-11-27,8007,6730,43,5,16,99.881
S004,2023-12-04,8026,6567,76,0,21,99.825
S004,2023-12-11,8045,6739,46,1,16,99.981
S004,2023-12-18,8064,6595,65,1,14,99.94
S004,2023-12-25,8083,6750,45,0,25,99.979
S004,2024-01-01,8102,6634,54,1,18,99.998
S004,2024-01-08,8120,6821,82,1,19,99.893
S004,2024-01-15,8139,6868,78,0,16,99.884
S004,2024-01-22,8158,6707,65,0,17,99.873
S004,2024-01-29,8177,6762,46,0,19,99.883
S004,2024-02-05,8196,6858,67,1,16,99.924
S004,2024-02-12,8215,6993,74,0,19,99.888
S004,2024-02-19,8233,6787,84,0,16,99.933
S004,2024-02-26,8252,6935,89,0,21,99.858
S004,2024-03-04,8271,6990,90,2,16,99.889
S004,2024-03-11,8290,6868,103,0,20,99.916
S004,2024-03-18,8309,7057,54,1,22,99.973
S004,2024-03-25,8328,7062,52,1,43,99.881
S004,2024-04-01,8346,6846,86,0,28,99.874
S004,2024-04-08,8365,6854,89,0,20,99.971
S004,2024-04-15,8384,7051,59,2,14,99.844
S004,2024-04-22,8403,6964,67,3,16,99.861
S004,2024-04-29,8422,6979,69,2,18,99.992
S004,2024-05-06,8441,6765,101,3,15,99.97
S004,2024-05-13,8459,7042,100,1,27,99.955
S004,2024-05-20,8478,7159,51,1,21,99.98
S004,2024-05-27,8497,7125,63,2,13,99.935
S004,2024-06-03,8516,7195,61,1,28,100.0
S004,2024-06-10,8535,7039,79,0,29,99.977
S004,2024-06-17,8554,7216,106,0,22,99.899
S004,2024-06-24,8572,7094,132,3,23,99.873
S004,2024-07-01,8591,7267,76,0,22,100.0
S004,2024-07-08,8610,7222,69,0,23,99.911
S004,2024-07-15,8629,7145,52,1,18,99.967
S004,2024-07-22,8648,7428,70,0,28,99.86
S004,2024-07-29,8667,7137,50,2,26,99.898
S004,2024-08-05,8685,7096,64,4,23,100.0
S004,2024-08-12,8704,7389,66,5,17,99.876
S004,2024-08-19,8723,7395,65,1,16,99.842
S004,2024-08-26,8742,7339,77,1,22,99.963
S004,2024-09-02,8761,7424,87,0,16,99.92
S004,2024-09-09,8780,7459,91,1,12,99.822
S004,2024-09-16,8798,7322,58,0,11,99.882
S004,2024-09-23,8817,7312,74,1,25,99.979
S004,2024-09-30,8836,7380,107,0,19,99.916
S004,2024-10-07,8855,7393,82,0,14,99.959
S004,2024-10-14,8874,7365,62,2,17,99.89
S004,2024-10-21,8893,7464,74,0,33,99.891
S004,2024-10-28,8911,7624,58,2,10,99.956
S004,2024-11-04,8930,7584,69,1,16,99.892
S004,2024-11-11,8949,7525,89,1,19,99.858
S004,2024-11-18,8968,7505,62,0,20,99.893
S004,2024-11-25,8987,7632,96,1,19,99.941
S004,2024-12-02,9006,7467,55,0,28,99.834
S004,2024-12-09,9024,7681,82,1,24,99.89
S004,2024-12-16,9043,7562,101,5,22,99.915
S004,2024-12-23,9062,7586,147,2,20,99.948
S004,2024-12-30,9081,7720,64,4,25,99.816
S004,2025-01-06,9100,7656,67,0,25,99.868
S004,2025-01-13,9119,7601,84,1,31,99.924
S004,2025-01-20,9137,7656,56,1,14,99.96
S004,2025-01-27,9156,7600,78,2,30,99.882
S004,2025-02-03,9175,7745,89,0,13,99.895
S004,2025-02-10,9194,7692,95,3,30,99.839
S004,2025-02-17,9213,7743,66,1,23,99.896
S004,2025-02-24,9231,7805,82,3,20,99.872
S004,2025-03-03,9250,7651,94,1,33,99.924
S004,2025-03-10,9269,7986,87,3,13,99.878
S004,2025-03-17,9288,7853,85,3,19,99.956
S004,2025-03-24,9307,7752,55,2,21,99.868
S004,2025-03-31,9326,7805,63,0,23,99.954
S004,2025-04-07,9344,7829,88,2,23,99.984
S004,2025-04-14,9363,7788,49,1,27,99.916
S004,2025-04-21,9382,7790,70,0,19,99.98
S004,2025-04-28,9401,7984,82,3,25,99.993
S004,2025-05-05,9420,7880,78,0,18,99.929
S004,2025-05-12,9439,7967,79,1,26,99.871
S004,2025-05-19,9457,8044,118,3,35,99.938
S004,2025-05-26,9476,7956,81,0,8,99.883
S004,2025-06-02,9495,7807,122,0,15,99.935
S004,2025-06-09,9514,7855,63,0,30,99.899
S004,2025-06-16,9533,8037,101,1,17,99.909
S004,2025-06-23,9552,7994,80,2,52,99.932
S004,2025-06-30,9570,8172,51,1,31,99.955
S004,2025-07-07,9589,7870,79,1,18,99.914
S004,2025-07-14,9608,8015,82,0,13,99.916
S004,2025-07-21,9627,7926,87,3,21,99.926
S004,2025-07-28,9646,8026,81,1,16,99.959
S004,2025-08-04,9665,8068,76,1,19,99.852
S004,2025-08-11,9683,8184,58,4,27,99.925
S004,2025-08-18,9702,8213,198,2,22,99.862
S004,2025-08-25,9721,8119,110,1,18,99.922
S004,2025-09-01,9740,8219,105,1,24,99.98
S004,2025-09-08,9759,8133,125,1,23,99.934
S004,2025-09-15,9778,8259,75,1,19,99.899
S004,2025-09-22,9796,8368,101,2,13,100.0
S004,2025-09-29,9815,8224,102,0,23,99.925
S004,2025-10-06,9834,8322,101,1,23,99.869
S004,2025-10-13,9853,8343,125,0,32,99.881
S004,2025-10-20,9872,8256,95,0,30,99.894
S004,2025-10-27,9891,8504,62,1,27,99.958
S004,2025-11-03,9909,8406,80,1,20,99.992
S004,2025-11-10,9928,8345,105,3,23,99.93
S004,2025-11-17,9947,8477,80,0,21,99.908
S004,2025-11-24,9966,8356,72,2,29,99.92
S004,2025-12-01,9985,8519,67,0,33,99.856
S004,2025-12-08,10004,8487,88,1,19,99.933
S004,2025-12-15,10022,8394,97,1,27,99.84
S004,2025-12-22,10041,8454,84,2,34,99.849
S004,2025-12-29,10060,8407,83,0,14,99.996
S004,2026-01-05,10079,8487,62,0,44,99.927
S004,2026-01-12,10098,8536,73,0,19,99.904
S004,2026-01-19,10117,8606,89,1,29,99.828
S004,2026-01-26,10135,8570,118,1,30,99.982
S004,2026-02-02,10154,8665,74,0,25,99.848
S004,2026-02-09,10173,8567,109,2,26,99.839
S004,2026-02-16,10192,8595,128,1,21,99.984
S004,2026-02-23,10211,8755,88,0,27,99.915
S004,2026-03-02,10230,8418,130,0,29,99.932
S004,2026-03-09,10248,8761,85,0,26,99.872
S004,2026-03-16,10267,8690,115,2,14,99.981
S004,2026-03-23,10286,8585,104,1,16,99.915
S004,2026-03-30,10305,8938,89,2,17,99.898
S004,2026-04-06,10324,8685,104,3,34,99.899
S004,2026-04-13,10343,8692,81,2,46,99.961
S004,2026-04-20,10361,8781,54,0,26,99.913
S004,2026-04-27,10380,8721,87,0,25,99.84
S004,2026-05-04,10399,8691,85,0,26,99.851
S004,2026-05-11,10418,8823,61,0,25,99.929
S004,2026-05-18,10437,8845,125,1,21,99.982
S004,2026-05-25,10456,8873,78,2,34,99.966
S004,2026-06-01,10474,8701,89,2,37,99.927
S004,2026-06-08,10493,8935,71,2,26,99.886
S004,2026-06-15,10512,8918,87,0,31,99.922
S004,2026-06-22,10531,8786,87,0,25,99.957
S004,2026-06-29,10550,8925,95,1,25,99.977
S004,2026-07-06,10569,8853,101,1,26,99.958
S004,2026-07-13,10587,8738,99,1,22,99.906
S004,2026-07-20,10606,8930,104,0,33,99.918
S004,2026-07-27,10625,8816,73,0,15,99.849
S004,2026-08-03,10644,9210,74,0,34,99.97
S004,2026-08-10,10663,9038,169,2,33,99.951
S004,2026-08-17,10681,8961,50,2,48,99.796
S004,2026-08-24,10700,8920,116,1,13,100.0
S004,2026-08-31,10719,8942,91,2,23,99.85
S004,2026-09-07,10738,8999,93,0,45,99.952
S004,2026-09-14,10757,9179,72,1,20,99.899
S004,2026-09-21,10776,8978,100,2,20,99.905
S004,2026-09-28,10794,9280,45,2,25,99.945
S005,2023-07-03,3165,2879,34,0,13,99.902
S005,2023-07-10,3173,2923,57,0,13,99.947
S005,2023-07-17,3181,2947,32,3,16,99.95
S005,2023-07-24,3188,3003,35,0,12,99.956
S005,2023-07-31,3196,2929,40,0,22,100.0
S005,2023-08-07,3204,2942,32,1,17,100.0
S005,2023-08-14,3212,2971,34,0,13,99.93
S005,2023-08-21,3220,2906,44,0,23,99.865
S005,2023-08-28,3227,2922,29,2,17,99.903
S005,2023-09-04,3235,2905,28,0,17,99.896
S005,2023-09-11,3243,2997,32,1,22,99.835
S005,2023-09-18,3251,3016,36,2,26,99.96
S005,2023-09-25,3259,2984,36,1,17,99.889
S005,2023-10-02,3266,3018,48,1,18,99.973
S005,2023-10-09,3274,3013,35,0,9,100.0
S005,2023-10-16,3282,2994,55,0,26,99.881
S005,2023-10-23,3290,3004,46,0,17,99.848
S005,2023-10-30,3298,3059,40,1,21,99.899
S005,2023-11-06,3306,3037,44,0,27,99.873
S005,2023-11-13,3313,3012,27,2,17,99.87
S005,2023-11-20,3321,3047,25,1,15,99.913
S005,2023-11-27,3329,3112,25,0,22,99.908
S005,2023-12-04,3337,3062,44,1,28,99.932
S005,2023-12-11,3345,3035,47,0,25,99.844
S005,2023-12-18,3352,3145,35,0,17,99.958
S005,2023-12-25,3360,3071,45,1,34,99.989
S005,2024-01-01,3368,3127,38,1,18,99.908
S005,2024-01-08,3376,3144,43,3,21,99.914
S005,2024-01-15,3384,3028,19,1,16,100.0
S005,2024-01-22,3391,3134,33,2,21,99.95
S005,2024-01-29,3399,3179,26,0,22,99.909
S005,2024-02-05,3407,3112,37,0,11,99.842
S005,2024-02-12,3415,3158,57,0,27,99.916
S005,2024-02-19,3423,3184,35,0,16,99.935
S005,2024-02-26,3430,3206,45,1,15,99.813
S005,2024-03-04,3438,3158,33,0,19,99.887
S005,2024-03-11,3446,3207,41,1,21,99.899
S005,2024-03-18,3454,3209,42,0,16,99.766
S005,2024-03-25,3462,3129,31,0,29,99.955
S005,2024-04-01,3469,3207,29,0,17,100.0
S005,2024-04-08,3477,3174,56,0,14,99.939
S005,2024-04-15,3485,3244,82,0,16,99.851
S005,2024-04-22,3493,3228,49,1,22,99.933
S005,2024-04-29,3501,3209,40,0,27,100.0
S005,2024-05-06,3509,3212,41,0,16,99.9
S005,2024-05-13,3516,3232,61,0,39,99.862
S005,2024-05-20,3524,3245,45,0,21,99.939
S005,2024-05-27,3532,3323,28,1,26,99.993
S005,2024-06-03,3540,3216,31,0,15,99.932
S005,2024-06-10,3548,3282,48,1,23,99.911
S005,2024-06-17,3555,3263,19,0,32,99.915
S005,2024-06-24,3563,3302,45,0,30,99.91
S005,2024-07-01,3571,3364,27,1,27,99.921
S005,2024-07-08,3579,3268,43,1,14,99.916
S005,2024-07-15,3587,3396,40,1,19,99.967
S005,2024-07-22,3594,3380,25,0,20,99.981
S005,2024-07-29,3602,3319,32,0,27,99.892
S005,2024-08-05,3610,3339,30,2,18,99.907
S005,2024-08-12,3618,3307,60,1,47,99.86
S005,2024-08-19,3626,3384,35,1,28,99.885
S005,2024-08-26,3633,3299,59,2,20,99.968
S005,2024-09-02,3641,3389,36,1,27,99.929
S005,2024-09-09,3649,3434,44,0,19,99.944
S005,2024-09-16,3657,3409,41,2,19,99.942
S005,2024-09-23,3665,3439,30,1,26,99.884
S005,2024-09-30,3672,3325,33,1,21,99.882
S005,2024-10-07,3680,3392,30,0,21,100.0
S005,2024-10-14,3688,3355,40,0,25,99.858
S005,2024-10-21,3696,3347,37,0,28,99.923
S005,2024-10-28,3704,3355,68,1,31,99.874
S005,2024-11-04,3712,3422,48,0,24,99.89
S005,2024-11-11,3719,3338,29,0,14,99.94
S005,2024-11-18,3727,3396,47,0,28,99.954
S005,2024-11-25,3735,3455,48,1,20,99.857
S005,2024-12-02,3743,3403,54,0,13,100.0
S005,2024-12-09,3751,3432,63,0,19,99.819
S005,2024-12-16,3758,3509,32,1,13,99.873
S005,2024-12-23,3766,3496,39,1,26,100.0
S005,2024-12-30,3774,3525,52,1,25,99.916
S005,2025-01-06,3782,3476,45,0,31,99.892
S005,2025-01-13,3790,3582,31,1,27,99.993
S005,2025-01-20,3797,3542,54,0,23,99.925
S005,2025-01-27,3805,3530,48,0,21,99.816
S005,2025-02-03,3813,3530,37,2,32,99.91
S005,2025-02-10,3821,3497,39,0,15,99.863
S005,2025-02-17,3829,3604,53,0,23,99.905
S005,2025-02-24,3836,3533,49,0,20,99.888
S005,2025-03-03,3844,3556,31,0,23,99.96
S005,2025-03-10,3852,3575,63,1,15,99.89
S005,2025-03-17,3860,3616,39,1,23,99.97
S005,2025-03-24,3868,3597,33,2,27,99.832
S005,2025-03-31,3875,3553,59,1,18,99.902
S005,2025-04-07,3883,3636,38,0,20,99.918
S005,2025-04-14,3891,3689,35,0,24,99.924
S005,2025-04-21,3899,3579,57,0,21,99.921
S005,2025-04-28,3907,3550,41,3,18,99.886
S005,2025-05-05,3914,3689,94,1,18,99.914
S005,2025-05-12,3922,3657,29,2,32,99.907
S005,2025-05-19,3930,3616,59,2,16,99.893
S005,2025-05-26,3938,3698,31,3,19,99.84
S005,2025-06-02,3946,3687,36,1,17,99.898
S005,2025-06-09,3954,3619,48,0,23,99.916
S005,2025-06-16,3961,3679,34,0,20,99.956
S005,2025-06-23,3969,3675,63,2,19,99.974
S005,2025-06-30,3977,3675,46,0,35,99.887
S005,2025-07-07,3985,3699,39,1,25,99.878
S005,2025-07-14,3993,3649,43,0,18,99.953
S005,2025-07-21,4000,3740,45,0,25,99.903
S005,2025-07-28,4008,3676,62,0,14,99.913
S005,2025-08-04,4016,3748,32,0,23,99.86
S005,2025-08-11,4024,3761,51,2,19,99.828
S005,2025-08-18,4032,3702,45,0,14,99.993
S005,2025-08-25,4039,3743,21,0,21,99.95
S005,2025-09-01,4047,3747,70,0,38,99.949
S005,2025-09-08,4055,3731,44,1,36,99.919
S005,2025-09-15,4063,3765,29,1,18,99.819
S005,2025-09-22,4071,3757,49,0,25,100.0
S005,2025-09-29,4078,3755,120,3,14,99.914
S005,2025-10-06,4086,3819,41,1,23,99.92
S005,2025-10-13,4094,3808,71,0,31,100.0
S005,2025-10-20,4102,3817,37,1,22,99.938
S005,2025-10-27,4110,3824,28,0,34,99.963
S005,2025-11-03,4117,3771,49,2,24,99.947
S005,2025-11-10,4125,3763,45,0,21,99.921
S005,2025-11-17,4133,3765,27,3,22,99.898
S005,2025-11-24,4141,3810,41,1,27,99.914
S005,2025-12-01,4149,3862,28,1,51,99.915
S005,2025-12-08,4157,3907,38,1,30,99.82
S005,2025-12-15,4164,3795,42,1,20,99.939
S005,2025-12-22,4172,3934,51,2,21,99.896
S005,2025-12-29,4180,3879,39,1,25,99.974
S005,2026-01-05,4188,3913,37,1,13,99.821
S005,2026-01-12,4196,3908,33,0,12,99.975
S005,2026-01-19,4203,3908,92,0,18,99.935
S005,2026-01-26,4211,3972,50,0,17,99.912
S005,2026-02-02,4219,3882,63,0,23,99.888
S005,2026-02-09,4227,3946,51,0,22,99.851
S005,2026-02-16,4235,3846,43,0,26,99.952
S005,2026-02-23,4242,3887,68,1,21,99.939
S005,2026-03-02,4250,3907,39,0,27,99.934
S005,2026-03-09,4258,3933,69,1,19,99.945
S005,2026-03-16,4266,3952,31,0,24,99.894
S005,2026-03-23,4274,3956,42,0,24,99.992
S005,2026-03-30,4281,3905,43,0,34,99.878
S005,2026-04-06,4289,3878,25,0,11,99.896
S005,2026-04-13,4297,3948,51,2,14,99.935
S005,2026-04-20,4305,3970,88,0,12,99.944
S005,2026-04-27,4313,4029,55,1,27,99.945
S005,2026-05-04,4320,4004,33,1,26,99.851
S005,2026-05-11,4328,4012,31,0,13,99.977
S005,2026-05-18,4336,4042,78,0,27,99.905
S005,2026-05-25,4344,4012,29,2,23,99.96
S005,2026-06-01,4352,4032,34,0,18,99.843
S005,2026-06-08,4360,3990,47,0,18,99.942
S005,2026-06-15,4367,4041,61,0,15,99.899
S005,2026-06-22,4375,4038,47,1,44,99.977
S005,2026-06-29,4383,4091,33,1,38,99.866
S005,2026-07-06,4391,4078,52,1,25,99.935
S005,2026-07-13,4399,4037,58,2,17,99.916
S005,2026-07-20,4406,4105,73,1,18,99.893
S005,2026-07-27,4414,4082,80,1,19,99.93
S005,2026-08-03,4422,4157,52,1,37,99.843
S005,2026-08-10,4430,4106,74,1,25,99.899
S005,2026-08-17,4438,4167,72,1,29,99.923
S005,2026-08-24,4445,4159,67,2,23,99.716
S005,2026-08-31,4453,4093,40,1,18,99.947
S005,2026-09-07,4461,4180,55,2,24,99.946
S005,2026-09-14,4469,4145,31,0,24,99.932
S005,2026-09-21,4477,4155,30,0,16,99.909
S005,2026-09-28,4484,4165,58,0,16,99.945
S006,2023-07-03,4661,4188,64,3,7,99.9
S006,2023-07-10,4676,4383,43,2,10,99.853
S006,2023-07-17,4691,4247,25,3,14,99.89
S006,2023-07-24,4706,4281,77,0,12,99.957
S006,2023-07-31,4721,4285,39,1,10,99.898
S006,2023-08-07,4736,4436,33,2,15,100.0
S006,2023-08-14,4752,4347,41,1,8,99.882
S006,2023-08-21,4767,4385,46,0,13,99.878
S006,2023-08-28,4782,4431,44,0,13,99.894
S006,2023-09-04,4797,4398,64,1,18,99.937
S006,2023-09-11,4812,4444,64,1,16,99.775
S006,2023-09-18,4827,4453,50,2,8,99.927
S006,2023-09-25,4842,4421,61,0,11,99.849
S006,2023-10-02,4857,4495,62,1,14,99.919
S006,2023-10-09,4872,4445,48,4,9,99.943
S006,2023-10-16,4887,4511,59,2,9,99.955
S006,2023-10-23,4903,4599,84,1,10,99.945
S006,2023-10-30,4918,4492,53,2,10,99.862
S006,2023-11-06,4933,4529,107,2,8,99.887
S006,2023-11-13,4948,4503,72,1,18,99.875
S006,2023-11-20,4963,4558,29,1,12,99.915
S006,2023-11-27,4978,4634,48,2,15,99.908
S006,2023-12-04,4993,4533,42,0,9,99.821
S006,2023-12-11,5008,4593,42,2,14,99.975
S006,2023-12-18,5023,4690,51,2,8,99.934
S006,2023-12-25,5038,4682,53,0,15,99.93
S006,2024-01-01,5054,4722,64,0,15,99.906
S006,2024-01-08,5069,4667,68,1,11,99.886
S006,2024-01-15,5084,4653,60,1,11,99.908
S006,2024-01-22,5099,4718,49,0,8,99.947
S006,2024-01-29,5114,4610,72,2,13,99.828
S006,2024-02-05,5129,4751,45,1,10,99.965
S006,2024-02-12,5144,4747,58,4,13,99.917
S006,2024-02-19,5159,4802,49,3,14,99.975
S006,2024-02-26,5174,4807,90,0,9,99.918
S006,2024-03-04,5189,4803,41,3,14,99.922
S006,2024-03-11,5205,4742,94,3,14,99.876
S006,2024-03-18,5220,4810,58,1,10,99.93
S006,2024-03-25,5235,4744,54,2,12,99.935
S006,2024-04-01,5250,4809,65,2,6,99.926
S006,2024-04-08,5265,4850,26,2,11,99.906
S006,2024-04-15,5280,4831,75,2,17,99.944
S006,2024-04-22,5295,4969,74,0,19,99.823
S006,2024-04-29,5310,4846,52,1,15,99.944
S006,2024-05-06,5325,4845,43,4,26,99.88
S006,2024-05-13,5340,4968,58,1,13,99.899
S006,2024-05-20,5356,4945,69,1,15,99.885
S006,2024-05-27,5371,4910,50,0,14,99.911
S006,2024-06-03,5386,4998,32,5,16,99.886
S006,2024-06-10,5401,5025,57,1,12,99.974
S006,2024-06-17,5416,5009,117,2,12,99.998
S006,2024-06-24,5431,4983,42,3,13,99.971
S006,2024-07-01,5446,5051,46,0,22,99.921
S006,2024-07-08,5461,5026,73,3,19,99.95
S006,2024-07-15,5476,5043,72,1,20,99.973
S006,2024-07-22,5491,5077,54,1,11,99.799
S006,2024-07-29,5507,4997,93,2,13,99.873
S006,2024-08-05,5522,4999,40,0,13,99.867
S006,2024-08-12,5537,5114,80,1,14,99.989
S006,2024-08-19,5552,5086,53,4,10,99.965
S006,2024-08-26,5567,5105,46,3,14,99.855
S006,2024-09-02,5582,5231,72,1,19,99.944
S006,2024-09-09,5597,5133,55,1,23,99.922
S006,2024-09-16,5612,5127,63,1,13,99.858
S006,2024-09-23,5627,5192,78,1,14,99.899
S006,2024-09-30,5642,5188,51,1,20,99.963
S006,2024-10-07,5658,5234,49,3,11,99.853
S006,2024-10-14,5673,5248,60,5,13,99.893
S006,2024-10-21,5688,5245,65,5,13,100.0
S006,2024-10-28,5703,5267,52,4,16,99.958
S006,2024-11-04,5718,5209,43,1,9,99.973
S006,2024-11-11,5733,5327,79,3,16,99.847
S006,2024-11-18,5748,5291,105,3,23,99.98
S006,2024-11-25,5763,5270,56,4,12,99.855
S006,2024-12-02,5778,5290,83,2,14,99.935
S006,2024-12-09,5793,5358,115,0,9,99.921
S006,2024-12-16,5808,5402,67,3,15,99.948
S006,2024-12-23,5824,5420,43,2,14,99.876
S006,2024-12-30,5839,5484,73,1,12,99.901
S006,2025-01-06,5854,5307,57,1,12,99.922
S006,2025-01-13,5869,5360,39,2,22,99.889
S006,2025-01-20,5884,5500,50,1,12,99.949
S006,2025-01-27,5899,5454,42,1,8,99.897
S006,2025-02-03,5914,5448,115,0,10,99.968
S006,2025-02-10,5929,5446,78,3,12,99.817
S006,2025-02-17,5944,5464,112,2,17,99.945
S006,2025-02-24,5959,5467,67,3,19,99.927
S006,2025-03-03,5975,5529,72,1,11,99.855
S006,2025-03-10,5990,5565,81,1,18,99.958
S006,2025-03-17,6005,5427,72,0,19,99.927
S006,2025-03-24,6020,5532,42,2,12,99.978
S006,2025-03-31,6035,5534,93,4,11,100.0
S006,2025-04-07,6050,5518,94,1,17,99.876
S006,2025-04-14,6065,5663,77,3,8,99.946
S006,2025-04-21,6080,5569,53,3,17,99.866
S006,2025-04-28,6095,5567,44,1,20,99.928
S006,2025-05-05,6110,5537,69,2,15,99.947
S006,2025-05-12,6126,5750,52,0,11,99.999
S006,2025-05-19,6141,5721,59,4,14,99.881
S006,2025-05-26,6156,5621,72,1,24,99.898
S006,2025-06-02,6171,5745,60,3,8,99.883
S006,2025-06-09,6186,5702,49,2,14,99.971
S006,2025-06-16,6201,5708,72,1,17,99.918
S006,2025-06-23,6216,5816,74,3,17,99.974
S006,2025-06-30,6231,5666,86,3,13,99.959
S006,2025-07-07,6246,5802,63,5,21,99.792
S006,2025-07-14,6261,5674,92,1,15,99.964
S006,2025-07-21,6277,5864,90,1,12,99.997
S006,2025-07-28,6292,5839,97,2,14,99.931
S006,2025-08-04,6307,5849,85,0,12,99.963
S006,2025-08-11,6322,5774,50,4,15,99.928
S006,2025-08-18,6337,5841,65,2,15,99.966
S006,2025-08-25,6352,5877,67,3,20,99.833
S006,2025-09-01,6367,5867,99,3,13,99.983
S006,2025-09-08,6382,5890,45,1,7,99.916
S006,2025-09-15,6397,5836,58,1,22,99.9
S006,2025-09-22,6412,5970,79,2,16,99.821
S006,2025-09-29,6428,5956,53,2,16,99.912
S006,2025-10-06,6443,5951,59,1,18,99.937
S006,2025-10-13,6458,6006,66,2,9,99.853
S006,2025-10-20,6473,5975,61,3,21,99.988
S006,2025-10-27,6488,6046,60,2,20,99.968
S006,2025-11-03,6503,5948,67,1,23,99.934
S006,2025-11-10,6518,6043,59,1,14,99.927
S006,2025-11-17,6533,6022,75,2,15,99.898
S006,2025-11-24,6548,6126,71,3,14,99.953
S006,2025-12-01,6563,6102,57,2,16,100.0
S006,2025-12-08,6579,6119,53,1,16,99.921
S006,2025-12-15,6594,6024,41,1,22,99.971
S006,2025-12-22,6609,6133,76,0,9,99.953
S006,2025-12-29,6624,6143,122,4,13,99.945
S006,2026-01-05,6639,6067,71,2,15,99.796
S006,2026-01-12,6654,6051,99,2,15,99.893
S006,2026-01-19,6669,6084,85,4,16,99.984
S006,2026-01-26,6684,6206,65,2,18,99.931
S006,2026-02-02,6699,6236,85,2,21,99.891
S006,2026-02-09,6714,6270,87,3,18,99.918
S006,2026-02-16,6729,6196,57,1,25,99.953
S006,2026-02-23,6745,6165,38,3,12,99.994
S006,2026-03-02,6760,6215,63,4,37,99.967
S006,2026-03-09,6775,6360,62,0,15,99.9
S006,2026-03-16,6790,6261,57,3,11,99.882
S006,2026-03-23,6805,6365,49,0,13,99.854
S006,2026-03-30,6820,6279,107,5,13,99.954
S006,2026-04-06,6835,6251,73,0,19,99.978
S006,2026-04-13,6850,6331,69,4,15,99.941
S006,2026-04-20,6865,6380,83,1,18,99.923
S006,2026-04-27,6880,6348,82,2,18,99.934
S006,2026-05-04,6896,6361,68,1,34,99.962
S006,2026-05-11,6911,6446,59,1,19,99.862
S006,2026-05-18,6926,6392,62,1,17,99.957
S006,2026-05-25,6941,6431,63,2,31,99.876
S006,2026-06-01,6956,6429,85,2,16,99.941
S006,2026-06-08,6971,6311,80,3,16,99.973
S006,2026-06-15,6986,6444,51,2,19,99.903
S006,2026-06-22,7001,6546,69,2,14,99.98
S006,2026-06-29,7016,6471,61,0,21,99.935
S006,2026-07-06,7031,6430,117,1,16,99.942
S006,2026-07-13,7047,6520,49,2,10,99.979
S006,2026-07-20,7062,6448,130,1,19,99.938
S006,2026-07-27,7077,6683,84,3,15,99.955
S006,2026-08-03,7092,6435,111,2,16,100.0
S006,2026-08-10,7107,6570,90,1,23,100.0
S006,2026-08-17,7122,6652,62,3,32,99.929
S006,2026-08-24,7137,6648,85,0,13,99.905
S006,2026-08-31,7152,6709,49,3,33,99.91
S006,2026-09-07,7167,6611,89,2,14,99.858
S006,2026-09-14,7182,6592,100,2,12,99.843
S006,2026-09-21,7198,6718,120,2,15,99.876
S006,2026-09-28,7213,6647,144,2,20,99.902
S007,2023-07-03,7476,5982,22,0,27,99.904
S007,2023-07-10,7493,6063,22,1,22,99.941
S007,2023-07-17,7511,5973,29,0,23,99.884
S007,2023-07-24,7528,5905,20,2,55,99.966
S007,2023-07-31,7546,5964,37,2,20,99.892
S007,2023-08-07,7563,5956,27,2,49,99.84
S007,2023-08-14,7581,5994,50,0,47,99.937
S007,2023-08-21,7598,6114,27,0,27,99.93
S007,2023-08-28,7615,6110,36,0,17,99.92
S007,2023-09-04,7633,6045,21,0,24,99.963
S007,2023-09-11,7650,5929,36,0,34,99.896
S007,2023-09-18,7668,6089,21,1,27,99.906
S007,2023-09-25,7685,6232,30,1,35,99.864
S007,2023-10-02,7703,6020,39,1,37,99.837
S007,2023-10-09,7720,6278,16,0,28,99.833
S007,2023-10-16,7737,6165,28,0,44,99.918
S007,2023-10-23,7755,6179,17,1,36,99.84
S007,2023-10-30,7772,6078,26,1,31,99.919
S007,2023-11-06,7790,6218,36,1,29,99.904
S007,2023-11-13,7807,6244,60,1,33,99.994
S007,2023-11-20,7824,6364,21,0,22,99.883
S007,2023-11-27,7842,6354,47,0,23,99.903
S007,2023-12-04,7859,6224,30,1,25,99.937
S007,2023-12-11,7877,6386,23,0,23,100.0
S007,2023-12-18,7894,6299,31,0,38,99.931
S007,2023-12-25,7912,6218,38,1,28,99.877
S007,2024-01-01,7929,6350,35,0,29,99.967
S007,2024-01-08,7946,6290,42,0,32,99.899
S007,2024-01-15,7964,6317,32,0,30,99.843
S007,2024-01-22,7981,6321,24,2,34,99.934
S007,2024-01-29,7999,6294,28,0,36,99.982
S007,2024-02-05,8016,6433,33,0,40,99.918
S007,2024-02-12,8034,6332,25,0,31,99.907
S007,2024-02-19,8051,6400,37,0,30,99.935
S007,2024-02-26,8068,6300,82,1,37,99.942
S007,2024-03-04,8086,6467,21,0,26,99.842
S007,2024-03-11,8103,6518,33,0,27,100.0
S007,2024-03-18,8121,6704,37,2,20,99.983
S007,2024-03-25,8138,6458,34,0,58,99.999
S007,2024-04-01,8156,6533,33,2,15,99.917
S007,2024-04-08,8173,6474,33,0,27,99.966
S007,2024-04-15,8190,6504,64,1,34,99.83
S007,2024-04-22,8208,6612,53,1,40,99.906
S007,2024-04-29,8225,6584,33,1,34,99.925
S007,2024-05-06,8243,6508,21,3,40,99.978
S007,2024-05-13,8260,6762,30,0,18,100.0
S007,2024-05-20,8278,6602,33,0,41,99.916
S007,2024-05-27,8295,6590,28,0,25,99.983
S007,2024-06-03,8312,6650,32,0,43,99.912
S007,2024-06-10,8330,6550,29,0,20,99.938
S007,2024-06-17,8347,6660,28,1,34,99.914
S007,2024-06-24,8365,6511,38,0,35,99.884
S007,2024-07-01,8382,6865,31,0,25,99.957
S007,2024-07-08,8399,6756,62,0,34,99.985
S007,2024-07-15,8417,6646,46,0,22,99.911
S007,2024-07-22,8434,6669,32,2,36,99.948
S007,2024-07-29,8452,6583,35,1,29,99.871
S007,2024-08-05,8469,6839,24,2,25,99.917
S007,2024-08-12,8487,6695,56,0,55,100.0
S007,2024-08-19,8504,6744,43,1,33,99.941
S007,2024-08-26,8521,6804,37,0,23,99.85
S007,2024-09-02,8539,6873,24,0,42,99.872
S007,2024-09-09,8556,6877,21,0,31,99.916
S007,2024-09-16,8574,6888,26,1,33,99.963
S007,2024-09-23,8591,6870,24,2,43,99.928
S007,2024-09-30,8609,7123,33,0,25,99.987
S007,2024-10-07,8626,6877,32,1,20,99.921
S007,2024-10-14,8643,6930,46,0,35,99.953
S007,2024-10-21,8661,7010,39,0,49,99.889
S007,2024-10-28,8678,7164,24,0,29,99.928
S007,2024-11-04,8696,6903,41,0,28,99.807
S007,2024-11-11,8713,7060,21,2,53,99.942
S007,2024-11-18,8731,6874,25,0,23,99.855
S007,2024-11-25,8748,6900,31,0,25,99.918
S007,2024-12-02,8765,7051,25,1,53,100.0
S007,2024-12-09,8783,7176,29,1,41,99.912
S007,2024-12-16,8800,7161,34,0,28,99.829
S007,2024-12-23,8818,7050,31,0,21,99.937
S007,2024-12-30,8835,7203,34,0,33,99.923
S007,2025-01-06,8853,7141,44,2,26,99.92
S007,2025-01-13,8870,7045,30,0,35,99.858
S007,2025-01-20,8887,7070,23,0,37,99.84
S007,2025-01-27,8905,7150,36,0,37,99.84
S007,2025-02-03,8922,7277,37,2,76,99.937
S007,2025-02-10,8940,7277,53,1,62,99.88
S007,2025-02-17,8957,7156,43,0,43,99.819
S007,2025-02-24,8974,7268,38,1,31,99.934
S007,2025-03-03,8992,7122,26,0,32,99.951
S007,2025-03-10,9009,7201,31,0,46,99.984
S007,2025-03-17,9027,7244,37,0,26,99.885
S007,2025-03-24,9044,7443,20,0,26,99.866
S007,2025-03-31,9062,7367,25,0,29,99.813
S007,2025-04-07,9079,7241,45,1,59,99.871
S007,2025-04-14,9096,7193,21,0,45,99.902
S007,2025-04-21,9114,7420,40,1,44,100.0
S007,2025-04-28,9131,7418,41,0,38,99.958
S007,2025-05-05,9149,7297,26,0,34,99.912
S007,2025-05-12,9166,7333,38,0,31,99.822
S007,2025-05-19,9184,7465,45,1,33,99.972
S007,2025-05-26,9201,7299,44,0,28,99.98
S007,2025-06-02,9218,7498,39,1,28,99.968
S007,2025-06-09,9236,7384,43,2,33,99.864
S007,2025-06-16,9253,7532,36,1,44,99.92
S007,2025-06-23,9271,7402,39,2,38,99.902
S007,2025-06-30,9288,7479,30,1,26,99.895
S007,2025-07-07,9306,7617,24,1,31,99.919
S007,2025-07-14,9323,7516,33,1,29,99.922
S007,2025-07-21,9340,7646,26,0,35,99.904
S007,2025-07-28,9358,7565,36,0,23,99.991
S007,2025-08-04,9375,7569,31,2,56,99.974
S007,2025-08-11,9393,7440,34,3,38,99.99
S007,2025-08-18,9410,7568,26,0,18,99.829
S007,2025-08-25,9428,7442,67,1,33,99.858
S007,2025-09-01,9445,7460,44,3,13,99.864
S007,2025-09-08,9462,7457,57,0,36,99.923
S007,2025-09-15,9480,7656,44,0,35,99.92
S007,2025-09-22,9497,7674,23,0,25,100.0
S007,2025-09-29,9515,7664,37,1,21,99.913
S007,2025-10-06,9532,7755,32,0,24,99.977
S007,2025-10-13,9549,7761,40,0,32,99.874
S007,2025-10-20,9567,7924,31,0,30,99.839
S007,2025-10-27,9584,7630,50,0,37,99.937
S007,2025-11-03,9602,7652,39,0,38,99.96
S007,2025-11-10,9619,7636,28,0,45,99.947
S007,2025-11-17,9637,7808,45,0,30,99.912
S007,2025-11-24,9654,7720,40,2,37,99.91
S007,2025-12-01,9671,7749,36,0,26,99.91
S007,2025-12-08,9689,7710,39,0,33,100.0
S007,2025-12-15,9706,7917,38,0,28,99.952
S007,2025-12-22,9724,7890,50,0,27,99.835
S007,2025-12-29,9741,7831,27,1,24,99.865
S007,2026-01-05,9759,7915,34,0,22,99.889
S007,2026-01-12,9776,8034,40,1,23,99.95
S007,2026-01-19,9793,7911,50,1,52,99.883
S007,2026-01-26,9811,7821,36,0,20,99.962
S007,2026-02-02,9828,7861,62,0,39,99.974
S007,2026-02-09,9846,7930,49,2,27,99.824
S007,2026-02-16,9863,8087,39,1,34,99.923
S007,2026-02-23,9881,7796,41,1,30,100.0
S007,2026-03-02,9898,7970,46,1,32,99.882
S007,2026-03-09,9915,7975,41,0,55,99.932
S007,2026-03-16,9933,8030,23,0,34,99.835
S007,2026-03-23,9950,8281,41,0,44,99.97
S007,2026-03-30,9968,8140,36,1,30,99.887
S007,2026-04-06,9985,8264,51,0,27,99.882
S007,2026-04-13,10003,8129,40,2,20,99.958
S007,2026-04-20,10020,8060,47,0,27,99.881
S007,2026-04-27,10037,8030,48,1,31,99.953
S007,2026-05-04,10055,8238,42,0,65,99.882
S007,2026-05-11,10072,8087,48,2,24,99.849
S007,2026-05-18,10090,8213,34,2,36,99.941
S007,2026-05-25,10107,8073,47,1,35,99.892
S007,2026-06-01,10124,8141,49,2,36,99.848
S007,2026-06-08,10142,8249,50,0,41,99.894
S007,2026-06-15,10159,8313,38,1,34,99.82
S007,2026-06-22,10177,8200,36,0,47,99.906
S007,2026-06-29,10194,8259,24,0,40,99.946
S007,2026-07-06,10212,8268,31,2,31,99.935
S007,2026-07-13,10229,8366,39,0,24,99.944
S007,2026-07-20,10246,8399,26,0,41,99.847
S007,2026-07-27,10264,8197,38,0,37,99.924
S007,2026-08-03,10281,8163,48,0,23,99.991
S007,2026-08-10,10299,8381,28,0,34,99.949
S007,2026-08-17,10316,8416,33,0,26,99.84
S007,2026-08-24,10334,8420,31,0,16,99.988
S007,2026-08-31,10351,8412,33,0,39,99.895
S007,2026-09-07,10368,8491,33,0,40,99.953
S007,2026-09-14,10386,8375,39,3,44,99.914
S007,2026-09-21,10403,8361,63,1,34,99.973
S007,2026-09-28,10421,8388,27,0,43,99.785
S008,2023-07-03,4412,3748,35,3,19,100.0
S008,2023-07-10,4416,3825,44,1,30,99.955
S008,2023-07-17,4419,3835,34,4,26,99.898
S008,2023-07-24,4423,3863,22,1,12,99.889
S008,2023-07-31,4427,3827,24,1,14,99.905
S008,2023-08-07,4430,3915,30,0,15,99.914
S008,2023-08-14,4434,3817,40,0,17,99.876
S008,2023-08-21,4438,3900,33,1,12,99.976
S008,2023-08-28,4441,3885,35,2,9,99.931
S008,2023-09-04,4445,3936,21,1,24,99.946
S008,2023-09-11,4449,3916,43,4,12,99.859
S008,2023-09-18,4452,3973,61,2,16,99.86
S008,2023-09-25,4456,3836,46,1,28,99.962
S008,2023-10-02,4460,3915,53,2,31,99.98
S008,2023-10-09,4463,3890,29,3,17,99.816
S008,2023-10-16,4467,3991,33,1,17,99.82
S008,2023-10-23,4471,3895,42,3,31,99.943
S008,2023-10-30,4475,3909,31,0,11,100.0
S008,2023-11-06,4478,3981,42,2,14,99.936
S008,2023-11-13,4482,3989,44,3,26,99.974
S008,2023-11-20,4486,3894,22,4,16,99.927
S008,2023-11-27,4489,3985,45,4,12,99.943
S008,2023-12-04,4493,4074,36,1,13,99.881
S008,2023-12-11,4497,3975,24,2,14,99.919
S008,2023-12-18,4500,3981,32,2,15,99.925
S008,2023-12-25,4504,3921,47,4,14,99.801
S008,2024-01-01,4508,3978,30,0,13,99.982
S008,2024-01-08,4511,3976,30,2,10,99.955
S008,2024-01-15,4515,3955,34,2,16,99.948
S008,2024-01-22,4519,3954,42,2,14,99.936
S008,2024-01-29,4522,3973,28,1,23,99.946
S008,2024-02-05,4526,3973,30,0,23,99.959
S008,2024-02-12,4530,4030,47,3,19,99.885
S008,2024-02-19,4533,4017,16,4,28,99.863
S008,2024-02-26,4537,4051,34,2,22,99.833
S008,2024-03-04,4541,4008,44,1,16,99.928
S008,2024-03-11,4544,3993,27,2,28,99.86
S008,2024-03-18,4548,3993,48,3,18,99.881
S008,2024-03-25,4552,4107,38,2,16,99.854
S008,2024-04-01,4555,4003,47,1,14,99.944
S008,2024-04-08,4559,4022,36,1,21,99.934
S008,2024-04-15,4563,4011,31,2,20,99.972
S008,2024-04-22,4566,4106,27,2,25,99.881
S008,2024-04-29,4570,4026,30,3,36,99.98
S008,2024-05-06,4574,4051,17,3,14,99.868
S008,2024-05-13,4577,4048,36,0,19,99.879
S008,2024-05-20,4581,3993,24,0,20,99.876
S008,2024-05-27,4585,4010,34,1,17,99.949
S008,2024-06-03,4588,4138,36,0,25,100.0
S008,2024-06-10,4592,4088,25,2,23,99.99
S008,2024-06-17,4596,4105,38,2,17,99.965
S008,2024-06-24,4600,4044,38,2,38,99.89
S008,2024-07-01,4603,4112,33,2,18,99.865
S008,2024-07-08,4607,4132,28,1,14,100.0
S008,2024-07-15,4611,4119,50,1,15,99.845
S008,2024-07-22,4614,4069,41,1,41,99.897
S008,2024-07-29,4618,4089,84,3,14,99.907
S008,2024-08-05,4622,4056,53,2,15,99.894
S008,2024-08-12,4625,4082,35,1,18,99.892
S008,2024-08-19,4629,4119,47,0,26,99.923
S008,2024-08-26,4633,4149,33,1,15,99.886
S008,2024-09-02,4636,4131,24,2,22,99.962
S008,2024-09-09,4640,4189,40,0,17,99.88
S008,2024-09-16,4644,4220,25,1,29,99.902
S008,2024-09-23,4647,4159,51,4,23,99.878
S008,2024-09-30,4651,4119,38,1,30,99.907
S008,2024-10-07,4655,4151,41,2,9,99.888
S008,2024-10-14,4658,4124,29,2,18,99.889
S008,2024-10-21,4662,4171,35,0,17,99.889
S008,2024-10-28,4666,4227,31,1,15,99.96
S008,2024-11-04,4669,4242,47,2,12,100.0
S008,2024-11-11,4673,4202,63,0,23,99.832
S008,2024-11-18,4677,4170,28,1,19,99.853
S008,2024-11-25,4680,4140,16,0,17,99.906
S008,2024-12-02,4684,4232,28,4,17,99.899
S008,2024-12-09,4688,4141,42,0,15,99.963
S008,2024-12-16,4691,4119,34,2,16,99.948
S008,2024-12-23,4695,4198,33,0,14,99.963
S008,2024-12-30,4699,4199,57,1,14,100.0
S008,2025-01-06,4702,4195,45,1,15,100.0
S008,2025-01-13,4706,4162,44,1,18,99.941
S008,2025-01-20,4710,4288,47,2,18,99.962
S008,2025-01-27,4713,4174,41,2,11,99.955
S008,2025-02-03,4717,4258,83,1,22,99.966
S008,2025-02-10,4721,4214,34,2,26,99.91
S008,2025-02-17,4725,4240,22,1,37,100.0
S008,2025-02-24,4728,4148,30,2,41,99.942
S008,2025-03-03,4732,4253,44,3,15,99.874
S008,2025-03-10,4736,4216,32,1,11,99.844
S008,2025-03-17,4739,4200,27,2,19,99.979
S008,2025-03-24,4743,4236,31,2,26,99.927
S008,2025-03-31,4747,4175,31,0,21,99.932
S008,2025-04-07,4750,4240,42,2,19,99.878
S008,2025-04-14,4754,4290,40,1,35,99.936
S008,2025-04-21,4758,4308,42,2,13,99.795
S008,2025-04-28,4761,4310,26,1,21,99.933
S008,2025-05-05,4765,4263,40,3,19,99.946
S008,2025-05-12,4769,4321,24,3,18,99.879
S008,2025-05-19,4772,4275,42,2,19,99.999
S008,2025-05-26,4776,4221,30,3,19,99.973
S008,2025-06-02,4780,4324,40,1,17,99.967
S008,2025-06-09,4783,4298,28,1,24,99.835
S008,2025-06-16,4787,4292,52,3,16,100.0
S008,2025-06-23,4791,4381,33,1,25,99.888
S008,2025-06-30,4794,4309,20,3,14,99.935
S008,2025-07-07,4798,4291,24,3,17,99.861
S008,2025-07-14,4802,4334,28,3,25,100.0
S008,2025-07-21,4805,4376,35,2,23,99.95
S008,2025-07-28,4809,4281,47,4,12,99.84
S008,2025-08-04,4813,4349,14,3,26,99.922
S008,2025-08-11,4816,4377,59,2,20,99.963
S008,2025-08-18,4820,4289,27,1,29,99.801
S008,2025-08-25,4824,4362,31,0,23,99.999
S008,2025-09-01,4827,4374,35,1,13,99.851
S008,2025-09-08,4831,4322,39,2,10,99.836
S008,2025-09-15,4835,4396,23,2,17,99.967
S008,2025-09-22,4838,4359,34,1,15,99.884
S008,2025-09-29,4842,4419,25,0,13,99.861
S008,2025-10-06,4846,4398,46,6,34,99.881
S008,2025-10-13,4850,4429,36,1,18,99.903
S008,2025-10-20,4853,4419,37,1,16,99.817
S008,2025-10-27,4857,4392,36,2,9,99.84
S008,2025-11-03,4861,4429,34,1,29,99.908
S008,2025-11-10,4864,4440,48,2,13,99.936
S008,2025-11-17,4868,4421,41,4,18,99.91
S008,2025-11-24,4872,4504,47,1,14,99.95
S008,2025-12-01,4875,4515,65,2,24,99.912
S008,2025-12-08,4879,4375,61,2,28,100.0
S008,2025-12-15,4883,4426,38,3,28,99.879
S008,2025-12-22,4886,4331,69,0,28,99.951
S008,2025-12-29,4890,4530,32,2,18,99.841
S008,2026-01-05,4894,4520,40,3,16,99.863
S008,2026-01-12,4897,4464,21,1,30,99.981
S008,2026-01-19,4901,4396,45,2,20,99.86
S008,2026-01-26,4905,4468,28,2,24,99.884
S008,2026-02-02,4908,4526,35,6,18,99.867
S008,2026-02-09,4912,4481,37,2,23,99.883
S008,2026-02-16,4916,4410,18,1,21,99.831
S008,2026-02-23,4919,4490,49,1,17,99.934
S008,2026-03-02,4923,4531,37,1,22,99.934
S008,2026-03-09,4927,4508,21,1,24,99.909
S008,2026-03-16,4930,4555,31,1,35,99.899
S008,2026-03-23,4934,4439,25,0,15,99.877
S008,2026-03-30,4938,4488,26,1,24,99.918
S008,2026-04-06,4941,4503,57,2,15,99.943
S008,2026-04-13,4945,4516,32,3,18,99.975
S008,2026-04-20,4949,4573,40,0,14,99.92
S008,2026-04-27,4952,4517,51,2,27,99.882
S008,2026-05-04,4956,4553,65,5,15,99.996
S008,2026-05-11,4960,4593,36,2,25,99.867
S008,2026-05-18,4963,4558,36,1,29,99.887
S008,2026-05-25,4967,4599,48,3,33,99.94
S008,2026-06-01,4971,4469,33,4,13,99.97
S008,2026-06-08,4975,4542,42,2,19,99.911
S008,2026-06-15,4978,4553,60,1,15,99.897
S008,2026-06-22,4982,4518,41,3,17,99.902
S008,2026-06-29,4986,4475,46,0,21,99.929
S008,2026-07-06,4989,4577,46,4,23,99.941
S008,2026-07-13,4993,4574,22,1,15,99.986
S008,2026-07-20,4997,4575,23,3,20,99.822
S008,2026-07-27,5000,4617,35,1,22,100.0
S008,2026-08-03,5004,4648,43,3,26,99.994
S008,2026-08-10,5008,4575,47,2,15,99.899
S008,2026-08-17,5011,4603,48,0,35,99.916
S008,2026-08-24,5015,4705,46,1,31,99.913
S008,2026-08-31,5019,4687,37,1,23,99.938
S008,2026-09-07,5022,4589,39,2,23,99.964
S008,2026-09-14,5026,4626,48,1,20,99.867
S008,2026-09-21,5030,4684,38,1,22,99.928
S008,2026-09-28,5033,4552,59,2,13,99.937
S009,2023-07-03,2233,2033,30,1,8,99.87
S009,2023-07-10,2240,2026,37,5,10,99.868
S009,2023-07-17,2247,2061,30,3,9,99.889
S009,2023-07-24,2254,2042,24,3,6,99.968
S009,2023-07-31,2261,2081,30,2,5,100.0
S009,2023-08-07,2268,2106,20,1,9,99.944
S009,2023-08-14,2275,2103,18,3,5,99.834
S009,2023-08-21,2282,2111,18,1,8,99.919
S009,2023-08-28,2289,2060,21,2,6,99.989
S009,2023-09-04,2296,2090,37,2,7,99.872
S009,2023-09-11,2303,2095,23,2,4,99.921
S009,2023-09-18,2310,2107,34,1,9,99.815
S009,2023-09-25,2317,2113,38,1,6,99.784
S009,2023-10-02,2324,2157,28,0,12,99.86
S009,2023-10-09,2331,2118,27,0,9,99.911
S009,2023-10-16,2338,2126,34,3,9,99.934
S009,2023-10-23,2344,2156,23,1,9,99.851
S009,2023-10-30,2351,2168,28,2,8,99.901
S009,2023-11-06,2358,2135,28,3,8,99.892
S009,2023-11-13,2365,2183,24,2,5,99.909
S009,2023-11-20,2372,2144,19,2,10,99.911
S009,2023-11-27,2379,2160,23,2,8,99.965
S009,2023-12-04,2386,2156,19,2,9,99.843
S009,2023-12-11,2393,2217,24,3,12,99.892
S009,2023-12-18,2400,2169,27,2,11,99.905
S009,2023-12-25,2407,2214,24,1,10,99.922
S009,2024-01-01,2414,2218,19,0,10,99.957
S009,2024-01-08,2421,2238,20,2,6,99.935
S009,2024-01-15,2428,2194,30,2,7,99.91
S009,2024-01-22,2435,2172,25,1,4,99.968
S009,2024-01-29,2442,2242,23,3,6,99.959
S009,2024-02-05,2449,2232,20,1,9,99.967
S009,2024-02-12,2456,2275,20,9,12,99.944
S009,2024-02-19,2463,2203,37,1,7,99.924
S009,2024-02-26,2470,2270,14,5,11,99.956
S009,2024-03-04,2477,2290,17,3,8,99.878
S009,2024-03-11,2484,2257,33,0,8,99.841
S009,2024-03-18,2491,2281,30,1,7,99.94
S009,2024-03-25,2498,2272,32,3,7,99.907
S009,2024-04-01,2505,2255,32,2,10,99.823
S009,2024-04-08,2512,2232,31,1,10,99.962
S009,2024-04-15,2519,2349,31,5,11,99.973
S009,2024-04-22,2526,2301,42,4,9,99.903
S009,2024-04-29,2533,2280,40,1,7,99.92
S009,2024-05-06,2540,2359,24,1,8,99.911
S009,2024-05-13,2547,2373,36,4,8,99.886
S009,2024-05-20,2554,2350,53,3,5,99.87
S009,2024-05-27,2560,2367,29,0,8,99.945
S009,2024-06-03,2567,2382,55,3,9,99.868
S009,2024-06-10,2574,2349,39,2,6,99.924
S009,2024-06-17,2581,2378,21,3,9,99.883
S009,2024-06-24,2588,2425,28,0,6,99.929
S009,2024-07-01,2595,2339,38,1,6,99.908
S009,2024-07-08,2602,2371,22,2,8,100.0
S009,2024-07-15,2609,2384,36,4,8,99.931
S009,2024-07-22,2616,2411,38,1,17,99.957
S009,2024-07-29,2623,2427,30,2,8,99.928
S009,2024-08-05,2630,2372,37,0,11,99.923
S009,2024-08-12,2637,2442,29,2,10,99.937
S009,2024-08-19,2644,2394,28,4,8,99.972
S009,2024-08-26,2651,2438,20,4,12,99.895
S009,2024-09-02,2658,2411,23,2,5,99.95
S009,2024-09-09,2665,2402,27,0,8,99.918
S009,2024-09-16,2672,2434,25,3,11,99.953
S009,2024-09-23,2679,2450,43,1,7,99.906
S009,2024-09-30,2686,2468,21,1,12,99.911
S009,2024-10-07,2693,2465,29,3,6,99.871
S009,2024-10-14,2700,2488,36,2,8,99.865
S009,2024-10-21,2707,2455,28,0,5,99.899
S009,2024-10-28,2714,2482,17,0,11,99.956
S009,2024-11-04,2721,2501,44,1,12,99.898
S009,2024-11-11,2728,2476,26,3,11,99.929
S009,2024-11-18,2735,2520,41,2,13,100.0
S009,2024-11-25,2742,2464,20,4,13,100.0
S009,2024-12-02,2749,2516,35,2,13,99.934
S009,2024-12-09,2756,2556,50,1,9,99.974
S009,2024-12-16,2763,2522,49,1,9,100.0
S009,2024-12-23,2770,2547,25,1,6,99.896
S009,2024-12-30,2776,2534,38,0,11,99.834
S009,2025-01-06,2783,2522,19,5,10,99.856
S009,2025-01-13,2790,2493,42,1,10,99.873
S009,2025-01-20,2797,2511,40,3,7,99.817
S009,2025-01-27,2804,2602,33,2,9,99.95
S009,2025-02-03,2811,2560,24,2,14,99.997
S009,2025-02-10,2818,2577,24,2,11,99.959
S009,2025-02-17,2825,2587,49,2,9,99.944
S009,2025-02-24,2832,2592,25,2,10,99.894
S009,2025-03-03,2839,2631,29,1,12,99.85
S009,2025-03-10,2846,2612,39,0,10,99.956
S009,2025-03-17,2853,2575,22,3,8,99.872
S009,2025-03-24,2860,2634,33,1,10,99.887
S009,2025-03-31,2867,2658,30,3,8,99.83
S009,2025-04-07,2874,2657,38,3,6,99.882
S009,2025-04-14,2881,2649,53,0,11,99.893
S009,2025-04-21,2888,2673,23,4,11,99.946
S009,2025-04-28,2895,2600,30,0,21,99.921
S009,2025-05-05,2902,2620,23,0,17,99.835
S009,2025-05-12,2909,2691,68,2,7,99.82
S009,2025-05-19,2916,2664,26,0,12,99.932
S009,2025-05-26,2923,2648,25,1,10,99.912
S009,2025-06-02,2930,2720,26,1,7,99.835
S009,2025-06-09,2937,2710,22,0,11,99.952
S009,2025-06-16,2944,2700,33,2,7,99.862
S009,2025-06-23,2951,2670,32,5,9,99.897
S009,2025-06-30,2958,2710,25,2,9,99.956
S009,2025-07-07,2965,2705,36,5,8,99.979
S009,2025-07-14,2972,2731,37,2,12,99.888
S009,2025-07-21,2979,2732,27,3,17,99.968
S009,2025-07-28,2985,2751,40,1,11,99.935
S009,2025-08-04,2992,2750,36,0,10,99.858
S009,2025-08-11,2999,2728,41,4,4,99.912
S009,2025-08-18,3006,2737,29,1,9,99.925
S009,2025-08-25,3013,2759,32,1,8,99.839
S009,2025-09-01,3020,2743,36,1,12,99.878
S009,2025-09-08,3027,2798,30,1,14,99.937
S009,2025-09-15,3034,2802,42,0,7,99.901
S009,2025-09-22,3041,2812,61,1,13,99.868
S009,2025-09-29,3048,2841,34,3,13,99.957
S009,2025-10-06,3055,2776,41,2,10,100.0
S009,2025-10-13,3062,2778,47,2,14,99.963
S009,2025-10-20,3069,2780,36,3,8,99.946
S009,2025-10-27,3076,2819,28,3,15,99.99
S009,2025-11-03,3083,2804,30,1,12,99.906
S009,2025-11-10,3090,2821,28,5,12,99.959
S009,2025-11-17,3097,2872,31,0,13,99.965
S009,2025-11-24,3104,2849,42,2,11,99.974
S009,2025-12-01,3111,2859,34,2,8,99.917
S009,2025-12-08,3118,2874,48,5,16,99.95
S009,2025-12-15,3125,2878,33,3,8,99.867
S009,2025-12-22,3132,2936,33,0,10,99.952
S009,2025-12-29,3139,2925,28,1,8,99.88
S009,2026-01-05,3146,2908,39,2,13,99.918
S009,2026-01-12,3153,2910,37,2,12,99.952
S009,2026-01-19,3160,2913,20,2,14,99.948
S009,2026-01-26,3167,2923,28,4,11,99.907
S009,2026-02-02,3174,2840,42,2,13,99.907
S009,2026-02-09,3181,2975,43,3,7,99.94
S009,2026-02-16,3188,2951,34,1,9,99.99
S009,2026-02-23,3195,2987,36,1,5,99.927
S009,2026-03-02,3201,2999,45,4,11,99.907
S009,2026-03-09,3208,2939,34,3,12,99.901
S009,2026-03-16,3215,2978,33,1,10,99.909
S009,2026-03-23,3222,3002,22,0,12,99.906
S009,2026-03-30,3229,2954,33,2,11,99.951
S009,2026-04-06,3236,2954,55,1,8,99.795
S009,2026-04-13,3243,3052,27,1,12,99.976
S009,2026-04-20,3250,2947,30,1,7,99.885
S009,2026-04-27,3257,3018,55,2,12,100.0
S009,2026-05-04,3264,3010,29,2,13,99.932
S009,2026-05-11,3271,3001,46,2,18,100.0
S009,2026-05-18,3278,2943,45,3,11,99.873
S009,2026-05-25,3285,3003,44,2,19,99.836
S009,2026-06-01,3292,3003,36,0,9,99.92
S009,2026-06-08,3299,3077,39,1,14,99.841
S009,2026-06-15,3306,3047,43,4,12,99.996
S009,2026-06-22,3313,3024,39,2,8,100.0
S009,2026-06-29,3320,3016,38,2,9,99.953
S009,2026-07-06,3327,3039,41,1,11,99.949
S009,2026-07-13,3334,3056,35,1,14,99.964
S009,2026-07-20,3341,3084,32,3,7,99.876
S009,2026-07-27,3348,3093,31,0,18,99.967
S009,2026-08-03,3355,3163,31,1,17,99.917
S009,2026-08-10,3362,3101,52,1,15,99.885
S009,2026-08-17,3369,3181,37,4,6,99.891
S009,2026-08-24,3376,3130,42,3,7,99.923
S009,2026-08-31,3383,3133,29,2,16,99.861
S009,2026-09-07,3390,3095,23,1,7,99.881
S009,2026-09-14,3397,3134,39,2,8,99.867
S009,2026-09-21,3404,3128,23,3,11,99.983
S009,2026-09-28,3411,3121,47,1,5,100.0
S010,2023-07-03,3155,2873,26,2,8,99.909
S010,2023-07-10,3165,2876,32,2,10,99.894
S010,2023-07-17,3176,2865,21,1,8,99.965
S010,2023-07-24,3186,2841,25,0,8,99.838
S010,2023-07-31,3197,2864,20,0,7,99.9
S010,2023-08-07,3207,2870,36,2,9,99.946
S010,2023-08-14,3217,2895,29,1,9,99.887
S010,2023-08-21,3228,2913,23,0,8,99.858
S010,2023-08-28,3238,2900,32,1,5,99.908
S010,2023-09-04,3248,2855,45,1,15,99.881
S010,2023-09-11,3259,2876,22,0,9,99.931
S010,2023-09-18,3269,2949,25,0,5,99.931
S010,2023-09-25,3280,2948,48,0,8,99.889
S010,2023-10-02,3290,2939,30,0,7,99.883
S010,2023-10-09,3300,2959,35,0,9,99.905
S010,2023-10-16,3311,2993,40,0,8,99.962
S010,2023-10-23,3321,2982,48,0,10,99.907
S010,2023-10-30,3331,2976,33,0,16,99.85
S010,2023-11-06,3342,3034,51,0,6,100.0
S010,2023-11-13,3352,2970,56,0,10,99.898
S010,2023-11-20,3363,3051,33,1,6,99.926
S010,2023-11-27,3373,3008,25,1,12,99.901
S010,2023-12-04,3383,3076,31,0,8,100.0
S010,2023-12-11,3394,3001,30,0,7,99.897
S010,2023-12-18,3404,3027,35,0,11,99.906
S010,2023-12-25,3414,3112,28,0,8,99.92
S010,2024-01-01,3425,3132,34,0,8,99.908
S010,2024-01-08,3435,3115,26,0,9,99.879
S010,2024-01-15,3446,3104,25,0,9,99.853
S010,2024-01-22,3456,3093,36,1,11,99.925
S010,2024-01-29,3466,3118,20,1,11,100.0
S010,2024-02-05,3477,3088,30,0,9,100.0
S010,2024-02-12,3487,3168,35,0,5,99.901
S010,2024-02-19,3498,3204,22,0,10,99.897
S010,2024-02-26,3508,3173,34,0,8,99.895
S010,2024-03-04,3518,3124,35,0,5,99.831
S010,2024-03-11,3529,3163,37,1,10,99.906
S010,2024-03-18,3539,3133,39,0,8,99.948
S010,2024-03-25,3549,3171,33,0,11,99.929
S010,2024-04-01,3560,3147,28,0,9,99.885
S010,2024-04-08,3570,3333,37,1,6,99.891
S010,2024-04-15,3581,3194,31,1,6,99.87
S010,2024-04-22,3591,3267,39,0,8,99.903
S010,2024-04-29,3601,3190,40,1,13,99.921
S010,2024-05-06,3612,3267,28,2,16,99.899
S010,2024-05-13,3622,3219,22,0,9,99.971
S010,2024-05-20,3632,3263,28,1,7,99.935
S010,2024-05-27,3643,3274,42,0,13,99.887
S010,2024-06-03,3653,3297,26,1,7,99.949
S010,2024-06-10,3664,3334,35,0,8,99.926
S010,2024-06-17,3674,3330,36,0,9,99.91
S010,2024-06-24,3684,3343,32,0,6,99.78
S010,2024-07-01,3695,3311,35,0,13,99.871
S010,2024-07-08,3705,3316,35,0,10,99.907
S010,2024-07-15,3716,3347,40,3,11,100.0
S010,2024-07-22,3726,3384,18,1,10,99.995
S010,2024-07-29,3736,3375,43,0,14,99.868
S010,2024-08-05,3747,3309,22,0,9,99.987
S010,2024-08-12,3757,3462,20,1,15,99.977
S010,2024-08-19,3767,3390,40,1,10,99.878
S010,2024-08-26,3778,3435,29,1,16,99.905
S010,2024-09-02,3788,3412,37,1,9,99.916
S010,2024-09-09,3799,3470,41,1,10,99.991
S010,2024-09-16,3809,3475,37,0,16,100.0
S010,2024-09-23,3819,3464,39,0,16,100.0
S010,2024-09-30,3830,3428,22,0,8,99.925
S010,2024-10-07,3840,3493,23,0,8,99.942
S010,2024-10-14,3850,3449,34,1,7,99.989
S010,2024-10-21,3861,3560,32,0,8,99.848
S010,2024-10-28,3871,3492,22,0,15,99.909
S010,2024-11-04,3882,3519,25,1,7,99.926
S010,2024-11-11,3892,3590,44,1,7,99.934
S010,2024-11-18,3902,3579,29,0,12,99.975
S010,2024-11-25,3913,3538,30,0,11,99.971
S010,2024-12-02,3923,3536,52,2,9,99.955
S010,2024-12-09,3933,3593,71,1,13,99.911
S010,2024-12-16,3944,3574,72,1,12,99.945
S010,2024-12-23,3954,3535,53,0,8,99.907
S010,2024-12-30,3965,3635,43,0,10,99.866
S010,2025-01-06,3975,3657,30,1,11,99.933
S010,2025-01-13,3985,3727,28,0,11,99.993
S010,2025-01-20,3996,3611,49,1,8,99.971
S010,2025-01-27,4006,3620,35,3,11,99.895
S010,2025-02-03,4017,3682,29,0,7,99.909
S010,2025-02-10,4027,3696,27,1,7,100.0
S010,2025-02-17,4037,3666,40,0,18,99.931
S010,2025-02-24,4048,3664,47,1,9,99.991
S010,2025-03-03,4058,3675,45,0,13,99.942
S010,2025-03-10,4068,3725,50,1,6,99.967
S010,2025-03-17,4079,3706,36,1,7,99.884
S010,2025-03-24,4089,3741,32,1,13,99.932
S010,2025-03-31,4100,3695,53,0,12,99.96
S010,2025-04-07,4110,3742,33,1,17,99.962
S010,2025-04-14,4120,3703,35,0,8,99.876
S010,2025-04-21,4131,3721,26,1,8,99.821
S010,2025-04-28,4141,3733,43,1,11,99.909
S010,2025-05-05,4151,3805,24,0,13,99.942
S010,2025-05-12,4162,3751,40,0,10,99.943
S010,2025-05-19,4172,3871,79,0,10,99.888
S010,2025-05-26,4183,3842,46,1,11,99.889
S010,2025-06-02,4193,3827,42,2,15,99.991
S010,2025-06-09,4203,3839,28,1,8,99.911
S010,2025-06-16,4214,3883,62,0,16,99.953
S010,2025-06-23,4224,3922,31,0,9,99.92
S010,2025-06-30,4235,3814,41,2,14,99.931
S010,2025-07-07,4245,3888,64,0,24,99.825
S010,2025-07-14,4255,3848,35,1,9,99.859
S010,2025-07-21,4266,3832,27,2,14,99.895
S010,2025-07-28,4276,3886,43,1,11,99.95
S010,2025-08-04,4286,3926,47,2,14,99.932
S010,2025-08-11,4297,3878,43,2,11,100.0
S010,2025-08-18,4307,3885,32,0,11,99.988
S010,2025-08-25,4318,3981,48,0,12,99.952
S010,2025-09-01,4328,3976,30,0,11,99.87
S010,2025-09-08,4338,3976,39,1,13,99.996
S010,2025-09-15,4349,4043,39,0,10,99.958
S010,2025-09-22,4359,4006,32,0,16,99.942
S010,2025-09-29,4369,4043,43,1,7,99.911
S010,2025-10-06,4380,4054,40,1,10,99.9
S010,2025-10-13,4390,4048,29,0,13,99.885
S010,2025-10-20,4401,4042,35,0,9,99.888
S010,2025-10-27,4411,4089,32,2,7,99.958
S010,2025-11-03,4421,4069,20,0,10,99.923
S010,2025-11-10,4432,4063,30,0,10,99.855
S010,2025-11-17,4442,3982,43,0,10,99.879
S010,2025-11-24,4452,4003,49,0,15,99.923
S010,2025-12-01,4463,4183,45,0,7,99.99
S010,2025-12-08,4473,4066,59,1,8,99.913
S010,2025-12-15,4484,4139,40,0,17,99.898
S010,2025-12-22,4494,4208,34,0,12,99.928
S010,2025-12-29,4504,4144,39,0,13,99.924
S010,2026-01-05,4515,4160,59,0,12,99.94
S010,2026-01-12,4525,4157,47,0,15,99.913
S010,2026-01-19,4536,4151,31,1,17,99.83
S010,2026-01-26,4546,4246,38,0,12,99.833
S010,2026-02-02,4556,4070,73,0,10,99.975
S010,2026-02-09,4567,4167,35,1,22,100.0
S010,2026-02-16,4577,4078,65,0,7,99.809
S010,2026-02-23,4587,4183,33,1,13,99.972
S010,2026-03-02,4598,4251,40,0,6,100.0
S010,2026-03-09,4608,4256,52,0,12,99.893
S010,2026-03-16,4619,4247,75,0,13,99.948
S010,2026-03-23,4629,4341,46,1,14,99.833
S010,2026-03-30,4639,4263,32,0,17,99.923
S010,2026-04-06,4650,4299,36,1,11,99.913
S010,2026-04-13,4660,4320,35,1,17,99.902
S010,2026-04-20,4670,4291,33,0,20,99.951
S010,2026-04-27,4681,4290,34,0,18,99.976
S010,2026-05-04,4691,4316,24,1,17,99.827
S010,2026-05-11,4702,4368,41,2,19,99.965
S010,2026-05-18,4712,4251,31,0,12,99.987
S010,2026-05-25,4722,4320,30,1,9,99.922
S010,2026-06-01,4733,4427,43,1,18,99.964
S010,2026-06-08,4743,4329,78,0,8,99.856
S010,2026-06-15,4754,4430,31,0,22,99.891
S010,2026-06-22,4764,4406,32,0,12,99.827
S010,2026-06-29,4774,4420,32,0,14,99.886
S010,2026-07-06,4785,4414,48,3,19,99.927
S010,2026-07-13,4795,4399,41,0,12,99.866
S010,2026-07-20,4805,4456,69,0,17,99.99
S010,2026-07-27,4816,4375,43,0,12,99.913
S010,2026-08-03,4826,4439,40,0,13,99.98
S010,2026-08-10,4837,4386,54,0,13,99.907
S010,2026-08-17,4847,4540,61,0,20,99.931
S010,2026-08-24,4857,4496,36,0,18,99.977
S010,2026-08-31,4868,4530,36,0,9,99.884
S010,2026-09-07,4878,4497,52,1,17,99.943
S010,2026-09-14,4888,4565,53,1,12,99.916
S010,2026-09-21,4899,4557,44,0,14,99.884
S010,2026-09-28,4909,4603,39,0,13,99.983
S011,2023-07-03,2081,1779,15,0,3,99.989
S011,2023-07-10,2084,1803,5,4,6,99.929
S011,2023-07-17,2088,1824,8,4,4,99.845
S011,2023-07-24,2091,1775,11,2,3,99.837
S011,2023-07-31,2094,1788,8,5,6,99.91
S011,2023-08-07,2098,1832,9,2,7,100.0
S011,2023-08-14,2101,1863,14,4,5,99.919
S011,2023-08-21,2105,1831,9,4,3,99.875
S011,2023-08-28,2108,1792,5,3,3,99.837
S011,2023-09-04,2111,1803,10,5,4,99.877
S011,2023-09-11,2115,1764,13,2,5,99.939
S011,2023-09-18,2118,1810,9,6,4,99.83
S011,2023-09-25,2121,1832,7,7,3,99.813
S011,2023-10-02,2125,1826,17,2,4,99.935
S011,2023-10-09,2128,1787,8,3,6,99.824
S011,2023-10-16,2132,1822,12,1,2,100.0
S011,2023-10-23,2135,1850,7,5,4,99.974
S011,2023-10-30,2138,1853,13,5,4,99.864
S011,2023-11-06,2142,1837,9,2,5,99.95
S011,2023-11-13,2145,1871,15,4,5,99.932
S011,2023-11-20,2148,1906,8,4,5,99.907
S011,2023-11-27,2152,1842,9,3,4,99.941
S011,2023-12-04,2155,1891,8,1,4,99.974
S011,2023-12-11,2159,1882,6,4,6,99.917
S011,2023-12-18,2162,1891,7,5,4,99.944
S011,2023-12-25,2165,1838,8,3,4,99.929
S011,2024-01-01,2169,1855,8,3,5,99.969
S011,2024-01-08,2172,1841,14,1,6,99.775
S011,2024-01-15,2175,1879,8,2,3,99.927
S011,2024-01-22,2179,1850,8,3,4,100.0
S011,2024-01-29,2182,1896,7,6,3,99.82
S011,2024-02-05,2186,1902,7,3,4,99.845
S011,2024-02-12,2189,1844,10,1,3,99.921
S011,2024-02-19,2192,1869,7,7,7,99.953
S011,2024-02-26,2196,1918,11,0,4,99.947
S011,2024-03-04,2199,1896,7,7,7,99.965
S011,2024-03-11,2202,1946,11,4,5,99.982
S011,2024-03-18,2206,1873,7,3,3,99.945
S011,2024-03-25,2209,1899,16,2,5,100.0
S011,2024-04-01,2213,1949,9,4,5,99.916
S011,2024-04-08,2216,1930,11,3,4,99.843
S011,2024-04-15,2219,1913,11,3,3,99.894
S011,2024-04-22,2223,1924,8,2,10,99.878
S011,2024-04-29,2226,1945,5,3,3,99.92
S011,2024-05-06,2229,1928,9,2,3,99.959
S011,2024-05-13,2233,1959,13,0,6,99.969
S011,2024-05-20,2236,1918,12,1,4,99.897
S011,2024-05-27,2240,1938,14,3,4,99.902
S011,2024-06-03,2243,1982,7,3,4,99.928
S011,2024-06-10,2246,1954,13,2,9,99.851
S011,2024-06-17,2250,1915,11,3,5,99.958
S011,2024-06-24,2253,1944,9,5,7,99.949
S011,2024-07-01,2256,1954,11,3,7,99.962
S011,2024-07-08,2260,1956,12,2,6,99.922
S011,2024-07-15,2263,1980,12,3,5,99.973
S011,2024-07-22,2267,1980,11,3,5,99.983
S011,2024-07-29,2270,1938,12,5,8,99.896
S011,2024-08-05,2273,1920,10,4,3,99.862
S011,2024-08-12,2277,1996,6,2,3,100.0
S011,2024-08-19,2280,1983,8,6,3,99.86
S011,2024-08-26,2283,1977,10,2,6,99.832
S011,2024-09-02,2287,1956,10,4,5,99.857
S011,2024-09-09,2290,2005,8,0,7,99.881
S011,2024-09-16,2294,1992,6,2,4,99.861
S011,2024-09-23,2297,2006,11,4,7,99.945
S011,2024-09-30,2300,2029,14,2,3,99.844
S011,2024-10-07,2304,2001,6,6,5,99.99
S011,2024-10-14,2307,2015,7,2,5,99.944
S011,2024-10-21,2310,2037,7,3,4,99.92
S011,2024-10-28,2314,1999,8,0,5,99.931
S011,2024-11-04,2317,2041,5,3,6,99.963
S011,2024-11-11,2321,2039,8,0,3,100.0
S011,2024-11-18,2324,2000,11,4,5,99.93
S011,2024-11-25,2327,2030,8,3,4,99.957
S011,2024-12-02,2331,2076,5,2,5,99.846
S011,2024-12-09,2334,1992,8,3,7,99.892
S011,2024-12-16,2337,2034,9,4,4,99.869
S011,2024-12-23,2341,2011,10,4,7,99.899
S011,2024-12-30,2344,2064,10,3,3,99.888
S011,2025-01-06,2348,2058,6,2,6,99.942
S011,2025-01-13,2351,2071,11,0,5,99.948
S011,2025-01-20,2354,2034,8,6,5,99.949
S011,2025-01-27,2358,2087,11,1,6,99.974
S011,2025-02-03,2361,2039,7,6,8,99.858
S011,2025-02-10,2364,2045,11,7,5,99.915
S011,2025-02-17,2368,2064,10,3,4,99.887
S011,2025-02-24,2371,2086,9,3,14,99.945
S011,2025-03-03,2375,2075,11,2,3,99.875
S011,2025-03-10,2378,2045,14,5,5,99.937
S011,2025-03-17,2381,2070,11,4,7,99.957
S011,2025-03-24,2385,2114,10,2,7,99.87
S011,2025-03-31,2388,2079,9,4,4,99.843
S011,2025-04-07,2391,2142,8,3,5,99.917
S011,2025-04-14,2395,2069,9,6,5,99.911
S011,2025-04-21,2398,2099,27,5,5,99.832
S011,2025-04-28,2402,2088,11,1,7,99.865
S011,2025-05-05,2405,2111,6,4,8,99.932
S011,2025-05-12,2408,2116,10,4,7,99.835
S011,2025-05-19,2412,2125,17,0,5,99.903
S011,2025-05-26,2415,2119,9,2,10,99.909
S011,2025-06-02,2418,2118,11,6,5,99.914
S011,2025-06-09,2422,2127,21,3,3,99.869
S011,2025-06-16,2425,2131,10,3,4,99.948
S011,2025-06-23,2429,2144,5,0,6,99.947
S011,2025-06-30,2432,2131,13,3,6,99.894
S011,2025-07-07,2435,2104,12,2,5,99.864
S011,2025-07-14,2439,2190,10,2,4,100.0
S011,2025-07-21,2442,2139,6,3,5,99.928
S011,2025-07-28,2445,2140,8,3,7,99.896
S011,2025-08-04,2449,2114,22,1,4,99.882
S011,2025-08-11,2452,2138,8,3,5,99.98
S011,2025-08-18,2456,2151,10,1,4,99.837
S011,2025-08-25,2459,2125,12,6,6,99.906
S011,2025-09-01,2462,2173,7,5,6,99.827
S011,2025-09-08,2466,2135,9,4,4,99.914
S011,2025-09-15,2469,2125,8,3,8,99.929
S011,2025-09-22,2472,2179,18,1,4,99.924
S011,2025-09-29,2476,2184,9,4,5,99.95
S011,2025-10-06,2479,2158,10,4,2,99.901
S011,2025-10-13,2483,2148,11,4,3,99.863
S011,2025-10-20,2486,2148,11,2,6,99.909
S011,2025-10-27,2489,2187,15,4,6,99.984
S011,2025-11-03,2493,2196,8,2,4,99.902
S011,2025-11-10,2496,2196,12,5,4,99.934
S011,2025-11-17,2499,2183,13,3,5,99.888
S011,2025-11-24,2503,2187,11,3,4,100.0
S011,2025-12-01,2506,2216,14,2,4,99.979
S011,2025-12-08,2510,2246,7,3,5,99.953
S011,2025-12-15,2513,2256,11,3,3,99.873
S011,2025-12-22,2516,2273,11,3,3,99.907
S011,2025-12-29,2520,2196,8,2,7,99.946
S011,2026-01-05,2523,2208,30,2,6,99.926
S011,2026-01-12,2526,2206,15,1,4,99.901
S011,2026-01-19,2530,2213,10,6,6,99.848
S011,2026-01-26,2533,2225,6,7,5,99.85
S011,2026-02-02,2537,2230,9,4,7,99.831
S011,2026-02-09,2540,2228,12,4,6,99.918
S011,2026-02-16,2543,2280,10,4,7,99.962
S011,2026-02-23,2547,2253,8,4,4,99.985
S011,2026-03-02,2550,2254,9,8,5,99.855
S011,2026-03-09,2553,2273,12,1,5,99.956
S011,2026-03-16,2557,2243,11,2,6,99.952
S011,2026-03-23,2560,2257,13,4,5,99.952
S011,2026-03-30,2564,2265,11,5,5,99.85
S011,2026-04-06,2567,2245,10,2,8,99.933
S011,2026-04-13,2570,2288,4,2,5,99.933
S011,2026-04-20,2574,2263,9,4,8,99.874
S011,2026-04-27,2577,2265,12,2,5,99.891
S011,2026-05-04,2580,2274,14,2,7,100.0
S011,2026-05-11,2584,2355,12,4,7,99.879
S011,2026-05-18,2587,2255,9,4,5,99.908
S011,2026-05-25,2591,2239,14,4,5,99.949
S011,2026-06-01,2594,2303,9,4,5,99.92
S011,2026-06-08,2597,1663,54,2,45,99.938
S011,2026-06-15,2601,1639,90,1,25,99.937
S011,2026-06-22,2604,1646,60,3,35,99.915
S011,2026-06-29,2607,1656,54,3,20,99.818
S011,2026-07-06,2611,1667,72,3,40,99.92
S011,2026-07-13,2614,1699,60,3,25,99.942
S011,2026-07-20,2618,1679,48,5,45,99.966
S011,2026-07-27,2621,1659,66,2,20,99.928
S011,2026-08-03,2624,1701,60,5,50,99.929
S011,2026-08-10,2628,2369,8,1,6,99.919
S011,2026-08-17,2631,2304,7,2,5,99.921
S011,2026-08-24,2634,2361,7,4,5,99.876
S011,2026-08-31,2638,2401,11,2,8,99.91
S011,2026-09-07,2641,2342,12,4,4,99.968
S011,2026-09-14,2645,2341,10,1,5,99.861
S011,2026-09-21,2648,2346,13,6,7,99.923
S011,2026-09-28,2651,2383,10,1,5,99.948
S012,2023-07-03,8549,7147,79,3,23,99.895
S012,2023-07-10,8568,7234,86,0,50,99.928
S012,2023-07-17,8586,7144,108,0,28,99.819
S012,2023-07-24,8605,7212,93,0,46,99.913
S012,2023-07-31,8624,7254,82,0,31,99.87
S012,2023-08-07,8642,7428,84,0,18,99.9
S012,2023-08-14,8661,7301,51,0,28,99.82
S012,2023-08-21,8680,7223,103,0,28,99.979
S012,2023-08-28,8698,7435,93,0,34,99.887
S012,2023-09-04,8717,7406,55,0,28,99.826
S012,2023-09-11,8736,7245,83,0,34,99.846
S012,2023-09-18,8755,7377,49,1,23,99.895
S012,2023-09-25,8773,7478,65,1,24,99.924
S012,2023-10-02,8792,7379,56,0,32,99.979
S012,2023-10-09,8811,7493,89,0,31,99.919
S012,2023-10-16,8829,7399,70,0,52,99.872
S012,2023-10-23,8848,7411,83,0,22,99.865
S012,2023-10-30,8867,7464,87,0,32,99.85
S012,2023-11-06,8885,7446,97,0,30,99.909
S012,2023-11-13,8904,7603,102,0,41,99.901
S012,2023-11-20,8923,7432,142,0,19,99.886
S012,2023-11-27,8941,7623,52,0,13,99.903
S012,2023-12-04,8960,7637,123,0,39,99.896
S012,2023-12-11,8979,7561,81,0,18,99.978
S012,2023-12-18,8997,7679,56,0,28,99.834
S012,2023-12-25,9016,7531,70,0,35,99.899
S012,2024-01-01,9035,7586,81,0,16,99.91
S012,2024-01-08,9054,7737,69,2,33,99.975
S012,2024-01-15,9072,7723,52,1,27,99.836
S012,2024-01-22,9091,7721,104,0,37,99.897
S012,2024-01-29,9110,7676,77,0,32,99.941
S012,2024-02-05,9128,7738,133,1,29,99.938
S012,2024-02-12,9147,7563,53,0,17,99.959
S012,2024-02-19,9166,7592,76,0,45,99.982
S012,2024-02-26,9184,7780,128,0,19,100.0
S012,2024-03-04,9203,7670,85,1,33,99.939
S012,2024-03-11,9222,7642,71,1,25,99.869
S012,2024-03-18,9240,7861,92,0,23,99.857
S012,2024-03-25,9259,7894,83,2,27,99.84
S012,2024-04-01,9278,8039,68,1,29,99.954
S012,2024-04-08,9296,8007,95,1,19,99.934
S012,2024-04-15,9315,7754,106,1,24,99.899
S012,2024-04-22,9334,8118,88,0,20,99.952
S012,2024-04-29,9353,8170,97,0,35,99.899
S012,2024-05-06,9371,7926,73,0,31,99.945
S012,2024-05-13,9390,8039,70,0,26,99.885
S012,2024-05-20,9409,8126,161,1,31,99.914
S012,2024-05-27,9427,8164,120,0,26,99.926
S012,2024-06-03,9446,8081,79,0,18,99.86
S012,2024-06-10,9465,8091,88,0,32,99.852
S012,2024-06-17,9483,8113,81,0,23,99.954
S012,2024-06-24,9502,8113,167,0,32,99.903
S012,2024-07-01,9521,7956,121,0,33,99.825
S012,2024-07-08,9539,8098,58,1,51,99.888
S012,2024-07-15,9558,8100,132,0,33,99.935
S012,2024-07-22,9577,8183,94,1,35,99.791
S012,2024-07-29,9595,8137,101,0,25,99.806
S012,2024-08-05,9614,8265,71,0,39,100.0
S012,2024-08-12,9633,8174,54,0,19,99.948
S012,2024-08-19,9651,8237,53,0,24,99.961
S012,2024-08-26,9670,8180,58,0,29,99.92
S012,2024-09-02,9689,8322,52,1,42,99.937
S012,2024-09-09,9708,8347,95,0,31,99.917
S012,2024-09-16,9726,8295,76,0,26,99.923
S012,2024-09-23,9745,8343,153,0,20,99.949
S012,2024-09-30,9764,8463,106,0,23,99.916
S012,2024-10-07,9782,8325,59,1,47,99.846
S012,2024-10-14,9801,8324,82,1,24,99.889
S012,2024-10-21,9820,8437,66,0,33,100.0
S012,2024-10-28,9838,8309,99,0,38,99.854
S012,2024-11-04,9857,8630,50,0,41,99.999
S012,2024-11-11,9876,8409,79,0,32,99.957
S012,2024-11-18,9894,8552,119,0,24,99.972
S012,2024-11-25,9913,8426,105,0,45,99.9
S012,2024-12-02,9932,8493,94,1,21,99.998
S012,2024-12-09,9950,8378,80,1,20,99.836
S012,2024-12-16,9969,8443,115,0,29,99.988
S012,2024-12-23,9988,8330,77,0,34,99.899
S012,2024-12-30,10007,8448,78,1,35,99.865
S012,2025-01-06,10025,8513,114,0,29,100.0
S012,2025-01-13,10044,8648,68,0,26,99.933
S012,2025-01-20,10063,8683,65,1,21,99.872
S012,2025-01-27,10081,8536,110,0,40,99.83
S012,2025-02-03,10100,8523,65,0,20,99.922
S012,2025-02-10,10119,8632,79,0,17,100.0
S012,2025-02-17,10137,8448,97,2,33,99.993
S012,2025-02-24,10156,8780,88,0,48,99.883
S012,2025-03-03,10175,8753,85,1,26,100.0
S012,2025-03-10,10193,8697,99,0,48,99.891
S012,2025-03-17,10212,8750,67,0,46,99.884
S012,2025-03-24,10231,8744,98,1,40,99.851
S012,2025-03-31,10249,8788,98,0,37,99.95
S012,2025-04-07,10268,8644,156,0,33,99.928
S012,2025-04-14,10287,8892,95,0,36,99.892
S012,2025-04-21,10306,8726,80,0,59,99.965
S012,2025-04-28,10324,8801,73,0,33,99.926
S012,2025-05-05,10343,8909,73,1,26,99.911
S012,2025-05-12,10362,8958,62,0,37,99.927
S012,2025-05-19,10380,9061,87,0,22,99.908
S012,2025-05-26,10399,9100,72,0,32,99.908
S012,2025-06-02,10418,9005,142,0,21,99.934
S012,2025-06-09,10436,8891,105,0,29,99.968
S012,2025-06-16,10455,8793,159,0,29,99.976
S012,2025-06-23,10474,8883,117,0,38,99.83
S012,2025-06-30,10492,9067,137,0,38,99.898
S012,2025-07-07,10511,9028,153,0,23,99.919
S012,2025-07-14,10530,8855,125,0,42,99.93
S012,2025-07-21,10548,8887,47,0,41,99.899
S012,2025-07-28,10567,9126,109,0,38,99.934
S012,2025-08-04,10586,9112,58,0,33,99.989
S012,2025-08-11,10604,9087,87,0,29,99.905
S012,2025-08-18,10623,9379,77,0,46,99.94
S012,2025-08-25,10642,9283,75,0,28,99.902
S012,2025-09-01,10661,8890,129,0,39,99.953
S012,2025-09-08,10679,9076,114,0,30,99.941
S012,2025-09-15,10698,9108,38,0,37,99.968
S012,2025-09-22,10717,9196,214,1,39,99.916
S012,2025-09-29,10735,9249,112,0,32,99.879
S012,2025-10-06,10754,9191,78,0,56,99.952
S012,2025-10-13,10773,9164,49,0,25,99.935
S012,2025-10-20,10791,9152,109,1,18,99.932
S012,2025-10-27,10810,9368,95,0,42,100.0
S012,2025-11-03,10829,9337,90,0,40,99.944
S012,2025-11-10,10847,9375,90,0,21,100.0
S012,2025-11-17,10866,9404,74,0,22,99.886
S012,2025-11-24,10885,9379,114,0,30,99.925
S012,2025-12-01,10903,9355,62,1,27,99.8
S012,2025-12-08,10922,9435,68,1,29,99.924
S012,2025-12-15,10941,9313,57,0,36,99.869
S012,2025-12-22,10960,9460,82,1,50,99.807
S012,2025-12-29,10978,9471,108,1,26,99.929
S012,2026-01-05,10997,9572,99,0,52,99.976
S012,2026-01-12,11016,9397,89,0,39,99.939
S012,2026-01-19,11034,9590,86,1,43,99.955
S012,2026-01-26,11053,9474,53,1,24,99.888
S012,2026-02-02,11072,9612,137,0,38,99.887
S012,2026-02-09,11090,9712,87,0,35,100.0
S012,2026-02-16,11109,9649,121,0,23,99.901
S012,2026-02-23,11128,9585,140,0,22,99.935
S012,2026-03-02,11146,9431,157,0,40,99.967
S012,2026-03-09,11165,9583,105,0,66,99.931
S012,2026-03-16,11184,9704,92,1,57,99.904
S012,2026-03-23,11202,9647,79,0,40,99.889
S012,2026-03-30,11221,9770,125,1,43,99.964
S012,2026-04-06,11240,9666,81,0,31,99.884
S012,2026-04-13,11259,9713,134,1,36,99.82
S012,2026-04-20,11277,9737,131,0,36,99.936
S012,2026-04-27,11296,9796,115,0,34,99.94
S012,2026-05-04,11315,9685,101,0,18,99.919
S012,2026-05-11,11333,9698,104,1,24,99.914
S012,2026-05-18,11352,9916,86,0,55,99.877
S012,2026-05-25,11371,10077,78,0,31,99.944
S012,2026-06-01,11389,10176,114,0,28,99.912
S012,2026-06-08,11408,9710,84,1,28,99.924
S012,2026-06-15,11427,9844,96,0,47,99.81
S012,2026-06-22,11445,9844,102,0,27,99.929
S012,2026-06-29,11464,9966,78,1,33,99.954
S012,2026-07-06,11483,9790,324,0,29,99.897
S012,2026-07-13,11501,9745,81,2,37,99.925
S012,2026-07-20,11520,9806,101,0,45,99.895
S012,2026-07-27,11539,10024,115,0,34,99.89
S012,2026-08-03,11557,9846,77,0,46,99.886
S012,2026-08-10,11576,10007,121,1,54,99.856
S012,2026-08-17,11595,9935,118,1,26,99.88
S012,2026-08-24,11614,9858,106,0,31,99.924
S012,2026-08-31,11632,9979,103,0,28,99.972
S012,2026-09-07,11651,10048,148,1,32,99.921
S012,2026-09-14,11670,10158,63,0,44,99.872
S012,2026-09-21,11688,10230,80,0,34,99.854
S012,2026-09-28,11707,10087,67,0,40,100.0
S013,2023-07-03,4375,3563,37,1,21,100.0
S013,2023-07-10,4386,3590,71,0,36,99.759
S013,2023-07-17,4396,3548,53,4,29,99.946
S013,2023-07-24,4407,3622,45,0,21,99.9
S013,2023-07-31,4417,3623,46,0,23,99.892
S013,2023-08-07,4428,3573,48,0,14,99.913
S013,2023-08-14,4438,3590,62,0,21,99.985
S013,2023-08-21,4449,3598,54,1,19,99.964
S013,2023-08-28,4460,3684,42,2,20,99.87
S013,2023-09-04,4470,3637,31,2,18,99.977
S013,2023-09-11,4481,3749,46,0,22,99.952
S013,2023-09-18,4491,3633,90,1,19,99.864
S013,2023-09-25,4502,3735,34,1,28,99.88
S013,2023-10-02,4512,3584,37,2,23,99.848
S013,2023-10-09,4523,3695,37,1,31,99.879
S013,2023-10-16,4534,3718,41,2,41,99.871
S013,2023-10-23,4544,3703,47,0,26,100.0
S013,2023-10-30,4555,3690,30,0,21,99.88
S013,2023-11-06,4565,3741,30,3,27,99.888
S013,2023-11-13,4576,3754,45,2,15,99.926
S013,2023-11-20,4586,3846,65,2,19,99.836
S013,2023-11-27,4597,3761,29,4,19,99.931
S013,2023-12-04,4608,3639,88,1,15,99.969
S013,2023-12-11,4618,3789,39,0,21,99.92
S013,2023-12-18,4629,3748,26,1,26,99.896
S013,2023-12-25,4639,3721,50,1,32,99.952
S013,2024-01-01,4650,3811,45,0,21,99.919
S013,2024-01-08,4660,3861,58,1,33,99.886
S013,2024-01-15,4671,3824,51,0,29,99.904
S013,2024-01-22,4682,3777,35,2,34,100.0
S013,2024-01-29,4692,3798,51,4,28,99.972
S013,2024-02-05,4703,3912,84,2,18,99.984
S013,2024-02-12,4713,3778,59,1,18,99.926
S013,2024-02-19,4724,3847,59,2,25,99.921
S013,2024-02-26,4734,3900,58,1,30,99.863
S013,2024-03-04,4745,3851,61,2,19,99.909
S013,2024-03-11,4756,3888,34,1,37,99.843
S013,2024-03-18,4766,3891,62,1,30,99.943
S013,2024-03-25,4777,3922,39,0,22,99.894
S013,2024-04-01,4787,3904,35,0,16,99.894
S013,2024-04-08,4798,3960,41,0,25,99.926
S013,2024-04-15,4809,3982,57,2,33,99.889
S013,2024-04-22,4819,3921,73,1,22,99.899
S013,2024-04-29,4830,3854,75,2,34,99.872
S013,2024-05-06,4840,3927,55,0,23,99.985
S013,2024-05-13,4851,3970,38,1,28,99.861
S013,2024-05-20,4861,3939,42,2,20,99.893
S013,2024-05-27,4872,4066,65,0,20,99.889
S013,2024-06-03,4883,4018,56,0,30,99.865
S013,2024-06-10,4893,4025,37,2,40,99.873
S013,2024-06-17,4904,3962,56,2,25,99.888
S013,2024-06-24,4914,4034,34,1,20,99.865
S013,2024-07-01,4925,4101,53,3,41,100.0
S013,2024-07-08,4935,3962,84,3,34,99.865
S013,2024-07-15,4946,3959,30,2,24,99.863
S013,2024-07-22,4957,4083,50,1,22,100.0
S013,2024-07-29,4967,4086,37,1,22,99.897
S013,2024-08-05,4978,4090,40,0,40,99.925
S013,2024-08-12,4988,4143,48,0,22,99.889
S013,2024-08-19,4999,4096,50,1,29,99.952
S013,2024-08-26,5009,4095,45,2,35,100.0
S013,2024-09-02,5020,4023,61,1,14,99.835
S013,2024-09-09,5031,4145,43,3,20,99.908
S013,2024-09-16,5041,4055,48,3,18,99.914
S013,2024-09-23,5052,4238,48,0,33,99.919
S013,2024-09-30,5062,4112,30,0,28,99.902
S013,2024-10-07,5073,4159,51,0,37,99.929
S013,2024-10-14,5083,4074,39,1,23,100.0
S013,2024-10-21,5094,4196,34,0,31,99.936
S013,2024-10-28,5105,4106,44,0,22,99.913
S013,2024-11-04,5115,4175,86,1,23,99.987
S013,2024-11-11,5126,4229,91,1,31,99.996
S013,2024-11-18,5136,4206,70,1,22,99.866
S013,2024-11-25,5147,4132,39,2,25,99.913
S013,2024-12-02,5157,4266,75,2,19,99.988
S013,2024-12-09,5168,4127,49,2,23,99.934
S013,2024-12-16,5179,4270,55,1,25,99.866
S013,2024-12-23,5189,4227,64,0,21,99.875
S013,2024-12-30,5200,4205,49,2,30,99.889
S013,2025-01-06,5210,4272,75,1,37,99.918
S013,2025-01-13,5221,4249,58,0,34,99.983
S013,2025-01-20,5231,4131,38,4,20,99.838
S013,2025-01-27,5242,4215,56,0,17,99.892
S013,2025-02-03,5253,4382,68,2,18,99.958
S013,2025-02-10,5263,4322,62,3,40,99.963
S013,2025-02-17,5274,4314,43,0,30,99.924
S013,2025-02-24,5284,4280,32,0,30,99.964
S013,2025-03-03,5295,4313,62,1,49,99.825
S013,2025-03-10,5305,4299,74,2,27,99.937
S013,2025-03-17,5316,4392,68,3,38,100.0
S013,2025-03-24,5327,4374,33,1,34,99.862
S013,2025-03-31,5337,4348,75,1,31,99.941
S013,2025-04-07,5348,4399,51,2,31,99.935
S013,2025-04-14,5358,4411,37,2,39,99.956
S013,2025-04-21,5369,4373,43,0,35,99.907
S013,2025-04-28,5379,4406,86,0,29,99.951
S013,2025-05-05,5390,4439,40,1,29,99.908
S013,2025-05-12,5401,4464,93,1,34,99.876
S013,2025-05-19,5411,4445,84,4,43,99.951
S013,2025-05-26,5422,4461,63,1,39,99.876
S013,2025-06-02,5432,4463,43,0,43,99.973
S013,2025-06-09,5443,4520,63,1,21,99.997
S013,2025-06-16,5453,4542,59,2,35,99.924
S013,2025-06-23,5464,4383,46,0,45,99.905
S013,2025-06-30,5475,4433,52,2,15,99.913
S013,2025-07-07,5485,4515,61,3,31,99.966
S013,2025-07-14,5496,4521,47,2,25,100.0
S013,2025-07-21,5506,4476,33,0,14,99.875
S013,2025-07-28,5517,4421,81,0,29,99.924
S013,2025-08-04,5527,4532,71,2,26,100.0
S013,2025-08-11,5538,4507,82,1,15,99.952
S013,2025-08-18,5549,4545,78,0,33,99.954
S013,2025-08-25,5559,4518,67,1,55,99.923
S013,2025-09-01,5570,4448,30,2,36,99.976
S013,2025-09-08,5580,4554,49,3,25,99.962
S013,2025-09-15,5591,4568,35,3,29,100.0
S013,2025-09-22,5601,4742,39,0,32,99.941
S013,2025-09-29,5612,4463,56,1,22,99.91
S013,2025-10-06,5623,4580,102,0,41,99.937
S013,2025-10-13,5633,4638,56,0,18,99.878
S013,2025-10-20,5644,4630,80,2,44,99.901
S013,2025-10-27,5654,4706,79,1,25,99.902
S013,2025-11-03,5665,4612,62,2,35,100.0
S013,2025-11-10,5676,4587,45,3,31,100.0
S013,2025-11-17,5686,4709,64,0,29,99.925
S013,2025-11-24,5697,4643,44,0,43,99.916
S013,2025-12-01,5707,4661,55,0,11,99.901
S013,2025-12-08,5718,4649,89,0,50,100.0
S013,2025-12-15,5728,4665,63,3,31,99.945
S013,2025-12-22,5739,4673,64,1,35,99.857
S013,2025-12-29,5750,4683,55,1,25,99.951
S013,2026-01-05,5760,4635,67,2,26,99.87
S013,2026-01-12,5771,4670,31,1,35,99.883
S013,2026-01-19,5781,4745,95,3,25,100.0
S013,2026-01-26,5792,4773,46,2,34,99.938
S013,2026-02-02,5802,4752,94,1,39,99.948
S013,2026-02-09,5813,4733,63,2,38,100.0
S013,2026-02-16,5824,4859,87,1,33,99.978
S013,2026-02-23,5834,4803,55,0,21,99.963
S013,2026-03-02,5845,4712,110,2,37,99.887
S013,2026-03-09,5855,4820,43,1,40,99.911
S013,2026-03-16,5866,4832,53,3,17,99.989
S013,2026-03-23,5876,4810,33,1,45,99.967
S013,2026-03-30,5887,4700,43,0,26,99.922
S013,2026-04-06,5898,4791,78,0,26,99.907
S013,2026-04-13,5908,4832,67,3,33,100.0
S013,2026-04-20,5919,4829,55,1,27,99.842
S013,2026-04-27,5929,4800,58,2,30,99.934
S013,2026-05-04,5940,4824,51,0,34,99.988
S013,2026-05-11,5950,4873,56,0,30,100.0
S013,2026-05-18,5961,4813,58,2,45,99.964
S013,2026-05-25,5972,4841,83,1,35,100.0
S013,2026-06-01,5982,4831,61,2,21,99.915
S013,2026-06-08,5993,4895,71,2,71,99.945
S013,2026-06-15,6003,4936,113,0,37,99.918
S013,2026-06-22,6014,4945,45,0,66,99.944
S013,2026-06-29,6024,4974,109,0,29,99.857
S013,2026-07-06,6035,5001,48,1,27,99.835
S013,2026-07-13,6046,4849,59,0,32,99.871
S013,2026-07-20,6056,4919,50,0,32,99.894
S013,2026-07-27,6067,4873,99,1,33,99.911
S013,2026-08-03,6077,5019,23,1,34,100.0
S013,2026-08-10,6088,4953,55,2,23,99.924
S013,2026-08-17,6098,4978,71,0,35,99.959
S013,2026-08-24,6109,5015,35,0,25,99.915
S013,2026-08-31,6120,5055,47,1,32,99.896
S013,2026-09-07,6130,5068,43,1,17,99.9
S013,2026-09-14,6141,5052,57,1,30,99.991
S013,2026-09-21,6151,4999,69,1,45,99.88
S013,2026-09-28,6162,5063,80,2,28,100.0
S014,2023-07-03,944,826,10,2,5,100.0
S014,2023-07-10,946,837,9,1,2,100.0
S014,2023-07-17,948,845,13,2,4,99.842
S014,2023-07-24,951,846,14,6,4,100.0
S014,2023-07-31,953,843,9,3,5,99.981
S014,2023-08-07,955,857,10,2,7,100.0
S014,2023-08-14,957,865,16,5,4,99.917
S014,2023-08-21,959,855,11,0,4,100.0
S014,2023-08-28,962,853,11,1,7,99.771
S014,2023-09-04,964,853,7,3,6,99.971
S014,2023-09-11,966,857,8,3,4,99.881
S014,2023-09-18,968,856,11,3,5,99.904
S014,2023-09-25,971,866,11,2,5,99.883
S014,2023-10-02,973,859,21,2,4,100.0
S014,2023-10-09,975,867,9,1,5,99.896
S014,2023-10-16,977,859,14,1,5,99.892
S014,2023-10-23,979,868,8,2,4,99.877
S014,2023-10-30,982,864,8,0,4,99.86
S014,2023-11-06,984,847,9,3,4,99.891
S014,2023-11-13,986,871,13,6,5,99.896
S014,2023-11-20,988,860,9,3,4,99.784
S014,2023-11-27,990,878,10,2,4,99.909
S014,2023-12-04,993,890,13,5,5,99.949
S014,2023-12-11,995,869,11,0,5,99.961
S014,2023-12-18,997,862,9,6,5,99.865
S014,2023-12-25,999,891,9,0,5,99.939
S014,2024-01-01,1001,893,7,2,3,99.944
S014,2024-01-08,1004,907,8,3,6,99.929
S014,2024-01-15,1006,887,13,2,6,99.859
S014,2024-01-22,1008,920,15,3,5,100.0
S014,2024-01-29,1010,907,8,1,4,99.924
S014,2024-02-05,1012,903,9,1,3,99.979
S014,2024-02-12,1015,898,17,4,5,99.94
S014,2024-02-19,1017,895,10,1,4,99.958
S014,2024-02-26,1019,895,11,5,6,99.877
S014,2024-03-04,1021,909,11,2,4,99.925
S014,2024-03-11,1024,918,5,1,7,99.792
S014,2024-03-18,1026,912,10,5,4,99.938
S014,2024-03-25,1028,920,12,2,5,99.845
S014,2024-04-01,1030,930,9,3,5,99.89
S014,2024-04-08,1032,930,9,6,4,99.919
S014,2024-04-15,1035,932,9,1,5,99.931
S014,2024-04-22,1037,914,14,2,6,99.871
S014,2024-04-29,1039,932,17,2,6,99.922
S014,2024-05-06,1041,932,12,2,5,99.832
S014,2024-05-13,1043,930,12,5,5,99.879
S014,2024-05-20,1046,936,8,4,3,99.865
S014,2024-05-27,1048,926,16,1,5,99.895
S014,2024-06-03,1050,949,20,1,6,99.821
S014,2024-06-10,1052,930,9,2,7,99.954
S014,2024-06-17,1054,948,10,1,5,99.938
S014,2024-06-24,1057,939,12,3,8,99.938
S014,2024-07-01,1059,963,10,4,10,99.908
S014,2024-07-08,1061,940,15,2,5,99.89
S014,2024-07-15,1063,955,10,6,4,99.975
S014,2024-07-22,1065,935,14,1,7,99.881
S014,2024-07-29,1068,975,16,2,4,100.0
S014,2024-08-05,1070,960,10,6,9,99.839
S014,2024-08-12,1072,962,22,2,6,99.921
S014,2024-08-19,1074,961,13,2,8,100.0
S014,2024-08-26,1077,988,11,2,6,99.942
S014,2024-09-02,1079,961,21,4,10,99.972
S014,2024-09-09,1081,985,17,1,11,99.95
S014,2024-09-16,1083,960,17,1,6,99.91
S014,2024-09-23,1085,974,10,2,5,100.0
S014,2024-09-30,1088,997,14,2,4,100.0
S014,2024-10-07,1090,972,9,5,4,99.904
S014,2024-10-14,1092,979,8,3,5,99.979
S014,2024-10-21,1094,974,15,3,5,99.951
S014,2024-10-28,1096,979,9,2,5,99.911
S014,2024-11-04,1099,977,14,1,7,99.912
S014,2024-11-11,1101,1000,13,9,7,99.938
S014,2024-11-18,1103,975,11,1,8,99.849
S014,2024-11-25,1105,1005,14,2,6,99.953
S014,2024-12-02,1107,996,10,3,4,99.945
S014,2024-12-09,1110,1000,15,5,5,99.932
S014,2024-12-16,1112,998,10,2,8,99.935
S014,2024-12-23,1114,1002,17,2,7,99.969
S014,2024-12-30,1116,1005,14,4,6,99.885
S014,2025-01-06,1118,999,9,4,5,99.933
S014,2025-01-13,1121,1029,19,2,9,99.874
S014,2025-01-20,1123,989,17,1,5,99.904
S014,2025-01-27,1125,1003,12,3,4,99.855
S014,2025-02-03,1127,1017,12,1,7,99.829
S014,2025-02-10,1130,993,19,3,3,99.893
S014,2025-02-17,1132,1004,12,1,7,99.837
S014,2025-02-24,1134,1015,14,5,7,99.998
S014,2025-03-03,1136,1019,11,5,7,99.904
S014,2025-03-10,1138,1046,29,2,9,99.866
S014,2025-03-17,1141,1023,18,3,6,99.827
S014,2025-03-24,1143,1023,14,6,8,100.0
S014,2025-03-31,1145,1002,10,3,6,99.867
S014,2025-04-07,1147,1039,15,6,6,99.906
S014,2025-04-14,1149,1039,15,3,5,99.954
S014,2025-04-21,1152,1023,16,4,6,99.945
S014,2025-04-28,1154,1033,7,1,9,99.925
S014,2025-05-05,1156,1043,14,4,7,99.957
S014,2025-05-12,1158,1054,23,3,8,99.883
S014,2025-05-19,1160,1038,21,5,6,99.928
S014,2025-05-26,1163,1039,12,1,10,99.908
S014,2025-06-02,1165,1068,13,3,7,99.925
S014,2025-06-09,1167,1056,16,1,6,99.905
S014,2025-06-16,1169,1049,8,3,8,99.931
S014,2025-06-23,1171,1065,12,3,3,100.0
S014,2025-06-30,1174,1077,13,4,9,99.894
S014,2025-07-07,1176,1074,22,3,11,100.0
S014,2025-07-14,1178,1077,10,4,6,99.964
S014,2025-07-21,1180,1070,8,1,9,99.874
S014,2025-07-28,1183,1086,22,4,6,99.939
S014,2025-08-04,1185,1083,10,7,7,99.856
S014,2025-08-11,1187,1067,12,4,4,100.0
S014,2025-08-18,1189,1079,14,3,10,99.966
S014,2025-08-25,1191,1074,13,4,6,99.98
S014,2025-09-01,1194,1061,16,1,11,99.892
S014,2025-09-08,1196,1098,13,2,7,100.0
S014,2025-09-15,1198,1081,10,3,7,99.978
S014,2025-09-22,1200,1082,10,3,7,99.948
S014,2025-09-29,1202,1075,21,1,5,99.888
S014,2025-10-06,1205,1090,9,1,5,99.872
S014,2025-10-13,1207,1098,20,2,6,99.953
S014,2025-10-20,1209,1103,18,3,9,99.903
S014,2025-10-27,1211,1088,8,1,3,99.887
S014,2025-11-03,1213,1113,14,4,7,99.877
S014,2025-11-10,1216,1103,30,1,9,100.0
S014,2025-11-17,1218,1067,8,3,4,99.832
S014,2025-11-24,1220,1124,9,1,5,99.942
S014,2025-12-01,1222,1114,11,4,6,99.889
S014,2025-12-08,1224,1103,13,0,5,99.86
S014,2025-12-15,1227,1100,14,4,8,99.961
S014,2025-12-22,1229,1129,18,4,7,99.945
S014,2025-12-29,1231,1130,23,4,6,99.911
S014,2026-01-05,1233,1105,14,4,5,99.898
S014,2026-01-12,1236,1132,22,3,8,100.0
S014,2026-01-19,1238,1120,18,5,8,99.944
S014,2026-01-26,1240,1146,11,3,4,99.974
S014,2026-02-02,1242,1137,16,2,7,99.953
S014,2026-02-09,1244,1126,12,2,7,99.879
S014,2026-02-16,1247,1129,15,3,8,99.837
S014,2026-02-23,1249,1143,14,2,5,100.0
S014,2026-03-02,1251,1141,18,2,8,99.905
S014,2026-03-09,1253,1128,18,4,6,99.848
S014,2026-03-16,1255,1134,18,1,6,99.966
S014,2026-03-23,1258,1147,10,0,6,99.833
S014,2026-03-30,1260,1169,14,1,8,99.891
S014,2026-04-06,1262,1127,13,2,8,99.897
S014,2026-04-13,1264,1136,15,2,5,99.91
S014,2026-04-20,1266,1156,11,1,7,99.941
S014,2026-04-27,1269,1148,13,3,7,99.764
S014,2026-05-04,1271,1154,10,2,5,99.956
S014,2026-05-11,1273,1163,9,4,10,99.994
S014,2026-05-18,1275,1178,17,2,10,99.895
S014,2026-05-25,1277,1179,11,0,5,99.959
S014,2026-06-01,1280,1159,10,9,6,99.881
S014,2026-06-08,1282,1180,18,2,5,99.886
S014,2026-06-15,1284,1161,21,3,6,99.921
S014,2026-06-22,1286,1166,16,2,9,99.888
S014,2026-06-29,1289,1190,10,2,4,99.937
S014,2026-07-06,1291,1171,13,3,8,99.934
S014,2026-07-13,1293,1186,7,4,4,99.992
S014,2026-07-20,1295,1201,12,7,6,99.917
S014,2026-07-27,1297,1189,11,3,4,99.925
S014,2026-08-03,1300,1165,22,2,5,99.933
S014,2026-08-10,1302,1193,23,4,9,99.909
S014,2026-08-17,1304,1187,11,8,9,99.99
S014,2026-08-24,1306,1195,14,1,13,99.908
S014,2026-08-31,1308,1218,25,4,5,99.9
S014,2026-09-07,1311,1204,13,70,8,98.885
S014,2026-09-14,1313,1206,24,56,8,98.9
S014,2026-09-21,1315,1205,16,69,15,98.949
S014,2026-09-28,1317,1199,15,59,4,99.255
S015,2023-07-03,4145,3779,47,1,11,99.917
S015,2023-07-10,4159,3842,18,2,12,99.857
S015,2023-07-17,4172,3888,41,0,19,99.896
S015,2023-07-24,4186,3870,27,0,12,99.921
S015,2023-07-31,4200,3841,38,0,9,99.937
S015,2023-08-07,4214,3798,40,2,11,100.0
S015,2023-08-14,4227,3901,50,2,18,99.885
S015,2023-08-21,4241,3871,41,1,15,99.884
S015,2023-08-28,4255,3930,28,3,7,99.923
S015,2023-09-04,4269,3960,48,2,25,99.896
S015,2023-09-11,4282,3957,27,0,13,99.939
S015,2023-09-18,4296,3928,28,2,10,99.94
S015,2023-09-25,4310,3965,44,1,14,99.921
S015,2023-10-02,4323,4028,28,0,16,99.939
S015,2023-10-09,4337,4023,46,1,12,100.0
S015,2023-10-16,4351,4040,51,0,15,99.881
S015,2023-10-23,4365,4103,26,0,12,99.93
S015,2023-10-30,4378,4085,17,2,19,99.997
S015,2023-11-06,4392,4052,73,1,8,99.988
S015,2023-11-13,4406,4053,24,0,12,99.988
S015,2023-11-20,4420,4087,28,1,11,99.891
S015,2023-11-27,4433,4107,26,2,13,99.992
S015,2023-12-04,4447,4110,39,1,19,99.963
S015,2023-12-11,4461,4070,55,0,25,99.943
S015,2023-12-18,4475,4088,40,2,12,99.982
S015,2023-12-25,4488,4066,23,0,26,99.904
S015,2024-01-01,4502,4203,49,2,11,99.854
S015,2024-01-08,4516,4214,37,1,16,99.912
S015,2024-01-15,4529,4186,40,2,13,99.865
S015,2024-01-22,4543,4173,38,1,20,100.0
S015,2024-01-29,4557,4281,26,1,13,99.933
S015,2024-02-05,4571,4153,47,0,19,99.903
S015,2024-02-12,4584,4338,26,0,22,99.971
S015,2024-02-19,4598,4368,31,0,14,99.902
S015,2024-02-26,4612,4323,59,1,8,99.928
S015,2024-03-04,4626,4359,38,0,13,99.96
S015,2024-03-11,4639,4290,50,1,19,99.869
S015,2024-03-18,4653,4300,29,0,13,99.852
S015,2024-03-25,4667,4462,44,0,16,99.936
S015,2024-04-01,4680,4340,46,0,12,99.866
S015,2024-04-08,4694,4310,70,3,13,99.925
S015,2024-04-15,4708,4356,33,1,12,99.883
S015,2024-04-22,4722,4446,52,0,14,99.967
S015,2024-04-29,4735,4386,26,1,25,99.835
S015,2024-05-06,4749,4482,35,1,10,99.856
S015,2024-05-13,4763,4452,49,0,14,100.0
S015,2024-05-20,4777,4368,41,0,16,99.886
S015,2024-05-27,4790,4594,59,0,14,100.0
S015,2024-06-03,4804,4486,50,2,14,99.913
S015,2024-06-10,4818,4557,41,0,44,100.0
S015,2024-06-17,4831,4499,36,3,10,100.0
S015,2024-06-24,4845,4445,45,1,7,99.883
S015,2024-07-01,4859,4542,66,3,11,99.887
S015,2024-07-08,4873,4583,40,0,19,99.919
S015,2024-07-15,4886,4628,29,1,31,99.898
S015,2024-07-22,4900,4508,80,1,19,99.985
S015,2024-07-29,4914,4600,37,0,11,99.864
S015,2024-08-05,4928,4549,45,1,21,99.953
S015,2024-08-12,4941,4604,45,0,18,99.908
S015,2024-08-19,4955,4636,29,1,14,99.909
S015,2024-08-26,4969,4644,44,1,15,99.923
S015,2024-09-02,4982,4610,29,0,29,99.893
S015,2024-09-09,4996,4646,55,1,20,99.953
S015,2024-09-16,5010,4643,47,1,14,99.877
S015,2024-09-23,5024,4675,59,0,13,99.888
S015,2024-09-30,5037,4670,47,3,16,99.893
S015,2024-10-07,5051,4666,65,2,12,99.935
S015,2024-10-14,5065,4657,57,1,19,99.886
S015,2024-10-21,5079,4779,125,2,27,99.894
S015,2024-10-28,5092,4680,53,1,17,99.912
S015,2024-11-04,5106,4778,37,2,22,99.905
S015,2024-11-11,5120,4767,42,1,15,99.921
S015,2024-11-18,5134,4747,45,2,26,99.977
S015,2024-11-25,5147,4882,68,2,18,99.959
S015,2024-12-02,5161,4847,49,2,20,99.91
S015,2024-12-09,5175,4830,53,2,18,99.881
S015,2024-12-16,5188,4816,47,0,17,99.904
S015,2024-12-23,5202,4881,34,2,18,99.943
S015,2024-12-30,5216,4787,60,0,20,99.84
S015,2025-01-06,5230,4853,62,0,27,99.887
S015,2025-01-13,5243,4931,36,0,7,99.895
S015,2025-01-20,5257,4861,29,2,11,99.83
S015,2025-01-27,5271,4862,34,0,14,99.865
S015,2025-02-03,5285,4885,51,0,18,99.929
S015,2025-02-10,5298,4999,49,0,20,99.9
S015,2025-02-17,5312,4936,60,1,8,99.953
S015,2025-02-24,5326,4951,34,0,26,99.838
S015,2025-03-03,5339,4816,66,1,21,99.914
S015,2025-03-10,5353,5083,30,0,18,99.867
S015,2025-03-17,5367,4991,34,0,15,99.927
S015,2025-03-24,5381,5008,110,0,23,99.88
S015,2025-03-31,5394,5053,53,1,18,99.868
S015,2025-04-07,5408,5024,66,2,25,99.941
S015,2025-04-14,5422,5102,62,0,31,99.946
S015,2025-04-21,5436,5074,56,1,30,99.988
S015,2025-04-28,5449,5085,32,2,13,99.897
S015,2025-05-05,5463,5167,55,0,17,99.987
S015,2025-05-12,5477,5007,80,0,18,99.999
S015,2025-05-19,5490,5147,53,0,26,99.915
S015,2025-05-26,5504,5086,53,5,17,99.936
S015,2025-06-02,5518,5197,38,0,12,99.863
S015,2025-06-09,5532,5187,65,0,19,99.954
S015,2025-06-16,5545,5155,39,0,15,99.916
S015,2025-06-23,5559,5043,26,1,15,99.982
S015,2025-06-30,5573,5141,74,0,17,99.98
S015,2025-07-07,5587,5284,37,0,19,99.961
S015,2025-07-14,5600,5367,44,2,17,100.0
S015,2025-07-21,5614,5190,74,3,27,99.927
S015,2025-07-28,5628,5218,31,2,33,100.0
S015,2025-08-04,5642,5263,43,0,17,99.984
S015,2025-08-11,5655,5299,72,0,23,99.947
S015,2025-08-18,5669,5304,71,1,16,99.938
S015,2025-08-25,5683,5279,58,0,14,99.9
S015,2025-09-01,5696,5338,53,1,21,99.867
S015,2025-09-08,5710,5401,79,2,18,99.936
S015,2025-09-15,5724,5422,43,0,20,99.94
S015,2025-09-22,5738,5464,59,0,17,99.883
S015,2025-09-29,5751,5257,38,0,17,99.952
S015,2025-10-06,5765,5443,68,2,15,99.811
S015,2025-10-13,5779,5422,47,0,18,99.936
S015,2025-10-20,5793,5400,60,1,14,99.823
S015,2025-10-27,5806,5448,63,0,16,99.92
S015,2025-11-03,5820,5494,89,1,18,99.927
S015,2025-11-10,5834,5575,87,3,12,99.947
S015,2025-11-17,5847,5491,67,0,14,99.842
S015,2025-11-24,5861,5501,48,1,20,100.0
S015,2025-12-01,5875,5490,42,1,11,99.942
S015,2025-12-08,5889,5557,50,1,26,99.874
S015,2025-12-15,5902,5517,69,1,19,99.92
S015,2025-12-22,5916,5574,34,2,16,99.995
S015,2025-12-29,5930,5404,68,0,21,99.946
S015,2026-01-05,5944,5635,66,1,14,99.894
S015,2026-01-12,5957,5672,42,4,23,99.916
S015,2026-01-19,5971,5637,107,2,14,99.84
S015,2026-01-26,5985,5578,94,2,21,99.89
S015,2026-02-02,5998,5642,55,1,19,99.929
S015,2026-02-09,6012,5642,62,3,11,99.863
S015,2026-02-16,6026,5764,72,2,15,99.841
S015,2026-02-23,6040,5756,69,1,15,99.891
S015,2026-03-02,6053,5667,56,1,18,99.926
S015,2026-03-09,6067,5703,59,1,29,99.953
S015,2026-03-16,6081,5704,64,0,20,99.813
S015,2026-03-23,6095,5712,59,1,15,100.0
S015,2026-03-30,6108,5711,45,0,34,99.959
S015,2026-04-06,6122,5788,54,1,16,99.895
S015,2026-04-13,6136,5750,73,1,27,99.873
S015,2026-04-20,6149,5831,77,1,31,99.895
S015,2026-04-27,6163,5867,44,1,26,99.912
S015,2026-05-04,6177,5763,51,3,13,99.864
S015,2026-05-11,6191,5678,82,1,19,99.855
S015,2026-05-18,6204,5737,75,1,26,99.968
S015,2026-05-25,6218,5942,48,1,26,99.842
S015,2026-06-01,6232,5891,46,0,24,99.996
S015,2026-06-08,6246,5957,100,4,17,99.927
S015,2026-06-15,6259,6006,63,0,23,99.885
S015,2026-06-22,6273,5899,61,0,20,99.979
S015,2026-06-29,6287,5902,98,2,32,99.909
S015,2026-07-06,6301,5899,36,1,20,99.974
S015,2026-07-13,6314,5869,58,2,24,99.89
S015,2026-07-20,6328,5944,54,1,25,99.826
S015,2026-07-27,6342,5947,48,0,14,99.92
S015,2026-08-03,6355,5878,113,0,27,99.92
S015,2026-08-10,6369,5984,44,0,21,99.891
S015,2026-08-17,6383,6108,52,0,15,99.792
S015,2026-08-24,6397,6065,28,2,21,99.928
S015,2026-08-31,6410,6076,62,1,34,99.886
S015,2026-09-07,6424,6114,56,1,39,99.924
S015,2026-09-14,6438,6212,82,2,26,99.895
S015,2026-09-21,6452,6178,57,1,18,99.837
S015,2026-09-28,6465,6084,59,1,34,99.973
S016,2023-07-03,4707,4232,21,2,10,100.0
S016,2023-07-10,4723,4212,31,3,10,100.0
S016,2023-07-17,4739,4293,20,0,10,99.934
S016,2023-07-24,4754,4274,19,1,20,99.906
S016,2023-07-31,4770,4414,22,4,6,99.905
S016,2023-08-07,4786,4414,11,1,9,99.887
S016,2023-08-14,4802,4320,13,3,11,99.882
S016,2023-08-21,4817,4382,19,0,10,99.94
S016,2023-08-28,4833,4321,24,1,8,99.974
S016,2023-09-04,4849,4384,25,3,8,99.952
S016,2023-09-11,4865,4410,28,2,12,99.954
S016,2023-09-18,4880,4474,25,0,8,99.921
S016,2023-09-25,4896,4475,29,3,12,99.917
S016,2023-10-02,4912,4422,12,3,10,99.907
S016,2023-10-09,4928,4541,18,4,14,99.89
S016,2023-10-16,4943,4513,21,4,7,99.945
S016,2023-10-23,4959,4464,24,3,14,99.876
S016,2023-10-30,4975,4468,35,4,12,99.881
S016,2023-11-06,4991,4483,28,2,8,99.879
S016,2023-11-13,5006,4512,44,3,8,99.906
S016,2023-11-20,5022,4583,23,3,8,99.857
S016,2023-11-27,5038,4566,30,2,10,99.97
S016,2023-12-04,5054,4561,23,2,11,99.89
S016,2023-12-11,5069,4587,25,2,8,99.868
S016,2023-12-18,5085,4736,31,3,7,99.837
S016,2023-12-25,5101,4559,26,3,11,99.929
S016,2024-01-01,5117,4670,23,5,9,99.838
S016,2024-01-08,5132,4700,29,6,6,99.903
S016,2024-01-15,5148,4764,27,3,10,99.864
S016,2024-01-22,5164,4707,25,3,18,99.989
S016,2024-01-29,5180,4730,17,3,17,99.853
S016,2024-02-05,5195,4750,40,2,11,99.98
S016,2024-02-12,5211,4684,39,7,11,99.922
S016,2024-02-19,5227,4797,30,4,8,99.974
S016,2024-02-26,5243,4850,20,1,11,99.892
S016,2024-03-04,5258,4776,39,5,8,99.891
S016,2024-03-11,5274,4816,19,2,11,99.844
S016,2024-03-18,5290,4767,29,1,8,99.862
S016,2024-03-25,5306,4768,44,5,11,99.868
S016,2024-04-01,5321,4939,25,2,11,99.924
S016,2024-04-08,5337,4841,28,5,9,99.887
S016,2024-04-15,5353,4886,14,1,11,99.905
S016,2024-04-22,5369,4939,28,2,15,99.862
S016,2024-04-29,5384,4983,17,3,14,99.906
S016,2024-05-06,5400,4899,25,3,13,99.975
S016,2024-05-13,5416,4907,39,2,6,99.862
S016,2024-05-20,5432,4875,16,1,6,99.883
S016,2024-05-27,5447,5041,33,6,8,99.863
S016,2024-06-03,5463,5036,27,3,11,99.86
S016,2024-06-10,5479,5052,17,3,15,99.978
S016,2024-06-17,5495,5028,26,5,7,99.868
S016,2024-06-24,5510,5075,25,3,18,99.877
S016,2024-07-01,5526,5168,33,4,9,99.903
S016,2024-07-08,5542,5057,25,4,17,99.949
S016,2024-07-15,5558,5024,46,3,13,99.912
S016,2024-07-22,5573,5049,24,2,10,99.997
S016,2024-07-29,5589,5104,33,3,10,99.936
S016,2024-08-05,5605,5135,24,2,7,100.0
S016,2024-08-12,5621,5148,32,5,9,99.925
S016,2024-08-19,5636,5192,19,2,11,99.986
S016,2024-08-26,5652,5251,36,6,13,99.916
S016,2024-09-02,5668,5151,34,6,8,99.951
S016,2024-09-09,5684,5158,35,3,15,99.972
S016,2024-09-16,5699,5159,42,0,12,99.958
S016,2024-09-23,5715,5162,31,4,19,99.952
S016,2024-09-30,5731,5151,28,4,12,99.835
S016,2024-10-07,5747,5269,24,2,6,100.0
S016,2024-10-14,5762,5342,23,4,11,99.878
S016,2024-10-21,5778,5251,36,3,12,99.919
S016,2024-10-28,5794,5339,34,3,13,99.832
S016,2024-11-04,5810,5419,15,2,12,99.804
S016,2024-11-11,5825,5309,42,0,10,99.954
S016,2024-11-18,5841,5331,41,6,10,99.862
S016,2024-11-25,5857,5376,43,5,7,99.954
S016,2024-12-02,5873,5420,24,6,11,99.999
S016,2024-12-09,5888,5470,32,3,22,99.889
S016,2024-12-16,5904,5550,24,0,9,99.957
S016,2024-12-23,5920,5417,23,2,15,99.912
S016,2024-12-30,5936,5439,30,4,17,99.921
S016,2025-01-06,5951,5530,44,3,13,99.945
S016,2025-01-13,5967,5443,39,6,14,99.793
S016,2025-01-20,5983,5618,30,5,16,99.966
S016,2025-01-27,5999,5512,43,2,12,99.906
S016,2025-02-03,6014,5502,40,5,17,100.0
S016,2025-02-10,6030,5642,40,2,12,99.883
S016,2025-02-17,6046,5687,24,1,19,99.873
S016,2025-02-24,6062,5653,26,3,11,99.938
S016,2025-03-03,6077,5568,32,3,7,99.855
S016,2025-03-10,6093,5620,49,8,13,99.976
S016,2025-03-17,6109,5712,27,3,12,99.908
S016,2025-03-24,6125,5575,44,3,11,99.904
S016,2025-03-31,6140,5610,27,7,10,99.917
S016,2025-04-07,6156,5613,33,4,14,99.906
S016,2025-04-14,6172,5649,25,2,7,99.927
S016,2025-04-21,6188,5598,26,0,12,99.842
S016,2025-04-28,6203,5674,26,4,9,99.973
S016,2025-05-05,6219,5811,39,2,9,99.922
S016,2025-05-12,6235,5854,47,6,23,99.898
S016,2025-05-19,6251,5775,25,0,13,99.949
S016,2025-05-26,6266,5733,18,5,10,99.946
S016,2025-06-02,6282,5756,30,1,12,99.994
S016,2025-06-09,6298,5766,25,1,12,100.0
S016,2025-06-16,6314,5852,39,2,9,99.992
S016,2025-06-23,6329,5818,32,1,17,99.981
S016,2025-06-30,6345,5830,25,2,13,99.899
S016,2025-07-07,6361,5901,45,1,11,99.917
S016,2025-07-14,6377,5858,35,1,10,99.783
S016,2025-07-21,6392,5906,35,3,8,99.872
S016,2025-07-28,6408,5974,45,2,9,99.975
S016,2025-08-04,6424,5886,43,2,15,99.958
S016,2025-08-11,6440,6002,31,1,11,100.0
S016,2025-08-18,6455,6005,23,2,9,99.964
S016,2025-08-25,6471,5893,22,2,17,99.918
S016,2025-09-01,6487,6145,21,1,11,99.909
S016,2025-09-08,6503,6100,21,10,15,99.961
S016,2025-09-15,6518,6053,41,2,14,99.931
S016,2025-09-22,6534,6159,21,2,16,99.901
S016,2025-09-29,6550,5994,28,4,9,99.893
S016,2025-10-06,6566,6082,32,2,14,99.972
S016,2025-10-13,6581,6030,29,7,14,99.926
S016,2025-10-20,6597,6072,20,4,7,99.865
S016,2025-10-27,6613,6037,38,3,18,99.942
S016,2025-11-03,6629,6245,13,3,16,99.898
S016,2025-11-10,6644,6109,33,3,17,99.881
S016,2025-11-17,6660,6265,35,4,11,99.998
S016,2025-11-24,6676,6093,51,0,14,99.971
S016,2025-12-01,6692,6269,36,4,13,99.989
S016,2025-12-08,6707,6208,28,0,16,99.939
S016,2025-12-15,6723,6260,41,2,22,99.815
S016,2025-12-22,6739,6094,55,3,10,99.969
S016,2025-12-29,6755,6238,29,1,14,100.0
S016,2026-01-05,6770,6301,29,3,12,99.91
S016,2026-01-12,6786,6376,46,1,12,99.953
S016,2026-01-19,6802,6366,70,2,17,100.0
S016,2026-01-26,6818,6354,40,2,16,99.836
S016,2026-02-02,6833,6342,45,6,8,99.942
S016,2026-02-09,6849,6331,37,2,21,99.877
S016,2026-02-16,6865,6325,24,3,11,99.924
S016,2026-02-23,6881,6388,31,3,13,99.891
S016,2026-03-02,6896,6346,21,1,14,99.894
S016,2026-03-09,6912,6423,33,3,12,99.944
S016,2026-03-16,6928,6332,22,0,9,99.898
S016,2026-03-23,6944,6501,38,8,16,99.982
S016,2026-03-30,6959,6582,23,3,8,99.894
S016,2026-04-06,6975,6492,31,3,21,99.943
S016,2026-04-13,6991,6487,25,2,10,99.914
S016,2026-04-20,7007,6592,76,3,10,99.959
S016,2026-04-27,7022,6551,42,5,14,99.964
S016,2026-05-04,7038,6576,24,2,12,99.952
S016,2026-05-11,7054,6600,61,4,12,99.917
S016,2026-05-18,7070,6568,29,5,22,99.893
S016,2026-05-25,7085,6684,35,7,12,99.963
S016,2026-06-01,7101,6641,29,3,8,99.903
S016,2026-06-08,7117,6664,34,4,13,99.916
S016,2026-06-15,7133,6654,66,0,16,99.936
S016,2026-06-22,7148,6615,40,10,18,99.988
S016,2026-06-29,7164,6692,33,2,16,99.904
S016,2026-07-06,7180,6719,28,3,15,99.833
S016,2026-07-13,7196,6728,41,1,13,99.957
S016,2026-07-20,7211,6624,47,6,14,99.869
S016,2026-07-27,7227,6761,24,2,9,99.941
S016,2026-08-03,7243,6786,29,3,14,99.878
S016,2026-08-10,7259,6725,44,2,15,99.923
S016,2026-08-17,7274,6850,56,2,16,99.852
S016,2026-08-24,7290,6887,47,4,14,99.927
S016,2026-08-31,7306,6929,27,1,17,99.972
S016,2026-09-07,7322,6908,30,2,11,99.934
S016,2026-09-14,7337,6802,20,5,21,99.932
S016,2026-09-21,7353,6839,24,3,14,100.0
S016,2026-09-28,7369,6847,54,3,23,99.832
