site_id,month,channel,new_customers_target,net_revenue_target_eur
S001,2023-07-01,organic,1883,213663.0
S001,2023-08-01,organic,1901,600386.0
S001,2023-09-01,organic,2515,877710.0
S001,2023-10-01,organic,2492,939914.0
S001,2023-11-01,organic,3048,1108406.0
S001,2023-12-01,organic,3920,1425512.0
S001,2024-01-01,organic,3066,1293746.0
S001,2024-02-01,organic,3039,1466490.0
S001,2024-03-01,organic,3950,1444870.0
S001,2024-04-01,organic,3803,1604488.0
S001,2024-05-01,organic,2946,1452090.0
S001,2024-06-01,organic,3783,1401433.0
S001,2024-07-01,organic,2420,282110.0
S001,2024-08-01,organic,2613,817098.0
S001,2024-09-01,organic,3251,1129386.0
S001,2024-10-01,organic,3279,1246364.0
S001,2024-11-01,organic,4037,1538706.0
S001,2024-12-01,organic,5080,1884776.0
S001,2025-01-01,organic,4829,2012265.0
S001,2025-02-01,organic,4224,2006015.0
S001,2025-03-01,organic,5007,1810429.0
S001,2025-04-01,organic,5357,2169868.0
S001,2025-05-01,organic,4349,2107703.0
S001,2025-06-01,organic,5160,2012614.0
S001,2025-07-01,organic,4228,1984508.0
S001,2025-08-01,organic,4535,1900698.0
S001,2025-09-01,organic,4803,1703216.0
S001,2025-10-01,organic,5422,2074115.0
S001,2025-11-01,organic,5630,2461906.0
S001,2025-12-01,organic,5439,2378215.0
S001,2026-01-01,organic,5429,2276310.0
S001,2026-02-01,organic,4371,1966396.0
S001,2026-03-01,organic,5787,2185989.0
S001,2026-04-01,organic,6189,2176309.0
S001,2026-05-01,organic,5478,2459048.0
S001,2026-06-01,organic,5423,2157607.0
S001,2026-07-01,organic,5261,2231196.0
S001,2026-08-01,organic,4961,2205783.0
S001,2026-09-01,organic,6651,2381278.0
S001,2026-10-01,organic,8662,2771916.0
S001,2026-11-01,organic,9404,3450577.0
S001,2026-12-01,organic,9378,3845067.0
S001,2023-07-01,direct,2360,299906.0
S001,2023-08-01,direct,2177,774765.0
S001,2023-09-01,direct,2882,1079723.0
S001,2023-10-01,direct,3438,1216355.0
S001,2023-11-01,direct,3787,1388034.0
S001,2023-12-01,direct,3081,1367062.0
S001,2024-01-01,direct,3538,1568199.0
S001,2024-02-01,direct,3319,1200293.0
S001,2024-03-01,direct,3290,1396676.0
S001,2024-04-01,direct,3970,1674376.0
S001,2024-05-01,direct,3555,1666363.0
S001,2024-06-01,direct,3609,1662155.0
S001,2024-07-01,direct,3427,422528.0
S001,2024-08-01,direct,3265,1123121.0
S001,2024-09-01,direct,3965,1478450.0
S001,2024-10-01,direct,4848,1675831.0
S001,2024-11-01,direct,5775,2126937.0
S001,2024-12-01,direct,5019,2113542.0
S001,2025-01-01,direct,3935,1744311.0
S001,2025-02-01,direct,4647,1701368.0
S001,2025-03-01,direct,4091,1724864.0
S001,2025-04-01,direct,4634,1926083.0
S001,2025-05-01,direct,4259,1962094.0
S001,2025-06-01,direct,4107,1892482.0
S001,2025-07-01,direct,3352,1622802.0
S001,2025-08-01,direct,3863,1654188.0
S001,2025-09-01,direct,4819,1616666.0
S001,2025-10-01,direct,5087,2100404.0
S001,2025-11-01,direct,5825,2355523.0
S001,2025-12-01,direct,4742,2151522.0
S001,2026-01-01,direct,4943,2315781.0
S001,2026-02-01,direct,4157,1726206.0
S001,2026-03-01,direct,8372,2464718.0
S001,2026-04-01,direct,6836,3006854.0
S001,2026-05-01,direct,6539,2883473.0
S001,2026-06-01,direct,7470,2862285.0
S001,2026-07-01,direct,6592,2972801.0
S001,2026-08-01,direct,6856,2994212.0
S001,2026-09-01,direct,8328,3241135.0
S001,2026-10-01,direct,8595,3514324.0
S001,2026-11-01,direct,7222,3081453.0
S001,2026-12-01,direct,7355,3472729.0
S001,2023-07-01,paid,634,81000.0
S001,2023-08-01,paid,530,174887.0
S001,2023-09-01,paid,612,252015.0
S001,2023-10-01,paid,761,265955.0
S001,2023-11-01,paid,689,300990.0
S001,2023-12-01,paid,688,278691.0
S001,2024-01-01,paid,762,301403.0
S001,2024-02-01,paid,586,293532.0
S001,2024-03-01,paid,826,299696.0
S001,2024-04-01,paid,687,309146.0
S001,2024-05-01,paid,854,312063.0
S001,2024-06-01,paid,942,330153.0
S001,2024-07-01,paid,818,105552.0
S001,2024-08-01,paid,783,256067.0
S001,2024-09-01,paid,804,339483.0
S001,2024-10-01,paid,989,350242.0
S001,2024-11-01,paid,918,399442.0
S001,2024-12-01,paid,1008,397211.0
S001,2025-01-01,paid,923,372275.0
S001,2025-02-01,paid,660,348534.0
S001,2025-03-01,paid,935,341112.0
S001,2025-04-01,paid,802,367381.0
S001,2025-05-01,paid,928,347119.0
S001,2025-06-01,paid,1135,404227.0
S001,2025-07-01,paid,1294,472070.0
S001,2025-08-01,paid,1212,512077.0
S001,2025-09-01,paid,1222,512242.0
S001,2025-10-01,paid,1292,520239.0
S001,2025-11-01,paid,1268,535081.0
S001,2025-12-01,paid,1224,546373.0
S001,2026-01-01,paid,1260,588205.0
S001,2026-02-01,paid,950,498731.0
S001,2026-03-01,paid,1316,495659.0
S001,2026-04-01,paid,1390,519539.0
S001,2026-05-01,paid,1649,643667.0
S001,2026-06-01,paid,1383,655823.0
S001,2026-07-01,paid,1113,586148.0
S001,2026-08-01,paid,1167,498777.0
S001,2026-09-01,paid,1117,464563.0
S001,2026-10-01,paid,1334,512253.0
S001,2026-11-01,paid,1231,494076.0
S001,2026-12-01,paid,1303,576018.0
S001,2023-07-01,referral,1722,215083.0
S001,2023-08-01,referral,1760,535351.0
S001,2023-09-01,referral,2078,859318.0
S001,2023-10-01,referral,1852,839316.0
S001,2023-11-01,referral,1842,802684.0
S001,2023-12-01,referral,2309,764071.0
S001,2024-01-01,referral,1909,942549.0
S001,2024-02-01,referral,2231,871802.0
S001,2024-03-01,referral,2262,909302.0
S001,2024-04-01,referral,1850,771733.0
S001,2024-05-01,referral,1902,775996.0
S001,2024-06-01,referral,2264,833255.0
S001,2024-07-01,referral,2354,287856.0
S001,2024-08-01,referral,2465,763161.0
S001,2024-09-01,referral,2643,1041676.0
S001,2024-10-01,referral,2222,1008167.0
S001,2024-11-01,referral,2309,1008186.0
S001,2024-12-01,referral,3186,1087488.0
S001,2025-01-01,referral,2201,1102990.0
S001,2025-02-01,referral,2594,979167.0
S001,2025-03-01,referral,2513,1017088.0
S001,2025-04-01,referral,2349,971499.0
S001,2025-05-01,referral,2330,992079.0
S001,2025-06-01,referral,2568,901469.0
S001,2025-07-01,referral,2186,1084767.0
S001,2025-08-01,referral,1876,837132.0
S001,2025-09-01,referral,2082,851411.0
S001,2025-10-01,referral,2216,870077.0
S001,2025-11-01,referral,2746,965433.0
S001,2025-12-01,referral,2920,1049234.0
S001,2026-01-01,referral,3261,1255573.0
S001,2026-02-01,referral,3386,1319956.0
S001,2026-03-01,referral,3709,1434047.0
S001,2026-04-01,referral,2892,1500098.0
S001,2026-05-01,referral,3357,1432392.0
S001,2026-06-01,referral,3091,1355367.0
S001,2026-07-01,referral,2674,1350142.0
S001,2026-08-01,referral,2614,1046409.0
S001,2026-09-01,referral,2785,1087310.0
S001,2026-10-01,referral,3104,1222622.0
S001,2026-11-01,referral,2829,1233394.0
S001,2026-12-01,referral,3825,1399651.0
S001,2023-07-01,social,151,18406.0
S001,2023-08-01,social,153,50711.0
S001,2023-09-01,social,262,77510.0
S001,2023-10-01,social,362,112576.0
S001,2023-11-01,social,248,126597.0
S001,2023-12-01,social,215,104959.0
S001,2024-01-01,social,181,85061.0
S001,2024-02-01,social,142,68140.0
S001,2024-03-01,social,189,74323.0
S001,2024-04-01,social,198,81475.0
S001,2024-05-01,social,249,92210.0
S001,2024-06-01,social,192,80566.0
S001,2024-07-01,social,180,22359.0
S001,2024-08-01,social,176,59463.0
S001,2024-09-01,social,296,83993.0
S001,2024-10-01,social,409,132860.0
S001,2024-11-01,social,296,152803.0
S001,2024-12-01,social,267,130488.0
S001,2025-01-01,social,236,107948.0
S001,2025-02-01,social,196,96828.0
S001,2025-03-01,social,219,83978.0
S001,2025-04-01,social,233,96617.0
S001,2025-05-01,social,296,109222.0
S001,2025-06-01,social,247,103702.0
S001,2025-07-01,social,234,105720.0
S001,2025-08-01,social,200,92007.0
S001,2025-09-01,social,299,96845.0
S001,2025-10-01,social,379,119649.0
S001,2025-11-01,social,370,155388.0
S001,2025-12-01,social,325,157865.0
S001,2026-01-01,social,346,150320.0
S001,2026-02-01,social,293,128819.0
S001,2026-03-01,social,271,131701.0
S001,2026-04-01,social,383,133326.0
S001,2026-05-01,social,387,153241.0
S001,2026-06-01,social,301,139297.0
S001,2026-07-01,social,267,124455.0
S001,2026-08-01,social,296,125917.0
S001,2026-09-01,social,309,123291.0
S001,2026-10-01,social,312,125040.0
S001,2026-11-01,social,286,122927.0
S001,2026-12-01,social,329,131902.0
S002,2023-07-01,organic,1647,208902.0
S002,2023-08-01,organic,1909,627203.0
S002,2023-09-01,organic,2286,818039.0
S002,2023-10-01,organic,2199,900882.0
S002,2023-11-01,organic,2209,969265.0
S002,2023-12-01,organic,2023,911096.0
S002,2024-01-01,organic,2230,973994.0
S002,2024-02-01,organic,2280,1015023.0
S002,2024-03-01,organic,2954,1126056.0
S002,2024-04-01,organic,3356,1273522.0
S002,2024-05-01,organic,3171,1367309.0
S002,2024-06-01,organic,3108,1472330.0
S002,2024-07-01,organic,1971,250290.0
S002,2024-08-01,organic,2259,737956.0
S002,2024-09-01,organic,2615,920081.0
S002,2024-10-01,organic,2916,1161527.0
S002,2024-11-01,organic,2849,1252612.0
S002,2024-12-01,organic,2761,1187164.0
S002,2025-01-01,organic,2978,1333297.0
S002,2025-02-01,organic,2790,1193106.0
S002,2025-03-01,organic,3828,1392580.0
S002,2025-04-01,organic,4298,1707260.0
S002,2025-05-01,organic,4257,1848183.0
S002,2025-06-01,organic,3730,1815790.0
S002,2025-07-01,organic,3623,1886922.0
S002,2025-08-01,organic,3661,1649390.0
S002,2025-09-01,organic,3754,1529639.0
S002,2025-10-01,organic,3937,1707765.0
S002,2025-11-01,organic,4426,1790300.0
S002,2025-12-01,organic,3762,1884091.0
S002,2026-01-01,organic,3390,1639599.0
S002,2026-02-01,organic,3066,1332143.0
S002,2026-03-01,organic,4359,1557452.0
S002,2026-04-01,organic,4541,1848448.0
S002,2026-05-01,organic,4693,2250748.0
S002,2026-06-01,organic,4877,2066900.0
S002,2026-07-01,organic,4063,1942220.0
S002,2026-08-01,organic,4752,2031287.0
S002,2026-09-01,organic,6031,2134962.0
S002,2026-10-01,organic,5983,2653796.0
S002,2026-11-01,organic,6203,2812425.0
S002,2026-12-01,organic,5650,2560536.0
S002,2023-07-01,direct,1563,192491.0
S002,2023-08-01,direct,2035,612221.0
S002,2023-09-01,direct,2144,901930.0
S002,2023-10-01,direct,1928,826139.0
S002,2023-11-01,direct,1934,932808.0
S002,2023-12-01,direct,1611,854564.0
S002,2024-01-01,direct,1801,812053.0
S002,2024-02-01,direct,1440,651539.0
S002,2024-03-01,direct,1746,788155.0
S002,2024-04-01,direct,1657,659190.0
S002,2024-05-01,direct,1750,816875.0
S002,2024-06-01,direct,1859,771620.0
S002,2024-07-01,direct,1825,224752.0
S002,2024-08-01,direct,2194,629442.0
S002,2024-09-01,direct,2470,1043828.0
S002,2024-10-01,direct,2281,961938.0
S002,2024-11-01,direct,2144,1023659.0
S002,2024-12-01,direct,1969,1019826.0
S002,2025-01-01,direct,2340,1037075.0
S002,2025-02-01,direct,2177,965443.0
S002,2025-03-01,direct,2515,1101942.0
S002,2025-04-01,direct,2705,1055514.0
S002,2025-05-01,direct,2483,1159738.0
S002,2025-06-01,direct,2694,1141819.0
S002,2025-07-01,direct,2303,1121458.0
S002,2025-08-01,direct,3682,1326237.0
S002,2025-09-01,direct,3376,1516194.0
S002,2025-10-01,direct,3161,1395143.0
S002,2025-11-01,direct,3130,1292415.0
S002,2025-12-01,direct,3464,1542210.0
S002,2026-01-01,direct,2957,1382437.0
S002,2026-02-01,direct,3301,1234903.0
S002,2026-03-01,direct,4576,1636567.0
S002,2026-04-01,direct,4471,1867507.0
S002,2026-05-01,direct,4426,2114515.0
S002,2026-06-01,direct,4900,2073236.0
S002,2026-07-01,direct,4089,2027490.0
S002,2026-08-01,direct,3509,1925657.0
S002,2026-09-01,direct,4228,1512142.0
S002,2026-10-01,direct,4359,1794117.0
S002,2026-11-01,direct,4523,1872370.0
S002,2026-12-01,direct,4762,1901083.0
S002,2023-07-01,paid,727,93031.0
S002,2023-08-01,paid,843,305812.0
S002,2023-09-01,paid,938,385773.0
S002,2023-10-01,paid,1097,388937.0
S002,2023-11-01,paid,1285,441845.0
S002,2023-12-01,paid,1288,513862.0
S002,2024-01-01,paid,1270,613967.0
S002,2024-02-01,paid,993,500561.0
S002,2024-03-01,paid,1174,467501.0
S002,2024-04-01,paid,1420,505486.0
S002,2024-05-01,paid,1280,640448.0
S002,2024-06-01,paid,1465,605883.0
S002,2024-07-01,paid,957,117595.0
S002,2024-08-01,paid,1006,361129.0
S002,2024-09-01,paid,1197,513201.0
S002,2024-10-01,paid,1431,512437.0
S002,2024-11-01,paid,1597,571217.0
S002,2024-12-01,paid,1776,700346.0
S002,2025-01-01,paid,1485,703286.0
S002,2025-02-01,paid,1181,599329.0
S002,2025-03-01,paid,1434,566113.0
S002,2025-04-01,paid,1756,625201.0
S002,2025-05-01,paid,1402,701615.0
S002,2025-06-01,paid,1868,746115.0
S002,2025-07-01,paid,1670,709706.0
S002,2025-08-01,paid,1768,744752.0
S002,2025-09-01,paid,2048,740395.0
S002,2025-10-01,paid,1986,849286.0
S002,2025-11-01,paid,1581,873963.0
S002,2025-12-01,paid,1469,749149.0
S002,2026-01-01,paid,1575,714582.0
S002,2026-02-01,paid,1748,701611.0
S002,2026-03-01,paid,1747,790144.0
S002,2026-04-01,paid,1875,759158.0
S002,2026-05-01,paid,1815,836827.0
S002,2026-06-01,paid,1458,737173.0
S002,2026-07-01,paid,1418,706451.0
S002,2026-08-01,paid,1484,588746.0
S002,2026-09-01,paid,1882,648299.0
S002,2026-10-01,paid,1859,785863.0
S002,2026-11-01,paid,1806,848082.0
S002,2026-12-01,paid,1909,878358.0
S002,2023-07-01,referral,1129,157522.0
S002,2023-08-01,referral,1120,389155.0
S002,2023-09-01,referral,1207,467111.0
S002,2023-10-01,referral,1316,468357.0
S002,2023-11-01,referral,1107,528640.0
S002,2023-12-01,referral,1515,616991.0
S002,2024-01-01,referral,1578,670599.0
S002,2024-02-01,referral,1298,633660.0
S002,2024-03-01,referral,1171,547269.0
S002,2024-04-01,referral,1132,495279.0
S002,2024-05-01,referral,1077,497736.0
S002,2024-06-01,referral,1353,547463.0
S002,2024-07-01,referral,1720,238561.0
S002,2024-08-01,referral,1595,578043.0
S002,2024-09-01,referral,1812,687310.0
S002,2024-10-01,referral,2181,774214.0
S002,2024-11-01,referral,1791,838947.0
S002,2024-12-01,referral,2045,795279.0
S002,2025-01-01,referral,1990,863428.0
S002,2025-02-01,referral,1598,772555.0
S002,2025-03-01,referral,1510,696699.0
S002,2025-04-01,referral,1520,651900.0
S002,2025-05-01,referral,1418,641081.0
S002,2025-06-01,referral,1577,663094.0
S002,2025-07-01,referral,1532,715914.0
S002,2025-08-01,referral,1575,710426.0
S002,2025-09-01,referral,1495,693992.0
S002,2025-10-01,referral,1891,679408.0
S002,2025-11-01,referral,1737,790361.0
S002,2025-12-01,referral,1542,698041.0
S002,2026-01-01,referral,1784,781946.0
S002,2026-02-01,referral,1547,659297.0
S002,2026-03-01,referral,1778,801424.0
S002,2026-04-01,referral,1738,827651.0
S002,2026-05-01,referral,1712,744051.0
S002,2026-06-01,referral,1718,702014.0
S002,2026-07-01,referral,1640,803109.0
S002,2026-08-01,referral,1771,733922.0
S002,2026-09-01,referral,2045,791673.0
S002,2026-10-01,referral,2905,1026770.0
S002,2026-11-01,referral,2359,1200533.0
S002,2026-12-01,referral,1989,1013803.0
S002,2023-07-01,social,104,12496.0
S002,2023-08-01,social,110,36792.0
S002,2023-09-01,social,125,47046.0
S002,2023-10-01,social,153,55341.0
S002,2023-11-01,social,124,56211.0
S002,2023-12-01,social,152,62737.0
S002,2024-01-01,social,110,64951.0
S002,2024-02-01,social,104,43272.0
S002,2024-03-01,social,95,48945.0
S002,2024-04-01,social,127,42823.0
S002,2024-05-01,social,80,47484.0
S002,2024-06-01,social,123,43748.0
S002,2024-07-01,social,145,17166.0
S002,2024-08-01,social,138,46795.0
S002,2024-09-01,social,158,57096.0
S002,2024-10-01,social,214,73532.0
S002,2024-11-01,social,187,85347.0
S002,2024-12-01,social,206,82078.0
S002,2025-01-01,social,122,71759.0
S002,2025-02-01,social,134,58464.0
S002,2025-03-01,social,107,53704.0
S002,2025-04-01,social,161,54474.0
S002,2025-05-01,social,104,61747.0
S002,2025-06-01,social,151,55022.0
S002,2025-07-01,social,169,64337.0
S002,2025-08-01,social,155,71383.0
S002,2025-09-01,social,170,68222.0
S002,2025-10-01,social,187,82559.0
S002,2025-11-01,social,165,75126.0
S002,2025-12-01,social,189,75524.0
S002,2026-01-01,social,179,90618.0
S002,2026-02-01,social,177,78953.0
S002,2026-03-01,social,210,84379.0
S002,2026-04-01,social,164,82009.0
S002,2026-05-01,social,256,84250.0
S002,2026-06-01,social,221,101352.0
S002,2026-07-01,social,174,96704.0
S002,2026-08-01,social,162,73630.0
S002,2026-09-01,social,181,71369.0
S002,2026-10-01,social,241,92279.0
S002,2026-11-01,social,224,97758.0
S002,2026-12-01,social,192,103061.0
S003,2023-07-01,organic,1091,141052.0
S003,2023-08-01,organic,1012,357793.0
S003,2023-09-01,organic,1014,448256.0
S003,2023-10-01,organic,827,376420.0
S003,2023-11-01,organic,872,419362.0
S003,2023-12-01,organic,681,331311.0
S003,2024-01-01,organic,944,344251.0
S003,2024-02-01,organic,791,335862.0
S003,2024-03-01,organic,866,351641.0
S003,2024-04-01,organic,724,358840.0
S003,2024-05-01,organic,773,351938.0
S003,2024-06-01,organic,704,312888.0
S003,2024-07-01,organic,1382,185434.0
S003,2024-08-01,organic,1286,471550.0
S003,2024-09-01,organic,1201,523995.0
S003,2024-10-01,organic,1101,527107.0
S003,2024-11-01,organic,1027,477203.0
S003,2024-12-01,organic,877,424975.0
S003,2025-01-01,organic,1364,483703.0
S003,2025-02-01,organic,1078,447832.0
S003,2025-03-01,organic,1216,489689.0
S003,2025-04-01,organic,1041,505215.0
S003,2025-05-01,organic,1091,503758.0
S003,2025-06-01,organic,999,438420.0
S003,2025-07-01,organic,948,454247.0
S003,2025-08-01,organic,975,415187.0
S003,2025-09-01,organic,1026,410626.0
S003,2025-10-01,organic,1176,474291.0
S003,2025-11-01,organic,1061,445098.0
S003,2025-12-01,organic,1170,486568.0
S003,2026-01-01,organic,1174,476384.0
S003,2026-02-01,organic,1028,464058.0
S003,2026-03-01,organic,1204,526474.0
S003,2026-04-01,organic,1111,521113.0
S003,2026-05-01,organic,1208,484743.0
S003,2026-06-01,organic,1105,454317.0
S003,2026-07-01,organic,1164,524910.0
S003,2026-08-01,organic,1128,527589.0
S003,2026-09-01,organic,1050,474307.0
S003,2026-10-01,organic,1439,569926.0
S003,2026-11-01,organic,1595,575914.0
S003,2026-12-01,organic,1394,631907.0
S003,2023-07-01,direct,1656,201843.0
S003,2023-08-01,direct,1683,582126.0
S003,2023-09-01,direct,1938,663702.0
S003,2023-10-01,direct,2106,875153.0
S003,2023-11-01,direct,2322,951483.0
S003,2023-12-01,direct,1610,934962.0
S003,2024-01-01,direct,1524,676094.0
S003,2024-02-01,direct,1444,603327.0
S003,2024-03-01,direct,1660,793189.0
S003,2024-04-01,direct,1696,682305.0
S003,2024-05-01,direct,2092,840094.0
S003,2024-06-01,direct,1731,773844.0
S003,2024-07-01,direct,2394,291336.0
S003,2024-08-01,direct,2409,843186.0
S003,2024-09-01,direct,2903,993914.0
S003,2024-10-01,direct,3158,1330678.0
S003,2024-11-01,direct,3192,1336786.0
S003,2024-12-01,direct,2160,1248909.0
S003,2025-01-01,direct,2013,915155.0
S003,2025-02-01,direct,1885,766372.0
S003,2025-03-01,direct,1934,925474.0
S003,2025-04-01,direct,2152,857073.0
S003,2025-05-01,direct,2615,1030199.0
S003,2025-06-01,direct,2277,1005094.0
S003,2025-07-01,direct,2107,925258.0
S003,2025-08-01,direct,2819,1003676.0
S003,2025-09-01,direct,2559,1087219.0
S003,2025-10-01,direct,4091,1405866.0
S003,2025-11-01,direct,3989,1717616.0
S003,2025-12-01,direct,3268,1790952.0
S003,2026-01-01,direct,4343,1777556.0
S003,2026-02-01,direct,4423,1735990.0
S003,2026-03-01,direct,5121,2159930.0
S003,2026-04-01,direct,5066,1907364.0
S003,2026-05-01,direct,5078,2334245.0
S003,2026-06-01,direct,5941,2315996.0
S003,2026-07-01,direct,4109,2182380.0
S003,2026-08-01,direct,5730,2230200.0
S003,2026-09-01,direct,5650,2180902.0
S003,2026-10-01,direct,7560,2563352.0
S003,2026-11-01,direct,6921,2865220.0
S003,2026-12-01,direct,7085,2926209.0
S003,2023-07-01,paid,827,94879.0
S003,2023-08-01,paid,880,304284.0
S003,2023-09-01,paid,848,337736.0
S003,2023-10-01,paid,1000,435978.0
S003,2023-11-01,paid,833,368060.0
S003,2023-12-01,paid,750,365421.0
S003,2024-01-01,paid,725,348098.0
S003,2024-02-01,paid,642,276360.0
S003,2024-03-01,paid,851,315552.0
S003,2024-04-01,paid,836,333193.0
S003,2024-05-01,paid,793,399150.0
S003,2024-06-01,paid,722,335134.0
S003,2024-07-01,paid,1082,127968.0
S003,2024-08-01,paid,1154,394924.0
S003,2024-09-01,paid,1220,495927.0
S003,2024-10-01,paid,1287,559378.0
S003,2024-11-01,paid,1261,536960.0
S003,2024-12-01,paid,1058,514089.0
S003,2025-01-01,paid,948,464791.0
S003,2025-02-01,paid,973,409138.0
S003,2025-03-01,paid,1146,440490.0
S003,2025-04-01,paid,1097,442991.0
S003,2025-05-01,paid,1037,513818.0
S003,2025-06-01,paid,925,423318.0
S003,2025-07-01,paid,882,373881.0
S003,2025-08-01,paid,1075,413048.0
S003,2025-09-01,paid,1074,440246.0
S003,2025-10-01,paid,962,428759.0
S003,2025-11-01,paid,958,450592.0
S003,2025-12-01,paid,888,410911.0
S003,2026-01-01,paid,970,399224.0
S003,2026-02-01,paid,860,381071.0
S003,2026-03-01,paid,1364,484080.0
S003,2026-04-01,paid,1308,546646.0
S003,2026-05-01,paid,896,522312.0
S003,2026-06-01,paid,889,374127.0
S003,2026-07-01,paid,644,347624.0
S003,2026-08-01,paid,631,299338.0
S003,2026-09-01,paid,776,284305.0
S003,2026-10-01,paid,678,323652.0
S003,2026-11-01,paid,768,325717.0
S003,2026-12-01,paid,850,333259.0
S003,2023-07-01,referral,1010,128716.0
S003,2023-08-01,referral,1267,396503.0
S003,2023-09-01,referral,1508,504298.0
S003,2023-10-01,referral,1607,684251.0
S003,2023-11-01,referral,1357,689042.0
S003,2023-12-01,referral,1495,599142.0
S003,2024-01-01,referral,1335,564124.0
S003,2024-02-01,referral,1384,598385.0
S003,2024-03-01,referral,1576,637905.0
S003,2024-04-01,referral,1340,641215.0
S003,2024-05-01,referral,1589,673835.0
S003,2024-06-01,referral,1579,674472.0
S003,2024-07-01,referral,1338,164063.0
S003,2024-08-01,referral,1655,528104.0
S003,2024-09-01,referral,2168,733974.0
S003,2024-10-01,referral,2104,882759.0
S003,2024-11-01,referral,1763,889447.0
S003,2024-12-01,referral,1944,783182.0
S003,2025-01-01,referral,1862,786867.0
S003,2025-02-01,referral,1619,679003.0
S003,2025-03-01,referral,2277,947965.0
S003,2025-04-01,referral,1847,877935.0
S003,2025-05-01,referral,2108,882051.0
S003,2025-06-01,referral,2134,872966.0
S003,2025-07-01,referral,2151,940298.0
S003,2025-08-01,referral,2201,950536.0
S003,2025-09-01,referral,2246,944252.0
S003,2025-10-01,referral,2185,942967.0
S003,2025-11-01,referral,2748,1000908.0
S003,2025-12-01,referral,2595,1143538.0
S003,2026-01-01,referral,3054,1283070.0
S003,2026-02-01,referral,2544,1141316.0
S003,2026-03-01,referral,3064,1296706.0
S003,2026-04-01,referral,3316,1317434.0
S003,2026-05-01,referral,3839,1410117.0
S003,2026-06-01,referral,3767,1601647.0
S003,2026-07-01,referral,2999,1653665.0
S003,2026-08-01,referral,3506,1441767.0
S003,2026-09-01,referral,4030,1471932.0
S003,2026-10-01,referral,4161,1826162.0
S003,2026-11-01,referral,4104,1863990.0
S003,2026-12-01,referral,4617,1674499.0
S003,2023-07-01,social,138,16348.0
S003,2023-08-01,social,119,41615.0
S003,2023-09-01,social,166,57089.0
S003,2023-10-01,social,209,67060.0
S003,2023-11-01,social,219,84445.0
S003,2023-12-01,social,257,90879.0
S003,2024-01-01,social,318,110608.0
S003,2024-02-01,social,244,120053.0
S003,2024-03-01,social,246,122079.0
S003,2024-04-01,social,269,103604.0
S003,2024-05-01,social,284,118189.0
S003,2024-06-01,social,266,122356.0
S003,2024-07-01,social,160,19721.0
S003,2024-08-01,social,144,50116.0
S003,2024-09-01,social,189,67111.0
S003,2024-10-01,social,275,84839.0
S003,2024-11-01,social,290,117139.0
S003,2024-12-01,social,356,125682.0
S003,2025-01-01,social,480,173754.0
S003,2025-02-01,social,366,183885.0
S003,2025-03-01,social,358,171440.0
S003,2025-04-01,social,388,153582.0
S003,2025-05-01,social,433,179434.0
S003,2025-06-01,social,396,176607.0
S003,2025-07-01,social,365,158437.0
S003,2025-08-01,social,416,161904.0
S003,2025-09-01,social,454,181193.0
S003,2025-10-01,social,552,223323.0
S003,2025-11-01,social,630,239431.0
S003,2025-12-01,social,644,267775.0
S003,2026-01-01,social,522,243650.0
S003,2026-02-01,social,595,246677.0
S003,2026-03-01,social,637,256259.0
S003,2026-04-01,social,770,302735.0
S003,2026-05-01,social,698,295272.0
S003,2026-06-01,social,712,316624.0
S003,2026-07-01,social,609,299176.0
S003,2026-08-01,social,710,280779.0
S003,2026-09-01,social,876,332537.0
S003,2026-10-01,social,1052,399591.0
S003,2026-11-01,social,992,416751.0
S003,2026-12-01,social,754,388861.0
S004,2023-07-01,organic,1035,132044.0
S004,2023-08-01,organic,1249,370223.0
S004,2023-09-01,organic,1229,457588.0
S004,2023-10-01,organic,1365,617648.0
S004,2023-11-01,organic,1158,537274.0
S004,2023-12-01,organic,1228,555713.0
S004,2024-01-01,organic,972,501603.0
S004,2024-02-01,organic,1078,432942.0
S004,2024-03-01,organic,1263,521943.0
S004,2024-04-01,organic,1321,540015.0
S004,2024-05-01,organic,1328,578313.0
S004,2024-06-01,organic,1473,524033.0
S004,2024-07-01,organic,1432,188578.0
S004,2024-08-01,organic,1759,515684.0
S004,2024-09-01,organic,1775,671415.0
S004,2024-10-01,organic,1766,787676.0
S004,2024-11-01,organic,1689,775246.0
S004,2024-12-01,organic,1484,651248.0
S004,2025-01-01,organic,1395,707113.0
S004,2025-02-01,organic,1410,564276.0
S004,2025-03-01,organic,1677,697602.0
S004,2025-04-01,organic,1741,706908.0
S004,2025-05-01,organic,2045,861966.0
S004,2025-06-01,organic,2277,829524.0
S004,2025-07-01,organic,1704,915694.0
S004,2025-08-01,organic,1737,805980.0
S004,2025-09-01,organic,2021,762918.0
S004,2025-10-01,organic,2225,886456.0
S004,2025-11-01,organic,2432,934775.0
S004,2025-12-01,organic,2356,1048939.0
S004,2026-01-01,organic,2079,909727.0
S004,2026-02-01,organic,1854,821530.0
S004,2026-03-01,organic,2226,886765.0
S004,2026-04-01,organic,2142,838992.0
S004,2026-05-01,organic,1886,938202.0
S004,2026-06-01,organic,1817,809257.0
S004,2026-07-01,organic,1825,795252.0
S004,2026-08-01,organic,1831,863765.0
S004,2026-09-01,organic,1542,689430.0
S004,2026-10-01,organic,1539,712304.0
S004,2026-11-01,organic,1510,660497.0
S004,2026-12-01,organic,1660,734893.0
S004,2023-07-01,direct,1141,150247.0
S004,2023-08-01,direct,1157,400586.0
S004,2023-09-01,direct,1254,525533.0
S004,2023-10-01,direct,1218,499841.0
S004,2023-11-01,direct,1287,557305.0
S004,2023-12-01,direct,1227,578696.0
S004,2024-01-01,direct,1642,585751.0
S004,2024-02-01,direct,1484,715033.0
S004,2024-03-01,direct,1382,658200.0
S004,2024-04-01,direct,1692,677897.0
S004,2024-05-01,direct,1540,662196.0
S004,2024-06-01,direct,1968,697688.0
S004,2024-07-01,direct,1662,213088.0
S004,2024-08-01,direct,1643,554471.0
S004,2024-09-01,direct,1805,757477.0
S004,2024-10-01,direct,1870,766750.0
S004,2024-11-01,direct,1859,839128.0
S004,2024-12-01,direct,1854,853981.0
S004,2025-01-01,direct,2018,748514.0
S004,2025-02-01,direct,1830,900733.0
S004,2025-03-01,direct,1724,797276.0
S004,2025-04-01,direct,1929,798182.0
S004,2025-05-01,direct,1881,773723.0
S004,2025-06-01,direct,2746,1015974.0
S004,2025-07-01,direct,1840,973639.0
S004,2025-08-01,direct,1754,842936.0
S004,2025-09-01,direct,1888,712997.0
S004,2025-10-01,direct,2190,900325.0
S004,2025-11-01,direct,2105,871734.0
S004,2025-12-01,direct,1996,877041.0
S004,2026-01-01,direct,2081,947894.0
S004,2026-02-01,direct,2440,915139.0
S004,2026-03-01,direct,2560,1131549.0
S004,2026-04-01,direct,2682,1201058.0
S004,2026-05-01,direct,2294,1032921.0
S004,2026-06-01,direct,2387,976442.0
S004,2026-07-01,direct,2240,1051745.0
S004,2026-08-01,direct,1869,876643.0
S004,2026-09-01,direct,2245,840887.0
S004,2026-10-01,direct,2518,1015214.0
S004,2026-11-01,direct,2553,1077883.0
S004,2026-12-01,direct,2598,1114359.0
S004,2023-07-01,paid,610,84641.0
S004,2023-08-01,paid,500,182531.0
S004,2023-09-01,paid,693,254676.0
S004,2023-10-01,paid,647,254031.0
S004,2023-11-01,paid,548,256911.0
S004,2023-12-01,paid,456,240741.0
S004,2024-01-01,paid,499,219376.0
S004,2024-02-01,paid,567,234115.0
S004,2024-03-01,paid,589,258185.0
S004,2024-04-01,paid,739,270348.0
S004,2024-05-01,paid,641,313800.0
S004,2024-06-01,paid,799,296445.0
S004,2024-07-01,paid,884,125343.0
S004,2024-08-01,paid,756,269446.0
S004,2024-09-01,paid,891,327150.0
S004,2024-10-01,paid,987,391784.0
S004,2024-11-01,paid,815,379188.0
S004,2024-12-01,paid,716,369281.0
S004,2025-01-01,paid,709,308645.0
S004,2025-02-01,paid,771,319978.0
S004,2025-03-01,paid,781,341225.0
S004,2025-04-01,paid,1022,368015.0
S004,2025-05-01,paid,877,421413.0
S004,2025-06-01,paid,1043,376703.0
S004,2025-07-01,paid,1003,461202.0
S004,2025-08-01,paid,1067,449413.0
S004,2025-09-01,paid,1554,473044.0
S004,2025-10-01,paid,1556,649582.0
S004,2025-11-01,paid,1589,717880.0
S004,2025-12-01,paid,1499,687312.0
S004,2026-01-01,paid,1549,677941.0
S004,2026-02-01,paid,1369,640200.0
S004,2026-03-01,paid,1665,653910.0
S004,2026-04-01,paid,1792,701293.0
S004,2026-05-01,paid,1667,757410.0
S004,2026-06-01,paid,1652,712500.0
S004,2026-07-01,paid,1383,679514.0
S004,2026-08-01,paid,1347,663774.0
S004,2026-09-01,paid,1430,557527.0
S004,2026-10-01,paid,1599,643023.0
S004,2026-11-01,paid,1655,679673.0
S004,2026-12-01,paid,1885,773133.0
S004,2023-07-01,referral,815,97487.0
S004,2023-08-01,referral,1012,292731.0
S004,2023-09-01,referral,1392,486781.0
S004,2023-10-01,referral,1283,557409.0
S004,2023-11-01,referral,1154,523407.0
S004,2023-12-01,referral,1246,524961.0
S004,2024-01-01,referral,1190,526683.0
S004,2024-02-01,referral,919,491269.0
S004,2024-03-01,referral,1219,512708.0
S004,2024-04-01,referral,1222,448535.0
S004,2024-05-01,referral,1211,496914.0
S004,2024-06-01,referral,1508,531338.0
S004,2024-07-01,referral,1137,134013.0
S004,2024-08-01,referral,1505,435358.0
S004,2024-09-01,referral,1785,625199.0
S004,2024-10-01,referral,1787,794941.0
S004,2024-11-01,referral,1619,718859.0
S004,2024-12-01,referral,1646,721160.0
S004,2025-01-01,referral,1754,773569.0
S004,2025-02-01,referral,1309,715822.0
S004,2025-03-01,referral,1742,729749.0
S004,2025-04-01,referral,1593,599525.0
S004,2025-05-01,referral,1756,713613.0
S004,2025-06-01,referral,2062,695260.0
S004,2025-07-01,referral,2021,911277.0
S004,2025-08-01,referral,2503,1018194.0
S004,2025-09-01,referral,2550,1031733.0
S004,2025-10-01,referral,2989,1175900.0
S004,2025-11-01,referral,2931,1304573.0
S004,2025-12-01,referral,2339,1244529.0
S004,2026-01-01,referral,2997,1077966.0
S004,2026-02-01,referral,2595,1099201.0
S004,2026-03-01,referral,3123,1303119.0
S004,2026-04-01,referral,3178,1268600.0
S004,2026-05-01,referral,2154,1348879.0
S004,2026-06-01,referral,2511,1011797.0
S004,2026-07-01,referral,2181,1086124.0
S004,2026-08-01,referral,2444,1011907.0
S004,2026-09-01,referral,2634,961463.0
S004,2026-10-01,referral,2795,1161939.0
S004,2026-11-01,referral,3203,1224672.0
S004,2026-12-01,referral,2921,1366353.0
S004,2023-07-01,social,98,12180.0
S004,2023-08-01,social,100,34191.0
S004,2023-09-01,social,105,38798.0
S004,2023-10-01,social,136,49308.0
S004,2023-11-01,social,129,56015.0
S004,2023-12-01,social,147,61109.0
S004,2024-01-01,social,153,65647.0
S004,2024-02-01,social,169,64653.0
S004,2024-03-01,social,159,65999.0
S004,2024-04-01,social,195,79358.0
S004,2024-05-01,social,167,80816.0
S004,2024-06-01,social,201,77305.0
S004,2024-07-01,social,143,17414.0
S004,2024-08-01,social,134,45700.0
S004,2024-09-01,social,156,56002.0
S004,2024-10-01,social,205,73903.0
S004,2024-11-01,social,182,79665.0
S004,2024-12-01,social,218,92409.0
S004,2025-01-01,social,220,94462.0
S004,2025-02-01,social,248,99181.0
S004,2025-03-01,social,243,103704.0
S004,2025-04-01,social,264,109658.0
S004,2025-05-01,social,219,106578.0
S004,2025-06-01,social,313,119538.0
S004,2025-07-01,social,241,109800.0
S004,2025-08-01,social,278,113363.0
S004,2025-09-01,social,275,113093.0
S004,2025-10-01,social,250,110327.0
S004,2025-11-01,social,294,114827.0
S004,2025-12-01,social,319,130070.0
S004,2026-01-01,social,267,128970.0
S004,2026-02-01,social,229,103868.0
S004,2026-03-01,social,277,108524.0
S004,2026-04-01,social,268,109222.0
S004,2026-05-01,social,314,132858.0
S004,2026-06-01,social,247,121976.0
S004,2026-07-01,social,191,100718.0
S004,2026-08-01,social,171,84644.0
S004,2026-09-01,social,178,76208.0
S004,2026-10-01,social,210,80080.0
S004,2026-11-01,social,218,81464.0
S004,2026-12-01,social,187,97521.0
S005,2023-07-01,organic,908,101315.0
S005,2023-08-01,organic,1046,322274.0
S005,2023-09-01,organic,1118,428814.0
S005,2023-10-01,organic,1238,522224.0
S005,2023-11-01,organic,1074,453477.0
S005,2023-12-01,organic,1116,466606.0
S005,2024-01-01,organic,1028,397084.0
S005,2024-02-01,organic,1294,525727.0
S005,2024-03-01,organic,1190,451134.0
S005,2024-04-01,organic,1125,464534.0
S005,2024-05-01,organic,1346,584777.0
S005,2024-06-01,organic,1209,476395.0
S005,2024-07-01,organic,1221,140088.0
S005,2024-08-01,organic,1315,401771.0
S005,2024-09-01,organic,1358,540665.0
S005,2024-10-01,organic,1523,665318.0
S005,2024-11-01,organic,1303,542623.0
S005,2024-12-01,organic,1291,526635.0
S005,2025-01-01,organic,1623,632016.0
S005,2025-02-01,organic,1662,680246.0
S005,2025-03-01,organic,1716,656686.0
S005,2025-04-01,organic,1666,709719.0
S005,2025-05-01,organic,1669,706221.0
S005,2025-06-01,organic,1590,629807.0
S005,2025-07-01,organic,1515,716252.0
S005,2025-08-01,organic,1469,617774.0
S005,2025-09-01,organic,1550,655010.0
S005,2025-10-01,organic,1932,733009.0
S005,2025-11-01,organic,1697,714638.0
S005,2025-12-01,organic,1673,763375.0
S005,2026-01-01,organic,1636,691576.0
S005,2026-02-01,organic,1562,627426.0
S005,2026-03-01,organic,1854,728604.0
S005,2026-04-01,organic,2045,841974.0
S005,2026-05-01,organic,2062,847970.0
S005,2026-06-01,organic,2176,829823.0
S005,2026-07-01,organic,1774,856653.0
S005,2026-08-01,organic,1785,855072.0
S005,2026-09-01,organic,1914,693631.0
S005,2026-10-01,organic,2470,869642.0
S005,2026-11-01,organic,2781,1029504.0
S005,2026-12-01,organic,2653,1155768.0
S005,2023-07-01,direct,789,96653.0
S005,2023-08-01,direct,867,295228.0
S005,2023-09-01,direct,833,321972.0
S005,2023-10-01,direct,1089,398476.0
S005,2023-11-01,direct,754,360261.0
S005,2023-12-01,direct,966,392131.0
S005,2024-01-01,direct,918,368954.0
S005,2024-02-01,direct,834,383900.0
S005,2024-03-01,direct,918,400461.0
S005,2024-04-01,direct,1002,397954.0
S005,2024-05-01,direct,875,417082.0
S005,2024-06-01,direct,825,376319.0
S005,2024-07-01,direct,1138,144902.0
S005,2024-08-01,direct,990,333072.0
S005,2024-09-01,direct,1158,455664.0
S005,2024-10-01,direct,1269,465088.0
S005,2024-11-01,direct,1085,518713.0
S005,2024-12-01,direct,1149,451882.0
S005,2025-01-01,direct,1475,588135.0
S005,2025-02-01,direct,1191,548762.0
S005,2025-03-01,direct,1362,595497.0
S005,2025-04-01,direct,1450,563360.0
S005,2025-05-01,direct,1188,552186.0
S005,2025-06-01,direct,1174,507402.0
S005,2025-07-01,direct,959,471533.0
S005,2025-08-01,direct,1176,429009.0
S005,2025-09-01,direct,1232,499828.0
S005,2025-10-01,direct,1496,566973.0
S005,2025-11-01,direct,1427,580864.0
S005,2025-12-01,direct,1856,727580.0
S005,2026-01-01,direct,1432,604014.0
S005,2026-02-01,direct,1431,557770.0
S005,2026-03-01,direct,1852,648556.0
S005,2026-04-01,direct,1897,735212.0
S005,2026-05-01,direct,1564,737304.0
S005,2026-06-01,direct,1781,715820.0
S005,2026-07-01,direct,1583,817968.0
S005,2026-08-01,direct,1582,687495.0
S005,2026-09-01,direct,1637,638574.0
S005,2026-10-01,direct,2177,794466.0
S005,2026-11-01,direct,1989,857837.0
S005,2026-12-01,direct,1989,808932.0
S005,2023-07-01,paid,383,52111.0
S005,2023-08-01,paid,434,146692.0
S005,2023-09-01,paid,515,172029.0
S005,2023-10-01,paid,607,216583.0
S005,2023-11-01,paid,663,286840.0
S005,2023-12-01,paid,561,229977.0
S005,2024-01-01,paid,563,262999.0
S005,2024-02-01,paid,511,224813.0
S005,2024-03-01,paid,630,261440.0
S005,2024-04-01,paid,424,196463.0
S005,2024-05-01,paid,551,223412.0
S005,2024-06-01,paid,537,220567.0
S005,2024-07-01,paid,601,83043.0
S005,2024-08-01,paid,590,196416.0
S005,2024-09-01,paid,765,242155.0
S005,2024-10-01,paid,909,329535.0
S005,2024-11-01,paid,888,370165.0
S005,2024-12-01,paid,844,348951.0
S005,2025-01-01,paid,731,337675.0
S005,2025-02-01,paid,649,301400.0
S005,2025-03-01,paid,741,304699.0
S005,2025-04-01,paid,616,295292.0
S005,2025-05-01,paid,672,274901.0
S005,2025-06-01,paid,685,286350.0
S005,2025-07-01,paid,679,297265.0
S005,2025-08-01,paid,735,298501.0
S005,2025-09-01,paid,725,297475.0
S005,2025-10-01,paid,913,345641.0
S005,2025-11-01,paid,842,354775.0
S005,2025-12-01,paid,1095,413978.0
S005,2026-01-01,paid,984,474640.0
S005,2026-02-01,paid,902,416802.0
S005,2026-03-01,paid,1316,437725.0
S005,2026-04-01,paid,1595,547884.0
S005,2026-05-01,paid,1471,668908.0
S005,2026-06-01,paid,1519,573668.0
S005,2026-07-01,paid,1551,666884.0
S005,2026-08-01,paid,1430,634513.0
S005,2026-09-01,paid,1653,665919.0
S005,2026-10-01,paid,2021,690863.0
S005,2026-11-01,paid,2067,813440.0
S005,2026-12-01,paid,2170,932266.0
S005,2023-07-01,referral,727,88781.0
S005,2023-08-01,referral,599,205600.0
S005,2023-09-01,referral,710,264438.0
S005,2023-10-01,referral,843,314244.0
S005,2023-11-01,referral,1114,374882.0
S005,2023-12-01,referral,1077,420107.0
S005,2024-01-01,referral,1046,442024.0
S005,2024-02-01,referral,1169,394704.0
S005,2024-03-01,referral,1533,559449.0
S005,2024-04-01,referral,1196,593612.0
S005,2024-05-01,referral,1354,545897.0
S005,2024-06-01,referral,1384,478806.0
S005,2024-07-01,referral,800,99861.0
S005,2024-08-01,referral,812,275572.0
S005,2024-09-01,referral,839,316523.0
S005,2024-10-01,referral,986,364421.0
S005,2024-11-01,referral,1346,444375.0
S005,2024-12-01,referral,1307,489249.0
S005,2025-01-01,referral,1300,521978.0
S005,2025-02-01,referral,1605,533799.0
S005,2025-03-01,referral,1880,711059.0
S005,2025-04-01,referral,1539,759309.0
S005,2025-05-01,referral,1539,631345.0
S005,2025-06-01,referral,1962,718441.0
S005,2025-07-01,referral,2127,832737.0
S005,2025-08-01,referral,1677,862425.0
S005,2025-09-01,referral,1807,758759.0
S005,2025-10-01,referral,2059,791894.0
S005,2025-11-01,referral,2131,878436.0
S005,2025-12-01,referral,1916,847765.0
S005,2026-01-01,referral,2015,906076.0
S005,2026-02-01,referral,2272,797608.0
S005,2026-03-01,referral,2581,1038656.0
S005,2026-04-01,referral,2793,1108081.0
S005,2026-05-01,referral,2721,1138583.0
S005,2026-06-01,referral,3194,1236687.0
S005,2026-07-01,referral,2625,1315636.0
S005,2026-08-01,referral,2679,1172356.0
S005,2026-09-01,referral,2859,1172299.0
S005,2026-10-01,referral,3059,1285112.0
S005,2026-11-01,referral,2805,1212186.0
S005,2026-12-01,referral,3451,1296450.0
S005,2023-07-01,social,56,8210.0
S005,2023-08-01,social,43,16560.0
S005,2023-09-01,social,61,21793.0
S005,2023-10-01,social,82,26417.0
S005,2023-11-01,social,64,26759.0
S005,2023-12-01,social,63,29029.0
S005,2024-01-01,social,68,29443.0
S005,2024-02-01,social,60,25538.0
S005,2024-03-01,social,58,24461.0
S005,2024-04-01,social,84,25635.0
S005,2024-05-01,social,68,33746.0
S005,2024-06-01,social,56,24480.0
S005,2024-07-01,social,75,10643.0
S005,2024-08-01,social,58,22162.0
S005,2024-09-01,social,70,25946.0
S005,2024-10-01,social,97,32554.0
S005,2024-11-01,social,83,35224.0
S005,2024-12-01,social,85,39779.0
S005,2025-01-01,social,83,35713.0
S005,2025-02-01,social,71,31231.0
S005,2025-03-01,social,71,31235.0
S005,2025-04-01,social,114,34397.0
S005,2025-05-01,social,79,39691.0
S005,2025-06-01,social,78,34312.0
S005,2025-07-01,social,81,34719.0
S005,2025-08-01,social,81,32489.0
S005,2025-09-01,social,96,35939.0
S005,2025-10-01,social,76,39568.0
S005,2025-11-01,social,95,35929.0
S005,2025-12-01,social,94,36560.0
S005,2026-01-01,social,92,36514.0
S005,2026-02-01,social,74,33970.0
S005,2026-03-01,social,89,39515.0
S005,2026-04-01,social,122,39656.0
S005,2026-05-01,social,139,53666.0
S005,2026-06-01,social,104,45817.0
S005,2026-07-01,social,109,47859.0
S005,2026-08-01,social,105,45155.0
S005,2026-09-01,social,142,46911.0
S005,2026-10-01,social,185,63703.0
S005,2026-11-01,social,144,69210.0
S005,2026-12-01,social,135,65169.0
S006,2023-07-01,organic,756,82029.0
S006,2023-08-01,organic,934,280465.0
S006,2023-09-01,organic,1017,368402.0
S006,2023-10-01,organic,1126,453388.0
S006,2023-11-01,organic,1380,514079.0
S006,2023-12-01,organic,1065,476746.0
S006,2024-01-01,organic,1211,472500.0
S006,2024-02-01,organic,1416,578700.0
S006,2024-03-01,organic,1568,573554.0
S006,2024-04-01,organic,1544,722763.0
S006,2024-05-01,organic,1659,705344.0
S006,2024-06-01,organic,1444,591333.0
S006,2024-07-01,organic,859,93542.0
S006,2024-08-01,organic,1068,331171.0
S006,2024-09-01,organic,1173,434964.0
S006,2024-10-01,organic,1237,487576.0
S006,2024-11-01,organic,1638,617921.0
S006,2024-12-01,organic,1424,655611.0
S006,2025-01-01,organic,1949,778902.0
S006,2025-02-01,organic,1932,789869.0
S006,2025-03-01,organic,2356,860803.0
S006,2025-04-01,organic,2067,956712.0
S006,2025-05-01,organic,2246,959029.0
S006,2025-06-01,organic,2178,899223.0
S006,2025-07-01,organic,1835,932660.0
S006,2025-08-01,organic,2101,848858.0
S006,2025-09-01,organic,1973,863071.0
S006,2025-10-01,organic,2800,866163.0
S006,2025-11-01,organic,3584,1158998.0
S006,2025-12-01,organic,3466,1430463.0
S006,2026-01-01,organic,3566,1540014.0
S006,2026-02-01,organic,2978,1363397.0
S006,2026-03-01,organic,3366,1393207.0
S006,2026-04-01,organic,3263,1370671.0
S006,2026-05-01,organic,3402,1584589.0
S006,2026-06-01,organic,3731,1516549.0
S006,2026-07-01,organic,3567,1633081.0
S006,2026-08-01,organic,3669,1475869.0
S006,2026-09-01,organic,3764,1488841.0
S006,2026-10-01,organic,4433,1636289.0
S006,2026-11-01,organic,4267,1832102.0
S006,2026-12-01,organic,4308,1910863.0
S006,2023-07-01,direct,1022,126044.0
S006,2023-08-01,direct,998,331649.0
S006,2023-09-01,direct,1487,516170.0
S006,2023-10-01,direct,1565,591962.0
S006,2023-11-01,direct,1479,654839.0
S006,2023-12-01,direct,1542,661421.0
S006,2024-01-01,direct,1481,674385.0
S006,2024-02-01,direct,1381,610852.0
S006,2024-03-01,direct,1597,576199.0
S006,2024-04-01,direct,1706,693576.0
S006,2024-05-01,direct,1368,619423.0
S006,2024-06-01,direct,1300,553139.0
S006,2024-07-01,direct,1209,153350.0
S006,2024-08-01,direct,1313,434177.0
S006,2024-09-01,direct,1708,591575.0
S006,2024-10-01,direct,2017,769470.0
S006,2024-11-01,direct,1920,837176.0
S006,2024-12-01,direct,1930,835228.0
S006,2025-01-01,direct,1868,835109.0
S006,2025-02-01,direct,1793,786149.0
S006,2025-03-01,direct,2052,767294.0
S006,2025-04-01,direct,1960,806849.0
S006,2025-05-01,direct,1807,856140.0
S006,2025-06-01,direct,1912,781244.0
S006,2025-07-01,direct,1734,828464.0
S006,2025-08-01,direct,1839,769843.0
S006,2025-09-01,direct,1908,787699.0
S006,2025-10-01,direct,1750,811669.0
S006,2025-11-01,direct,1855,739785.0
S006,2025-12-01,direct,1957,785424.0
S006,2026-01-01,direct,1671,775294.0
S006,2026-02-01,direct,1223,637321.0
S006,2026-03-01,direct,1584,660951.0
S006,2026-04-01,direct,1398,644926.0
S006,2026-05-01,direct,1443,640501.0
S006,2026-06-01,direct,1440,558222.0
S006,2026-07-01,direct,1593,681136.0
S006,2026-08-01,direct,1433,560265.0
S006,2026-09-01,direct,1649,696888.0
S006,2026-10-01,direct,1510,648187.0
S006,2026-11-01,direct,1386,592686.0
S006,2026-12-01,direct,1617,657429.0
S006,2023-07-01,paid,382,46012.0
S006,2023-08-01,paid,397,140510.0
S006,2023-09-01,paid,381,170979.0
S006,2023-10-01,paid,447,167110.0
S006,2023-11-01,paid,393,174780.0
S006,2023-12-01,paid,360,155605.0
S006,2024-01-01,paid,409,161226.0
S006,2024-02-01,paid,399,180218.0
S006,2024-03-01,paid,503,179725.0
S006,2024-04-01,paid,739,262464.0
S006,2024-05-01,paid,676,298539.0
S006,2024-06-01,paid,669,286495.0
S006,2024-07-01,paid,530,65613.0
S006,2024-08-01,paid,534,187367.0
S006,2024-09-01,paid,500,230529.0
S006,2024-10-01,paid,594,221705.0
S006,2024-11-01,paid,516,227393.0
S006,2024-12-01,paid,542,236522.0
S006,2025-01-01,paid,575,223654.0
S006,2025-02-01,paid,505,219162.0
S006,2025-03-01,paid,688,247396.0
S006,2025-04-01,paid,849,297084.0
S006,2025-05-01,paid,905,388014.0
S006,2025-06-01,paid,838,374042.0
S006,2025-07-01,paid,704,327388.0
S006,2025-08-01,paid,668,304438.0
S006,2025-09-01,paid,741,320513.0
S006,2025-10-01,paid,863,337315.0
S006,2025-11-01,paid,912,368540.0
S006,2025-12-01,paid,1075,391698.0
S006,2026-01-01,paid,804,420287.0
S006,2026-02-01,paid,791,345194.0
S006,2026-03-01,paid,1144,421079.0
S006,2026-04-01,paid,992,419838.0
S006,2026-05-01,paid,1070,441430.0
S006,2026-06-01,paid,1047,403118.0
S006,2026-07-01,paid,767,422331.0
S006,2026-08-01,paid,937,372681.0
S006,2026-09-01,paid,885,344593.0
S006,2026-10-01,paid,1037,409702.0
S006,2026-11-01,paid,875,381250.0
S006,2026-12-01,paid,953,416332.0
S006,2023-07-01,referral,955,126426.0
S006,2023-08-01,referral,876,286203.0
S006,2023-09-01,referral,942,370117.0
S006,2023-10-01,referral,997,428657.0
S006,2023-11-01,referral,1213,452237.0
S006,2023-12-01,referral,1378,526412.0
S006,2024-01-01,referral,1219,531366.0
S006,2024-02-01,referral,1326,581780.0
S006,2024-03-01,referral,1802,654147.0
S006,2024-04-01,referral,1601,682853.0
S006,2024-05-01,referral,1250,572542.0
S006,2024-06-01,referral,1147,574878.0
S006,2024-07-01,referral,1091,144668.0
S006,2024-08-01,referral,1191,386010.0
S006,2024-09-01,referral,1370,536716.0
S006,2024-10-01,referral,1198,515690.0
S006,2024-11-01,referral,1678,594132.0
S006,2024-12-01,referral,1926,708973.0
S006,2025-01-01,referral,1708,762558.0
S006,2025-02-01,referral,1671,726627.0
S006,2025-03-01,referral,2102,750103.0
S006,2025-04-01,referral,1927,840854.0
S006,2025-05-01,referral,1853,858158.0
S006,2025-06-01,referral,1569,770726.0
S006,2025-07-01,referral,1328,590950.0
S006,2025-08-01,referral,1609,547703.0
S006,2025-09-01,referral,1788,680324.0
S006,2025-10-01,referral,2126,800656.0
S006,2025-11-01,referral,1501,744267.0
S006,2025-12-01,referral,1253,671680.0
S006,2026-01-01,referral,1531,580056.0
S006,2026-02-01,referral,1271,530703.0
S006,2026-03-01,referral,2018,704365.0
S006,2026-04-01,referral,1744,763394.0
S006,2026-05-01,referral,1761,809428.0
S006,2026-06-01,referral,1851,789186.0
S006,2026-07-01,referral,1465,747812.0
S006,2026-08-01,referral,1650,643919.0
S006,2026-09-01,referral,1985,706616.0
S006,2026-10-01,referral,2349,874486.0
S006,2026-11-01,referral,2608,1037831.0
S006,2026-12-01,referral,2276,1041180.0
S006,2023-07-01,social,121,15975.0
S006,2023-08-01,social,113,38769.0
S006,2023-09-01,social,110,47483.0
S006,2023-10-01,social,125,44742.0
S006,2023-11-01,social,150,54854.0
S006,2023-12-01,social,165,69056.0
S006,2024-01-01,social,134,62224.0
S006,2024-02-01,social,97,49251.0
S006,2024-03-01,social,105,46436.0
S006,2024-04-01,social,139,51043.0
S006,2024-05-01,social,131,58696.0
S006,2024-06-01,social,157,57142.0
S006,2024-07-01,social,160,20809.0
S006,2024-08-01,social,152,51925.0
S006,2024-09-01,social,138,58846.0
S006,2024-10-01,social,181,64473.0
S006,2024-11-01,social,211,78183.0
S006,2024-12-01,social,209,90233.0
S006,2025-01-01,social,196,88116.0
S006,2025-02-01,social,159,80940.0
S006,2025-03-01,social,163,74200.0
S006,2025-04-01,social,187,70450.0
S006,2025-05-01,social,177,79451.0
S006,2025-06-01,social,222,81488.0
S006,2025-07-01,social,160,81681.0
S006,2025-08-01,social,198,82538.0
S006,2025-09-01,social,281,81438.0
S006,2025-10-01,social,260,113656.0
S006,2025-11-01,social,312,118803.0
S006,2025-12-01,social,267,129049.0
S006,2026-01-01,social,241,101116.0
S006,2026-02-01,social,195,86425.0
S006,2026-03-01,social,226,97476.0
S006,2026-04-01,social,250,101618.0
S006,2026-05-01,social,175,94539.0
S006,2026-06-01,social,266,89560.0
S006,2026-07-01,social,199,96506.0
S006,2026-08-01,social,280,102607.0
S006,2026-09-01,social,219,94437.0
S006,2026-10-01,social,202,103784.0
S006,2026-11-01,social,217,93214.0
S006,2026-12-01,social,262,100235.0
S007,2023-07-01,organic,2039,301920.0
S007,2023-08-01,organic,1763,615510.0
S007,2023-09-01,organic,2305,942781.0
S007,2023-10-01,organic,2522,1011148.0
S007,2023-11-01,organic,2955,1190008.0
S007,2023-12-01,organic,2581,1226666.0
S007,2024-01-01,organic,2294,1294303.0
S007,2024-02-01,organic,2565,1100282.0
S007,2024-03-01,organic,3071,1230947.0
S007,2024-04-01,organic,2611,1186664.0
S007,2024-05-01,organic,2683,1362499.0
S007,2024-06-01,organic,2481,1080232.0
S007,2024-07-01,organic,2701,392388.0
S007,2024-08-01,organic,2830,1040454.0
S007,2024-09-01,organic,2961,1281807.0
S007,2024-10-01,organic,3663,1414751.0
S007,2024-11-01,organic,3916,1619110.0
S007,2024-12-01,organic,3693,1801112.0
S007,2025-01-01,organic,3106,1771924.0
S007,2025-02-01,organic,3432,1411253.0
S007,2025-03-01,organic,4062,1632908.0
S007,2025-04-01,organic,3470,1590504.0
S007,2025-05-01,organic,3518,1869930.0
S007,2025-06-01,organic,3759,1609303.0
S007,2025-07-01,organic,4036,1843215.0
S007,2025-08-01,organic,4609,1890030.0
S007,2025-09-01,organic,4830,2062286.0
S007,2025-10-01,organic,6417,2406305.0
S007,2025-11-01,organic,7707,2918928.0
S007,2025-12-01,organic,7024,3409135.0
S007,2026-01-01,organic,5668,2945652.0
S007,2026-02-01,organic,3826,2371057.0
S007,2026-03-01,organic,5116,2322574.0
S007,2026-04-01,organic,5162,2210383.0
S007,2026-05-01,organic,5519,2448288.0
S007,2026-06-01,organic,5850,2661179.0
S007,2026-07-01,organic,4764,2419936.0
S007,2026-08-01,organic,4734,2153885.0
S007,2026-09-01,organic,5646,2251821.0
S007,2026-10-01,organic,8750,3161618.0
S007,2026-11-01,organic,7872,3570190.0
S007,2026-12-01,organic,6359,3652082.0
S007,2023-07-01,direct,2507,336122.0
S007,2023-08-01,direct,2140,796319.0
S007,2023-09-01,direct,2492,1205725.0
S007,2023-10-01,direct,2331,1030640.0
S007,2023-11-01,direct,2902,1243144.0
S007,2023-12-01,direct,3318,1418322.0
S007,2024-01-01,direct,3050,1450324.0
S007,2024-02-01,direct,2924,1489525.0
S007,2024-03-01,direct,2907,1414650.0
S007,2024-04-01,direct,2420,1218484.0
S007,2024-05-01,direct,3167,1410387.0
S007,2024-06-01,direct,3344,1356799.0
S007,2024-07-01,direct,3872,539539.0
S007,2024-08-01,direct,3236,1239040.0
S007,2024-09-01,direct,3216,1552052.0
S007,2024-10-01,direct,3417,1575847.0
S007,2024-11-01,direct,4017,1711632.0
S007,2024-12-01,direct,4491,1918642.0
S007,2025-01-01,direct,4056,1889203.0
S007,2025-02-01,direct,3849,1979167.0
S007,2025-03-01,direct,3762,1774987.0
S007,2025-04-01,direct,3413,1736741.0
S007,2025-05-01,direct,3702,1612754.0
S007,2025-06-01,direct,4648,1861044.0
S007,2025-07-01,direct,4294,2057096.0
S007,2025-08-01,direct,4706,2095825.0
S007,2025-09-01,direct,4605,2108496.0
S007,2025-10-01,direct,5381,2256184.0
S007,2025-11-01,direct,5690,2471587.0
S007,2025-12-01,direct,5254,2765539.0
S007,2026-01-01,direct,5761,2630275.0
S007,2026-02-01,direct,5336,2424644.0
S007,2026-03-01,direct,6380,2733568.0
S007,2026-04-01,direct,7113,2839924.0
S007,2026-05-01,direct,7902,3239924.0
S007,2026-06-01,direct,7238,3484497.0
S007,2026-07-01,direct,7096,3439493.0
S007,2026-08-01,direct,8532,3781128.0
S007,2026-09-01,direct,8330,3826061.0
S007,2026-10-01,direct,10428,4493847.0
S007,2026-11-01,direct,10128,4377941.0
S007,2026-12-01,direct,9433,4769656.0
S007,2023-07-01,paid,908,122084.0
S007,2023-08-01,paid,977,321175.0
S007,2023-09-01,paid,1001,400702.0
S007,2023-10-01,paid,1441,554659.0
S007,2023-11-01,paid,1564,693757.0
S007,2023-12-01,paid,1591,722844.0
S007,2024-01-01,paid,1291,680020.0
S007,2024-02-01,paid,1173,553340.0
S007,2024-03-01,paid,1687,692796.0
S007,2024-04-01,paid,1898,828675.0
S007,2024-05-01,paid,1792,835088.0
S007,2024-06-01,paid,1883,818063.0
S007,2024-07-01,paid,1155,150866.0
S007,2024-08-01,paid,1337,425118.0
S007,2024-09-01,paid,1557,597967.0
S007,2024-10-01,paid,2096,774245.0
S007,2024-11-01,paid,2040,908241.0
S007,2024-12-01,paid,1991,905699.0
S007,2025-01-01,paid,1633,883003.0
S007,2025-02-01,paid,1641,764637.0
S007,2025-03-01,paid,2179,888163.0
S007,2025-04-01,paid,2196,959749.0
S007,2025-05-01,paid,2179,998522.0
S007,2025-06-01,paid,2469,1134280.0
S007,2025-07-01,paid,2126,1164432.0
S007,2025-08-01,paid,2347,1051463.0
S007,2025-09-01,paid,3334,1209732.0
S007,2025-10-01,paid,2670,1345229.0
S007,2025-11-01,paid,3032,1445602.0
S007,2025-12-01,paid,2835,1430392.0
S007,2026-01-01,paid,3702,1593699.0
S007,2026-02-01,paid,3169,1540021.0
S007,2026-03-01,paid,3323,1614964.0
S007,2026-04-01,paid,3041,1558427.0
S007,2026-05-01,paid,2602,1419529.0
S007,2026-06-01,paid,2372,1185865.0
S007,2026-07-01,paid,2227,1141913.0
S007,2026-08-01,paid,2749,1092273.0
S007,2026-09-01,paid,3076,1355785.0
S007,2026-10-01,paid,3173,1461858.0
S007,2026-11-01,paid,3145,1477695.0
S007,2026-12-01,paid,2622,1387228.0
S007,2023-07-01,referral,1458,187811.0
S007,2023-08-01,referral,1804,627823.0
S007,2023-09-01,referral,1770,750859.0
S007,2023-10-01,referral,2010,933122.0
S007,2023-11-01,referral,2225,994351.0
S007,2023-12-01,referral,2354,928189.0
S007,2024-01-01,referral,2176,1158042.0
S007,2024-02-01,referral,1786,998668.0
S007,2024-03-01,referral,2064,980970.0
S007,2024-04-01,referral,2485,1024052.0
S007,2024-05-01,referral,2021,1178004.0
S007,2024-06-01,referral,2137,982260.0
S007,2024-07-01,referral,2336,292339.0
S007,2024-08-01,referral,2630,954130.0
S007,2024-09-01,referral,2788,1154651.0
S007,2024-10-01,referral,2899,1347853.0
S007,2024-11-01,referral,2999,1328410.0
S007,2024-12-01,referral,3491,1406674.0
S007,2025-01-01,referral,3292,1724404.0
S007,2025-02-01,referral,2915,1566815.0
S007,2025-03-01,referral,3175,1489415.0
S007,2025-04-01,referral,3573,1426216.0
S007,2025-05-01,referral,3148,1814256.0
S007,2025-06-01,referral,3217,1458402.0
S007,2025-07-01,referral,3084,1501487.0
S007,2025-08-01,referral,3284,1523654.0
S007,2025-09-01,referral,3240,1415000.0
S007,2025-10-01,referral,4259,1739123.0
S007,2025-11-01,referral,4567,1852826.0
S007,2025-12-01,referral,4693,2184626.0
S007,2026-01-01,referral,4552,1986945.0
S007,2026-02-01,referral,3898,1784297.0
S007,2026-03-01,referral,5165,2042067.0
S007,2026-04-01,referral,4345,2169408.0
S007,2026-05-01,referral,3951,2192307.0
S007,2026-06-01,referral,4051,1810222.0
S007,2026-07-01,referral,3795,1930200.0
S007,2026-08-01,referral,4750,1998116.0
S007,2026-09-01,referral,5272,2157587.0
S007,2026-10-01,referral,5281,2360833.0
S007,2026-11-01,referral,6123,2825133.0
S007,2026-12-01,referral,5958,2881241.0
S007,2023-07-01,social,175,23121.0
S007,2023-08-01,social,160,59499.0
S007,2023-09-01,social,143,65543.0
S007,2023-10-01,social,214,89846.0
S007,2023-11-01,social,183,83893.0
S007,2023-12-01,social,219,102768.0
S007,2024-01-01,social,206,98060.0
S007,2024-02-01,social,213,100105.0
S007,2024-03-01,social,248,113051.0
S007,2024-04-01,social,225,99758.0
S007,2024-05-01,social,254,119876.0
S007,2024-06-01,social,238,113820.0
S007,2024-07-01,social,271,36689.0
S007,2024-08-01,social,222,80825.0
S007,2024-09-01,social,239,110136.0
S007,2024-10-01,social,298,123042.0
S007,2024-11-01,social,283,131658.0
S007,2024-12-01,social,318,149261.0
S007,2025-01-01,social,282,135432.0
S007,2025-02-01,social,270,125877.0
S007,2025-03-01,social,304,140188.0
S007,2025-04-01,social,317,133226.0
S007,2025-05-01,social,328,158188.0
S007,2025-06-01,social,315,155915.0
S007,2025-07-01,social,283,146921.0
S007,2025-08-01,social,332,146441.0
S007,2025-09-01,social,328,150374.0
S007,2025-10-01,social,479,173902.0
S007,2025-11-01,social,587,207572.0
S007,2025-12-01,social,506,269982.0
S007,2026-01-01,social,433,248442.0
S007,2026-02-01,social,525,217443.0
S007,2026-03-01,social,706,276213.0
S007,2026-04-01,social,771,300279.0
S007,2026-05-01,social,605,315599.0
S007,2026-06-01,social,683,300838.0
S007,2026-07-01,social,558,294642.0
S007,2026-08-01,social,639,301347.0
S007,2026-09-01,social,567,274362.0
S007,2026-10-01,social,576,281587.0
S007,2026-11-01,social,519,236727.0
S007,2026-12-01,social,672,292529.0
S008,2023-07-01,organic,1655,199904.0
S008,2023-08-01,organic,1625,538254.0
S008,2023-09-01,organic,2209,844315.0
S008,2023-10-01,organic,2009,821320.0
S008,2023-11-01,organic,1739,766096.0
S008,2023-12-01,organic,1828,803244.0
S008,2024-01-01,organic,1572,694688.0
S008,2024-02-01,organic,1912,714621.0
S008,2024-03-01,organic,2314,836559.0
S008,2024-04-01,organic,2433,856534.0
S008,2024-05-01,organic,2647,1094468.0
S008,2024-06-01,organic,2621,1222236.0
S008,2024-07-01,organic,2278,271080.0
S008,2024-08-01,organic,2363,779157.0
S008,2024-09-01,organic,2791,1045194.0
S008,2024-10-01,organic,2869,1165597.0
S008,2024-11-01,organic,2754,1186288.0
S008,2024-12-01,organic,2626,1129401.0
S008,2025-01-01,organic,2112,914004.0
S008,2025-02-01,organic,2125,775157.0
S008,2025-03-01,organic,3158,1153453.0
S008,2025-04-01,organic,3100,1087776.0
S008,2025-05-01,organic,3547,1459574.0
S008,2025-06-01,organic,2848,1317057.0
S008,2025-07-01,organic,3018,1254997.0
S008,2025-08-01,organic,3207,1317341.0
S008,2025-09-01,organic,3689,1267588.0
S008,2025-10-01,organic,4803,1731179.0
S008,2025-11-01,organic,5405,1984231.0
S008,2025-12-01,organic,5371,2139258.0
S008,2026-01-01,organic,6897,2989832.0
S008,2026-02-01,organic,6078,2564390.0
S008,2026-03-01,organic,6824,2859994.0
S008,2026-04-01,organic,7067,2655768.0
S008,2026-05-01,organic,7164,2996057.0
S008,2026-06-01,organic,9013,3394654.0
S008,2026-07-01,organic,7286,3469095.0
S008,2026-08-01,organic,8382,3058378.0
S008,2026-09-01,organic,8438,3344730.0
S008,2026-10-01,organic,10876,4050943.0
S008,2026-11-01,organic,10807,4123507.0
S008,2026-12-01,organic,10773,4477447.0
S008,2023-07-01,direct,2798,334088.0
S008,2023-08-01,direct,4041,1102523.0
S008,2023-09-01,direct,4514,1577668.0
S008,2023-10-01,direct,4357,1927658.0
S008,2023-11-01,direct,4402,1948495.0
S008,2023-12-01,direct,3638,1661033.0
S008,2024-01-01,direct,3660,1647690.0
S008,2024-02-01,direct,4240,1596697.0
S008,2024-03-01,direct,5577,2222830.0
S008,2024-04-01,direct,4346,2159847.0
S008,2024-05-01,direct,4440,1706772.0
S008,2024-06-01,direct,4628,1824095.0
S008,2024-07-01,direct,3245,374407.0
S008,2024-08-01,direct,4372,1148743.0
S008,2024-09-01,direct,5339,1885348.0
S008,2024-10-01,direct,5478,2366389.0
S008,2024-11-01,direct,4949,2245963.0
S008,2024-12-01,direct,4884,2264108.0
S008,2025-01-01,direct,4745,2164724.0
S008,2025-02-01,direct,5336,2029274.0
S008,2025-03-01,direct,6719,2669988.0
S008,2025-04-01,direct,4770,2382068.0
S008,2025-05-01,direct,6048,2340475.0
S008,2025-06-01,direct,6164,2470076.0
S008,2025-07-01,direct,5780,2376729.0
S008,2025-08-01,direct,5546,2345697.0
S008,2025-09-01,direct,5348,2363828.0
S008,2025-10-01,direct,6012,2499038.0
S008,2025-11-01,direct,6515,2285311.0
S008,2025-12-01,direct,6507,2720197.0
S008,2026-01-01,direct,7769,3252999.0
S008,2026-02-01,direct,6369,2654523.0
S008,2026-03-01,direct,9001,3154739.0
S008,2026-04-01,direct,10163,4117040.0
S008,2026-05-01,direct,7975,4017341.0
S008,2026-06-01,direct,7501,3466069.0
S008,2026-07-01,direct,7584,3419370.0
S008,2026-08-01,direct,7664,3278429.0
S008,2026-09-01,direct,9035,3158969.0
S008,2026-10-01,direct,11748,3960485.0
S008,2026-11-01,direct,13191,4829867.0
S008,2026-12-01,direct,15459,5682753.0
S008,2023-07-01,paid,1157,139343.0
S008,2023-08-01,paid,1086,376505.0
S008,2023-09-01,paid,1235,495764.0
S008,2023-10-01,paid,1358,505913.0
S008,2023-11-01,paid,1284,567731.0
S008,2023-12-01,paid,1146,545712.0
S008,2024-01-01,paid,1032,452307.0
S008,2024-02-01,paid,1034,421640.0
S008,2024-03-01,paid,1253,495738.0
S008,2024-04-01,paid,1214,464272.0
S008,2024-05-01,paid,1186,458719.0
S008,2024-06-01,paid,1667,594313.0
S008,2024-07-01,paid,1371,161829.0
S008,2024-08-01,paid,1529,540830.0
S008,2024-09-01,paid,1465,570714.0
S008,2024-10-01,paid,1922,722080.0
S008,2024-11-01,paid,1766,810278.0
S008,2024-12-01,paid,1580,748134.0
S008,2025-01-01,paid,1309,574849.0
S008,2025-02-01,paid,1240,502082.0
S008,2025-03-01,paid,1488,593008.0
S008,2025-04-01,paid,1551,615913.0
S008,2025-05-01,paid,1605,641157.0
S008,2025-06-01,paid,1890,711293.0
S008,2025-07-01,paid,1350,705661.0
S008,2025-08-01,paid,1785,621891.0
S008,2025-09-01,paid,1536,684608.0
S008,2025-10-01,paid,2071,735452.0
S008,2025-11-01,paid,1889,739946.0
S008,2025-12-01,paid,1554,793094.0
S008,2026-01-01,paid,2135,827957.0
S008,2026-02-01,paid,1820,786415.0
S008,2026-03-01,paid,2304,893256.0
S008,2026-04-01,paid,1933,917943.0
S008,2026-05-01,paid,1914,841893.0
S008,2026-06-01,paid,2154,814540.0
S008,2026-07-01,paid,1353,740328.0
S008,2026-08-01,paid,1637,648571.0
S008,2026-09-01,paid,1722,636781.0
S008,2026-10-01,paid,2272,875153.0
S008,2026-11-01,paid,2019,815779.0
S008,2026-12-01,paid,2554,918195.0
S008,2023-07-01,referral,1777,212862.0
S008,2023-08-01,referral,2275,638240.0
S008,2023-09-01,referral,2472,914680.0
S008,2023-10-01,referral,2803,1112036.0
S008,2023-11-01,referral,2724,1140890.0
S008,2023-12-01,referral,2968,1101570.0
S008,2024-01-01,referral,2416,1130009.0
S008,2024-02-01,referral,2287,973471.0
S008,2024-03-01,referral,3413,1199773.0
S008,2024-04-01,referral,3231,1313465.0
S008,2024-05-01,referral,3024,1400937.0
S008,2024-06-01,referral,2058,1056044.0
S008,2024-07-01,referral,2070,247463.0
S008,2024-08-01,referral,2723,751405.0
S008,2024-09-01,referral,2900,1066894.0
S008,2024-10-01,referral,3058,1223780.0
S008,2024-11-01,referral,3143,1286715.0
S008,2024-12-01,referral,3585,1354602.0
S008,2025-01-01,referral,3857,1792608.0
S008,2025-02-01,referral,3487,1507637.0
S008,2025-03-01,referral,4879,1760499.0
S008,2025-04-01,referral,4456,1873386.0
S008,2025-05-01,referral,4289,1966824.0
S008,2025-06-01,referral,3349,1675292.0
S008,2025-07-01,referral,3438,1532313.0
S008,2025-08-01,referral,4263,1619842.0
S008,2025-09-01,referral,4984,1717592.0
S008,2025-10-01,referral,5823,2168112.0
S008,2025-11-01,referral,5509,2351895.0
S008,2025-12-01,referral,5001,2292038.0
S008,2026-01-01,referral,5015,1928888.0
S008,2026-02-01,referral,4618,1788705.0
S008,2026-03-01,referral,5644,2141915.0
S008,2026-04-01,referral,5524,2178667.0
S008,2026-05-01,referral,5240,2189933.0
S008,2026-06-01,referral,5961,2275675.0
S008,2026-07-01,referral,4557,2313819.0
S008,2026-08-01,referral,5479,2092517.0
S008,2026-09-01,referral,5692,2165598.0
S008,2026-10-01,referral,5503,2434811.0
S008,2026-11-01,referral,6857,2128995.0
S008,2026-12-01,referral,6926,2900980.0
S008,2023-07-01,social,307,34009.0
S008,2023-08-01,social,312,97752.0
S008,2023-09-01,social,321,140131.0
S008,2023-10-01,social,433,155728.0
S008,2023-11-01,social,394,165503.0
S008,2023-12-01,social,350,154764.0
S008,2024-01-01,social,418,172526.0
S008,2024-02-01,social,304,156245.0
S008,2024-03-01,social,422,171019.0
S008,2024-04-01,social,457,188566.0
S008,2024-05-01,social,425,167217.0
S008,2024-06-01,social,502,180032.0
S008,2024-07-01,social,385,43342.0
S008,2024-08-01,social,426,132595.0
S008,2024-09-01,social,383,168143.0
S008,2024-10-01,social,519,180947.0
S008,2024-11-01,social,529,220142.0
S008,2024-12-01,social,479,221220.0
S008,2025-01-01,social,446,186996.0
S008,2025-02-01,social,362,183937.0
S008,2025-03-01,social,473,189786.0
S008,2025-04-01,social,515,210239.0
S008,2025-05-01,social,550,213226.0
S008,2025-06-01,social,570,209742.0
S008,2025-07-01,social,566,235505.0
S008,2025-08-01,social,497,242566.0
S008,2025-09-01,social,503,220785.0
S008,2025-10-01,social,624,223708.0
S008,2025-11-01,social,591,235936.0
S008,2025-12-01,social,647,267922.0
S008,2026-01-01,social,764,316835.0
S008,2026-02-01,social,832,308325.0
S008,2026-03-01,social,1316,395514.0
S008,2026-04-01,social,1020,467062.0
S008,2026-05-01,social,1056,481297.0
S008,2026-06-01,social,1151,432393.0
S008,2026-07-01,social,1022,473700.0
S008,2026-08-01,social,980,421272.0
S008,2026-09-01,social,1125,421626.0
S008,2026-10-01,social,1355,511355.0
S008,2026-11-01,social,1240,554721.0
S008,2026-12-01,social,1260,551601.0
S009,2023-07-01,organic,876,109679.0
S009,2023-08-01,organic,1164,334682.0
S009,2023-09-01,organic,1271,404101.0
S009,2023-10-01,organic,1424,572262.0
S009,2023-11-01,organic,1446,590470.0
S009,2023-12-01,organic,1309,589789.0
S009,2024-01-01,organic,1242,562936.0
S009,2024-02-01,organic,1033,525498.0
S009,2024-03-01,organic,1532,585427.0
S009,2024-04-01,organic,1283,552816.0
S009,2024-05-01,organic,1032,504695.0
S009,2024-06-01,organic,1118,494528.0
S009,2024-07-01,organic,1035,128147.0
S009,2024-08-01,organic,1295,352695.0
S009,2024-09-01,organic,1723,552272.0
S009,2024-10-01,organic,1805,716951.0
S009,2024-11-01,organic,1792,746836.0
S009,2024-12-01,organic,1775,787202.0
S009,2025-01-01,organic,1629,744503.0
S009,2025-02-01,organic,1357,697595.0
S009,2025-03-01,organic,1839,715136.0
S009,2025-04-01,organic,1475,668320.0
S009,2025-05-01,organic,1383,642309.0
S009,2025-06-01,organic,1441,630957.0
S009,2025-07-01,organic,1080,524906.0
S009,2025-08-01,organic,1326,523788.0
S009,2025-09-01,organic,1611,643127.0
S009,2025-10-01,organic,1924,752853.0
S009,2025-11-01,organic,1798,740790.0
S009,2025-12-01,organic,1916,827213.0
S009,2026-01-01,organic,1889,860511.0
S009,2026-02-01,organic,1934,816092.0
S009,2026-03-01,organic,2413,931182.0
S009,2026-04-01,organic,2286,907558.0
S009,2026-05-01,organic,2107,918378.0
S009,2026-06-01,organic,2215,970160.0
S009,2026-07-01,organic,1905,914506.0
S009,2026-08-01,organic,1958,859095.0
S009,2026-09-01,organic,2555,925565.0
S009,2026-10-01,organic,2713,1089742.0
S009,2026-11-01,organic,2459,1085366.0
S009,2026-12-01,organic,2412,1072192.0
S009,2023-07-01,direct,1162,138733.0
S009,2023-08-01,direct,1001,361797.0
S009,2023-09-01,direct,1206,473460.0
S009,2023-10-01,direct,1407,580770.0
S009,2023-11-01,direct,1153,508621.0
S009,2023-12-01,direct,1262,538450.0
S009,2024-01-01,direct,1198,518074.0
S009,2024-02-01,direct,1297,587920.0
S009,2024-03-01,direct,1570,598128.0
S009,2024-04-01,direct,1250,619212.0
S009,2024-05-01,direct,1211,531670.0
S009,2024-06-01,direct,1212,494834.0
S009,2024-07-01,direct,1602,196688.0
S009,2024-08-01,direct,1411,513752.0
S009,2024-09-01,direct,1768,693433.0
S009,2024-10-01,direct,1830,753579.0
S009,2024-11-01,direct,1545,692454.0
S009,2024-12-01,direct,1721,717861.0
S009,2025-01-01,direct,1620,735396.0
S009,2025-02-01,direct,1553,726812.0
S009,2025-03-01,direct,1864,740418.0
S009,2025-04-01,direct,1534,750848.0
S009,2025-05-01,direct,1490,654898.0
S009,2025-06-01,direct,1501,645023.0
S009,2025-07-01,direct,1428,658674.0
S009,2025-08-01,direct,1457,607607.0
S009,2025-09-01,direct,1332,560336.0
S009,2025-10-01,direct,1799,627538.0
S009,2025-11-01,direct,1929,770600.0
S009,2025-12-01,direct,1927,907934.0
S009,2026-01-01,direct,1764,745930.0
S009,2026-02-01,direct,1548,686141.0
S009,2026-03-01,direct,1811,773288.0
S009,2026-04-01,direct,1711,718938.0
S009,2026-05-01,direct,2028,813305.0
S009,2026-06-01,direct,2084,860576.0
S009,2026-07-01,direct,1938,921085.0
S009,2026-08-01,direct,1618,850782.0
S009,2026-09-01,direct,1784,684610.0
S009,2026-10-01,direct,1952,797163.0
S009,2026-11-01,direct,2300,866145.0
S009,2026-12-01,direct,2595,1015003.0
S009,2023-07-01,paid,665,88663.0
S009,2023-08-01,paid,539,194493.0
S009,2023-09-01,paid,673,253274.0
S009,2023-10-01,paid,811,331124.0
S009,2023-11-01,paid,744,357331.0
S009,2023-12-01,paid,713,294593.0
S009,2024-01-01,paid,753,309115.0
S009,2024-02-01,paid,633,281067.0
S009,2024-03-01,paid,873,306795.0
S009,2024-04-01,paid,931,406848.0
S009,2024-05-01,paid,804,408290.0
S009,2024-06-01,paid,811,349141.0
S009,2024-07-01,paid,754,99562.0
S009,2024-08-01,paid,664,240162.0
S009,2024-09-01,paid,920,345343.0
S009,2024-10-01,paid,937,376619.0
S009,2024-11-01,paid,850,410505.0
S009,2024-12-01,paid,880,362247.0
S009,2025-01-01,paid,1032,437780.0
S009,2025-02-01,paid,934,411902.0
S009,2025-03-01,paid,1361,492978.0
S009,2025-04-01,paid,1260,563052.0
S009,2025-05-01,paid,1135,558945.0
S009,2025-06-01,paid,1102,473933.0
S009,2025-07-01,paid,1163,508217.0
S009,2025-08-01,paid,1293,528402.0
S009,2025-09-01,paid,1243,558850.0
S009,2025-10-01,paid,1821,545534.0
S009,2025-11-01,paid,2051,775493.0
S009,2025-12-01,paid,1804,794900.0
S009,2026-01-01,paid,2187,854555.0
S009,2026-02-01,paid,2004,844467.0
S009,2026-03-01,paid,2595,1040639.0
S009,2026-04-01,paid,2404,983952.0
S009,2026-05-01,paid,2866,1145266.0
S009,2026-06-01,paid,2699,1213213.0
S009,2026-07-01,paid,1891,1042771.0
S009,2026-08-01,paid,1872,862633.0
S009,2026-09-01,paid,2601,891822.0
S009,2026-10-01,paid,2486,1036979.0
S009,2026-11-01,paid,3168,1177822.0
S009,2026-12-01,paid,3167,1239196.0
S009,2023-07-01,referral,1007,127569.0
S009,2023-08-01,referral,1159,376979.0
S009,2023-09-01,referral,1095,440747.0
S009,2023-10-01,referral,1037,450434.0
S009,2023-11-01,referral,1113,485856.0
S009,2023-12-01,referral,1160,484068.0
S009,2024-01-01,referral,1203,519929.0
S009,2024-02-01,referral,1014,438802.0
S009,2024-03-01,referral,1310,467911.0
S009,2024-04-01,referral,1239,547450.0
S009,2024-05-01,referral,1239,564440.0
S009,2024-06-01,referral,1090,482659.0
S009,2024-07-01,referral,1557,195599.0
S009,2024-08-01,referral,1668,537248.0
S009,2024-09-01,referral,1546,628757.0
S009,2024-10-01,referral,1719,724794.0
S009,2024-11-01,referral,1714,757252.0
S009,2024-12-01,referral,1627,684326.0
S009,2025-01-01,referral,1551,656165.0
S009,2025-02-01,referral,1379,591006.0
S009,2025-03-01,referral,1905,695812.0
S009,2025-04-01,referral,1732,768157.0
S009,2025-05-01,referral,1610,754206.0
S009,2025-06-01,referral,1641,746204.0
S009,2025-07-01,referral,1460,737754.0
S009,2025-08-01,referral,1611,660238.0
S009,2025-09-01,referral,1928,732595.0
S009,2025-10-01,referral,2279,803025.0
S009,2025-11-01,referral,2314,874710.0
S009,2025-12-01,referral,2525,1103707.0
S009,2026-01-01,referral,2195,971728.0
S009,2026-02-01,referral,1872,823587.0
S009,2026-03-01,referral,2158,952874.0
S009,2026-04-01,referral,1902,856472.0
S009,2026-05-01,referral,1562,911540.0
S009,2026-06-01,referral,1713,698359.0
S009,2026-07-01,referral,1674,695573.0
S009,2026-08-01,referral,2061,765328.0
S009,2026-09-01,referral,2029,838139.0
S009,2026-10-01,referral,2535,1030844.0
S009,2026-11-01,referral,2355,989565.0
S009,2026-12-01,referral,2051,1035955.0
S009,2023-07-01,social,191,25561.0
S009,2023-08-01,social,124,48493.0
S009,2023-09-01,social,162,55052.0
S009,2023-10-01,social,177,74039.0
S009,2023-11-01,social,189,77933.0
S009,2023-12-01,social,160,82915.0
S009,2024-01-01,social,146,73553.0
S009,2024-02-01,social,114,51974.0
S009,2024-03-01,social,142,57699.0
S009,2024-04-01,social,137,53179.0
S009,2024-05-01,social,143,67277.0
S009,2024-06-01,social,112,56796.0
S009,2024-07-01,social,217,29096.0
S009,2024-08-01,social,167,66720.0
S009,2024-09-01,social,224,77321.0
S009,2024-10-01,social,218,91711.0
S009,2024-11-01,social,250,101995.0
S009,2024-12-01,social,212,112338.0
S009,2025-01-01,social,174,84449.0
S009,2025-02-01,social,167,76032.0
S009,2025-03-01,social,191,78914.0
S009,2025-04-01,social,205,81464.0
S009,2025-05-01,social,178,82657.0
S009,2025-06-01,social,148,72555.0
S009,2025-07-01,social,176,82071.0
S009,2025-08-01,social,185,73619.0
S009,2025-09-01,social,226,89819.0
S009,2025-10-01,social,199,92695.0
S009,2025-11-01,social,207,80054.0
S009,2025-12-01,social,226,91070.0
S009,2026-01-01,social,257,97908.0
S009,2026-02-01,social,178,86423.0
S009,2026-03-01,social,303,109369.0
S009,2026-04-01,social,277,108861.0
S009,2026-05-01,social,286,122850.0
S009,2026-06-01,social,274,110621.0
S009,2026-07-01,social,274,121277.0
S009,2026-08-01,social,253,111726.0
S009,2026-09-01,social,240,110134.0
S009,2026-10-01,social,273,120121.0
S009,2026-11-01,social,277,118234.0
S009,2026-12-01,social,295,114866.0
S010,2023-07-01,organic,2194,271295.0
S010,2023-08-01,organic,2364,739868.0
S010,2023-09-01,organic,2852,1065864.0
S010,2023-10-01,organic,2797,1135499.0
S010,2023-11-01,organic,3612,1273378.0
S010,2023-12-01,organic,3138,1351175.0
S010,2024-01-01,organic,3846,1481700.0
S010,2024-02-01,organic,3429,1254698.0
S010,2024-03-01,organic,4452,1540038.0
S010,2024-04-01,organic,5140,2047520.0
S010,2024-05-01,organic,4876,1889459.0
S010,2024-06-01,organic,5439,2370099.0
S010,2024-07-01,organic,2945,352659.0
S010,2024-08-01,organic,3419,1040851.0
S010,2024-09-01,organic,3743,1399351.0
S010,2024-10-01,organic,4241,1689518.0
S010,2024-11-01,organic,4612,1614637.0
S010,2024-12-01,organic,3947,1737144.0
S010,2025-01-01,organic,5288,2000364.0
S010,2025-02-01,organic,5664,2012244.0
S010,2025-03-01,organic,7471,2615425.0
S010,2025-04-01,organic,7268,2882737.0
S010,2025-05-01,organic,8081,3117764.0
S010,2025-06-01,organic,8039,3544755.0
S010,2025-07-01,organic,7314,3186079.0
S010,2025-08-01,organic,7811,3336633.0
S010,2025-09-01,organic,7849,3218255.0
S010,2025-10-01,organic,7814,3183526.0
S010,2025-11-01,organic,8886,3383959.0
S010,2025-12-01,organic,8716,3549610.0
S010,2026-01-01,organic,8743,3454668.0
S010,2026-02-01,organic,7994,3378162.0
S010,2026-03-01,organic,9408,3698160.0
S010,2026-04-01,organic,8440,3767247.0
S010,2026-05-01,organic,8324,3748947.0
S010,2026-06-01,organic,8072,3246564.0
S010,2026-07-01,organic,8363,3742276.0
S010,2026-08-01,organic,7794,3447872.0
S010,2026-09-01,organic,8889,3324190.0
S010,2026-10-01,organic,12049,3801006.0
S010,2026-11-01,organic,15173,5061720.0
S010,2026-12-01,organic,15262,6079621.0
S010,2023-07-01,direct,1736,200657.0
S010,2023-08-01,direct,1936,591087.0
S010,2023-09-01,direct,2091,777560.0
S010,2023-10-01,direct,1926,830966.0
S010,2023-11-01,direct,2348,925398.0
S010,2023-12-01,direct,2438,903593.0
S010,2024-01-01,direct,2581,1017409.0
S010,2024-02-01,direct,2537,1057418.0
S010,2024-03-01,direct,2288,1086917.0
S010,2024-04-01,direct,1872,880188.0
S010,2024-05-01,direct,2038,828164.0
S010,2024-06-01,direct,2892,1073123.0
S010,2024-07-01,direct,2323,275700.0
S010,2024-08-01,direct,2556,808415.0
S010,2024-09-01,direct,2688,965888.0
S010,2024-10-01,direct,2983,1242633.0
S010,2024-11-01,direct,3401,1303623.0
S010,2024-12-01,direct,3519,1278538.0
S010,2025-01-01,direct,3744,1477528.0
S010,2025-02-01,direct,3383,1392941.0
S010,2025-03-01,direct,3109,1432019.0
S010,2025-04-01,direct,2827,1275543.0
S010,2025-05-01,direct,3116,1314809.0
S010,2025-06-01,direct,3875,1421451.0
S010,2025-07-01,direct,3789,1567901.0
S010,2025-08-01,direct,4223,1619446.0
S010,2025-09-01,direct,4539,1691636.0
S010,2025-10-01,direct,4820,1833039.0
S010,2025-11-01,direct,4795,2056105.0
S010,2025-12-01,direct,4774,2048738.0
S010,2026-01-01,direct,3588,1698475.0
S010,2026-02-01,direct,3611,1536705.0
S010,2026-03-01,direct,4512,1770389.0
S010,2026-04-01,direct,4697,1659525.0
S010,2026-05-01,direct,4216,1979492.0
S010,2026-06-01,direct,4598,1914895.0
S010,2026-07-01,direct,4743,1923039.0
S010,2026-08-01,direct,4322,2013123.0
S010,2026-09-01,direct,4307,1818803.0
S010,2026-10-01,direct,4322,1801024.0
S010,2026-11-01,direct,4297,1707949.0
S010,2026-12-01,direct,4882,1927712.0
S010,2023-07-01,paid,869,105673.0
S010,2023-08-01,paid,995,344600.0
S010,2023-09-01,paid,920,365868.0
S010,2023-10-01,paid,1033,396827.0
S010,2023-11-01,paid,1021,396243.0
S010,2023-12-01,paid,1542,488683.0
S010,2024-01-01,paid,1219,517871.0
S010,2024-02-01,paid,1503,590454.0
S010,2024-03-01,paid,1532,689162.0
S010,2024-04-01,paid,1792,663504.0
S010,2024-05-01,paid,1766,698398.0
S010,2024-06-01,paid,2285,844499.0
S010,2024-07-01,paid,1279,161869.0
S010,2024-08-01,paid,1164,391623.0
S010,2024-09-01,paid,1299,526338.0
S010,2024-10-01,paid,1449,562100.0
S010,2024-11-01,paid,1340,545239.0
S010,2024-12-01,paid,2007,625223.0
S010,2025-01-01,paid,1752,729156.0
S010,2025-02-01,paid,1842,755646.0
S010,2025-03-01,paid,1881,839108.0
S010,2025-04-01,paid,2189,830426.0
S010,2025-05-01,paid,2327,896044.0
S010,2025-06-01,paid,2758,990290.0
S010,2025-07-01,paid,2345,1016871.0
S010,2025-08-01,paid,2268,1008225.0
S010,2025-09-01,paid,2912,975595.0
S010,2025-10-01,paid,3495,1215294.0
S010,2025-11-01,paid,2796,1325306.0
S010,2025-12-01,paid,2611,1269063.0
S010,2026-01-01,paid,3089,1252270.0
S010,2026-02-01,paid,2529,1114288.0
S010,2026-03-01,paid,2829,1252422.0
S010,2026-04-01,paid,2685,1128348.0
S010,2026-05-01,paid,2307,1089822.0
S010,2026-06-01,paid,2317,984124.0
S010,2026-07-01,paid,2418,1003983.0
S010,2026-08-01,paid,2544,1012530.0
S010,2026-09-01,paid,2443,1012789.0
S010,2026-10-01,paid,2773,1069686.0
S010,2026-11-01,paid,2782,1120281.0
S010,2026-12-01,paid,3479,1259285.0
S010,2023-07-01,referral,1858,224386.0
S010,2023-08-01,referral,1786,604246.0
S010,2023-09-01,referral,2137,787674.0
S010,2023-10-01,referral,2345,783742.0
S010,2023-11-01,referral,2984,1156222.0
S010,2023-12-01,referral,2870,1212993.0
S010,2024-01-01,referral,2997,1161890.0
S010,2024-02-01,referral,2521,1076597.0
S010,2024-03-01,referral,2725,1178368.0
S010,2024-04-01,referral,3107,1297737.0
S010,2024-05-01,referral,3347,1428199.0
S010,2024-06-01,referral,3072,1283706.0
S010,2024-07-01,referral,2360,283197.0
S010,2024-08-01,referral,2270,739833.0
S010,2024-09-01,referral,2892,1096502.0
S010,2024-10-01,referral,3389,1164197.0
S010,2024-11-01,referral,4062,1614199.0
S010,2024-12-01,referral,3700,1612364.0
S010,2025-01-01,referral,4347,1613751.0
S010,2025-02-01,referral,3849,1630940.0
S010,2025-03-01,referral,4126,1767177.0
S010,2025-04-01,referral,4419,1859723.0
S010,2025-05-01,referral,4524,1938079.0
S010,2025-06-01,referral,4468,1801346.0
S010,2025-07-01,referral,4019,1833644.0
S010,2025-08-01,referral,4294,1789005.0
S010,2025-09-01,referral,4972,1759170.0
S010,2025-10-01,referral,6903,2256149.0
S010,2025-11-01,referral,6845,2706311.0
S010,2025-12-01,referral,6953,3081697.0
S010,2026-01-01,referral,5480,2598004.0
S010,2026-02-01,referral,5282,2029079.0
S010,2026-03-01,referral,8177,2574171.0
S010,2026-04-01,referral,5969,3105589.0
S010,2026-05-01,referral,7200,2997243.0
S010,2026-06-01,referral,6744,2842964.0
S010,2026-07-01,referral,5555,2761296.0
S010,2026-08-01,referral,6625,2476494.0
S010,2026-09-01,referral,8685,2986204.0
S010,2026-10-01,referral,8576,3509435.0
S010,2026-11-01,referral,10861,3919723.0
S010,2026-12-01,referral,9078,4339769.0
S010,2023-07-01,social,265,32024.0
S010,2023-08-01,social,229,79430.0
S010,2023-09-01,social,297,106506.0
S010,2023-10-01,social,331,133446.0
S010,2023-11-01,social,270,120590.0
S010,2023-12-01,social,273,125949.0
S010,2024-01-01,social,282,125790.0
S010,2024-02-01,social,260,100434.0
S010,2024-03-01,social,365,126342.0
S010,2024-04-01,social,345,141865.0
S010,2024-05-01,social,307,143987.0
S010,2024-06-01,social,399,144951.0
S010,2024-07-01,social,326,38912.0
S010,2024-08-01,social,276,95064.0
S010,2024-09-01,social,374,133426.0
S010,2024-10-01,social,422,166375.0
S010,2024-11-01,social,368,162492.0
S010,2024-12-01,social,356,158262.0
S010,2025-01-01,social,349,153179.0
S010,2025-02-01,social,327,128390.0
S010,2025-03-01,social,460,162428.0
S010,2025-04-01,social,463,188570.0
S010,2025-05-01,social,423,203899.0
S010,2025-06-01,social,520,180511.0
S010,2025-07-01,social,465,204231.0
S010,2025-08-01,social,425,199122.0
S010,2025-09-01,social,494,180296.0
S010,2025-10-01,social,447,196096.0
S010,2025-11-01,social,494,213194.0
S010,2025-12-01,social,407,201490.0
S010,2026-01-01,social,434,188932.0
S010,2026-02-01,social,440,176490.0
S010,2026-03-01,social,462,193595.0
S010,2026-04-01,social,530,199931.0
S010,2026-05-01,social,450,193881.0
S010,2026-06-01,social,433,197475.0
S010,2026-07-01,social,373,196036.0
S010,2026-08-01,social,405,179178.0
S010,2026-09-01,social,449,158477.0
S010,2026-10-01,social,534,195642.0
S010,2026-11-01,social,424,187417.0
S010,2026-12-01,social,399,194270.0
S011,2023-07-01,organic,2253,274024.0
S011,2023-08-01,organic,2149,756146.0
S011,2023-09-01,organic,2456,1008543.0
S011,2023-10-01,organic,2183,951899.0
S011,2023-11-01,organic,2510,1045863.0
S011,2023-12-01,organic,2396,1027314.0
S011,2024-01-01,organic,2803,1187914.0
S011,2024-02-01,organic,2307,939980.0
S011,2024-03-01,organic,2995,1269542.0
S011,2024-04-01,organic,2817,1186829.0
S011,2024-05-01,organic,2862,1287582.0
S011,2024-06-01,organic,3465,1293278.0
S011,2024-07-01,organic,2665,336240.0
S011,2024-08-01,organic,2395,835403.0
S011,2024-09-01,organic,2849,1135748.0
S011,2024-10-01,organic,2871,1256511.0
S011,2024-11-01,organic,2911,1238614.0
S011,2024-12-01,organic,2979,1292867.0
S011,2025-01-01,organic,4044,1776755.0
S011,2025-02-01,organic,3731,1508689.0
S011,2025-03-01,organic,4219,1740989.0
S011,2025-04-01,organic,4130,1802057.0
S011,2025-05-01,organic,4132,1810090.0
S011,2025-06-01,organic,4777,1813139.0
S011,2025-07-01,organic,4450,2125843.0
S011,2025-08-01,organic,4247,2015756.0
S011,2025-09-01,organic,4428,1893973.0
S011,2025-10-01,organic,5191,1968418.0
S011,2025-11-01,organic,5610,2202034.0
S011,2025-12-01,organic,5645,2332093.0
S011,2026-01-01,organic,4904,2073719.0
S011,2026-02-01,organic,5664,2108437.0
S011,2026-03-01,organic,6285,2605666.0
S011,2026-04-01,organic,6931,2772556.0
S011,2026-05-01,organic,7465,3030867.0
S011,2026-06-01,organic,7279,3271390.0
S011,2026-07-01,organic,6983,3384517.0
S011,2026-08-01,organic,6007,2915905.0
S011,2026-09-01,organic,6698,2527926.0
S011,2026-10-01,organic,8903,3428812.0
S011,2026-11-01,organic,8890,3718347.0
S011,2026-12-01,organic,7936,3606301.0
S011,2023-07-01,direct,1898,239140.0
S011,2023-08-01,direct,1618,600278.0
S011,2023-09-01,direct,2068,796946.0
S011,2023-10-01,direct,1925,858193.0
S011,2023-11-01,direct,2232,822219.0
S011,2023-12-01,direct,1964,996148.0
S011,2024-01-01,direct,1617,793197.0
S011,2024-02-01,direct,1857,795855.0
S011,2024-03-01,direct,1859,785669.0
S011,2024-04-01,direct,1491,697855.0
S011,2024-05-01,direct,1665,725345.0
S011,2024-06-01,direct,1614,714354.0
S011,2024-07-01,direct,2201,273965.0
S011,2024-08-01,direct,2217,839009.0
S011,2024-09-01,direct,2762,1073717.0
S011,2024-10-01,direct,2556,1123620.0
S011,2024-11-01,direct,2887,1052454.0
S011,2024-12-01,direct,2342,1179516.0
S011,2025-01-01,direct,2710,1299370.0
S011,2025-02-01,direct,2576,1075141.0
S011,2025-03-01,direct,2562,1072336.0
S011,2025-04-01,direct,2366,1114562.0
S011,2025-05-01,direct,2734,1170581.0
S011,2025-06-01,direct,2365,1046237.0
S011,2025-07-01,direct,2424,1195528.0
S011,2025-08-01,direct,2257,987280.0
S011,2025-09-01,direct,2712,948581.0
S011,2025-10-01,direct,2839,1090960.0
S011,2025-11-01,direct,2808,1165229.0
S011,2025-12-01,direct,3031,1368687.0
S011,2026-01-01,direct,2869,1169893.0
S011,2026-02-01,direct,2284,1029414.0
S011,2026-03-01,direct,2613,1155426.0
S011,2026-04-01,direct,2880,1093935.0
S011,2026-05-01,direct,2632,1205147.0
S011,2026-06-01,direct,2080,1065913.0
S011,2026-07-01,direct,1821,1004348.0
S011,2026-08-01,direct,1841,832166.0
S011,2026-09-01,direct,2114,881006.0
S011,2026-10-01,direct,2176,928676.0
S011,2026-11-01,direct,2162,888578.0
S011,2026-12-01,direct,2289,941298.0
S011,2023-07-01,paid,1033,120950.0
S011,2023-08-01,paid,1114,380112.0
S011,2023-09-01,paid,1038,440918.0
S011,2023-10-01,paid,1158,482116.0
S011,2023-11-01,paid,1489,565036.0
S011,2023-12-01,paid,1393,630850.0
S011,2024-01-01,paid,1160,608577.0
S011,2024-02-01,paid,1069,465996.0
S011,2024-03-01,paid,1422,570557.0
S011,2024-04-01,paid,1356,610836.0
S011,2024-05-01,paid,1416,618894.0
S011,2024-06-01,paid,1496,620325.0
S011,2024-07-01,paid,1494,179016.0
S011,2024-08-01,paid,1649,572950.0
S011,2024-09-01,paid,1478,625537.0
S011,2024-10-01,paid,1678,731996.0
S011,2024-11-01,paid,2117,823843.0
S011,2024-12-01,paid,1978,903007.0
S011,2025-01-01,paid,1461,794246.0
S011,2025-02-01,paid,1328,583136.0
S011,2025-03-01,paid,1638,637409.0
S011,2025-04-01,paid,1685,768446.0
S011,2025-05-01,paid,1654,707136.0
S011,2025-06-01,paid,1639,665581.0
S011,2025-07-01,paid,1750,767875.0
S011,2025-08-01,paid,1831,703325.0
S011,2025-09-01,paid,1744,741059.0
S011,2025-10-01,paid,2193,821032.0
S011,2025-11-01,paid,2861,988304.0
S011,2025-12-01,paid,2806,1190923.0
S011,2026-01-01,paid,2856,1442450.0
S011,2026-02-01,paid,2226,1094623.0
S011,2026-03-01,paid,2594,1138530.0
S011,2026-04-01,paid,2534,1148377.0
S011,2026-05-01,paid,3017,1226240.0
S011,2026-06-01,paid,3401,1438194.0
S011,2026-07-01,paid,3125,1395657.0
S011,2026-08-01,paid,3530,1564725.0
S011,2026-09-01,paid,2792,1323986.0
S011,2026-10-01,paid,3932,1472760.0
S011,2026-11-01,paid,3620,1566207.0
S011,2026-12-01,paid,3523,1461656.0
S011,2023-07-01,referral,2012,237892.0
S011,2023-08-01,referral,2382,728607.0
S011,2023-09-01,referral,2090,820253.0
S011,2023-10-01,referral,2696,996532.0
S011,2023-11-01,referral,2621,1088300.0
S011,2023-12-01,referral,2764,1194310.0
S011,2024-01-01,referral,3242,1234782.0
S011,2024-02-01,referral,3214,1270940.0
S011,2024-03-01,referral,3459,1647203.0
S011,2024-04-01,referral,3022,1496915.0
S011,2024-05-01,referral,3117,1284427.0
S011,2024-06-01,referral,4153,1498858.0
S011,2024-07-01,referral,2328,280812.0
S011,2024-08-01,referral,3007,952643.0
S011,2024-09-01,referral,2967,1138993.0
S011,2024-10-01,referral,3821,1454643.0
S011,2024-11-01,referral,3850,1589721.0
S011,2024-12-01,referral,3565,1470638.0
S011,2025-01-01,referral,4649,1693332.0
S011,2025-02-01,referral,4840,1912167.0
S011,2025-03-01,referral,4692,2161329.0
S011,2025-04-01,referral,4343,2159973.0
S011,2025-05-01,referral,4930,2009444.0
S011,2025-06-01,referral,5624,2138453.0
S011,2025-07-01,referral,4094,2324091.0
S011,2025-08-01,referral,3793,1784616.0
S011,2025-09-01,referral,5248,1728545.0
S011,2025-10-01,referral,5330,2170417.0
S011,2025-11-01,referral,5670,2359784.0
S011,2025-12-01,referral,4517,2322284.0
S011,2026-01-01,referral,4296,2081229.0
S011,2026-02-01,referral,4543,1918355.0
S011,2026-03-01,referral,5456,2301239.0
S011,2026-04-01,referral,4486,2080039.0
S011,2026-05-01,referral,4667,2174735.0
S011,2026-06-01,referral,4765,1992504.0
S011,2026-07-01,referral,4209,1995155.0
S011,2026-08-01,referral,4573,1808055.0
S011,2026-09-01,referral,3803,1782387.0
S011,2026-10-01,referral,4899,1835360.0
S011,2026-11-01,referral,3752,1801909.0
S011,2026-12-01,referral,4882,1810791.0
S011,2023-07-01,social,136,16434.0
S011,2023-08-01,social,116,42401.0
S011,2023-09-01,social,158,55125.0
S011,2023-10-01,social,178,70814.0
S011,2023-11-01,social,213,75297.0
S011,2023-12-01,social,147,79188.0
S011,2024-01-01,social,154,75642.0
S011,2024-02-01,social,169,63913.0
S011,2024-03-01,social,207,79701.0
S011,2024-04-01,social,189,77512.0
S011,2024-05-01,social,169,84784.0
S011,2024-06-01,social,201,83847.0
S011,2024-07-01,social,171,21093.0
S011,2024-08-01,social,159,58565.0
S011,2024-09-01,social,201,68846.0
S011,2024-10-01,social,222,87128.0
S011,2024-11-01,social,260,91688.0
S011,2024-12-01,social,194,103721.0
S011,2025-01-01,social,209,103450.0
S011,2025-02-01,social,236,90111.0
S011,2025-03-01,social,254,94204.0
S011,2025-04-01,social,276,115842.0
S011,2025-05-01,social,235,120018.0
S011,2025-06-01,social,295,117047.0
S011,2025-07-01,social,234,125527.0
S011,2025-08-01,social,308,116880.0
S011,2025-09-01,social,350,137764.0
S011,2025-10-01,social,418,160318.0
S011,2025-11-01,social,319,170864.0
S011,2025-12-01,social,305,138968.0
S011,2026-01-01,social,340,152673.0
S011,2026-02-01,social,273,127334.0
S011,2026-03-01,social,343,142101.0
S011,2026-04-01,social,435,151250.0
S011,2026-05-01,social,406,175020.0
S011,2026-06-01,social,514,201698.0
S011,2026-07-01,social,390,207659.0
S011,2026-08-01,social,396,184253.0
S011,2026-09-01,social,602,202230.0
S011,2026-10-01,social,686,245012.0
S011,2026-11-01,social,660,302393.0
S011,2026-12-01,social,575,278510.0
S012,2023-07-01,organic,1166,142025.0
S012,2023-08-01,organic,1009,337500.0
S012,2023-09-01,organic,1164,433199.0
S012,2023-10-01,organic,1339,536197.0
S012,2023-11-01,organic,1465,648377.0
S012,2023-12-01,organic,1451,554059.0
S012,2024-01-01,organic,1575,635494.0
S012,2024-02-01,organic,1459,584521.0
S012,2024-03-01,organic,1302,596878.0
S012,2024-04-01,organic,1369,601291.0
S012,2024-05-01,organic,1192,512046.0
S012,2024-06-01,organic,1449,573747.0
S012,2024-07-01,organic,1494,176242.0
S012,2024-08-01,organic,1400,462741.0
S012,2024-09-01,organic,1740,656651.0
S012,2024-10-01,organic,1817,724560.0
S012,2024-11-01,organic,1947,839661.0
S012,2024-12-01,organic,2064,782834.0
S012,2025-01-01,organic,2107,852972.0
S012,2025-02-01,organic,2052,814405.0
S012,2025-03-01,organic,2114,923482.0
S012,2025-04-01,organic,1921,875725.0
S012,2025-05-01,organic,1904,778144.0
S012,2025-06-01,organic,1949,774344.0
S012,2025-07-01,organic,1505,752435.0
S012,2025-08-01,organic,1907,757536.0
S012,2025-09-01,organic,1997,774202.0
S012,2025-10-01,organic,2094,867576.0
S012,2025-11-01,organic,2321,997288.0
S012,2025-12-01,organic,2334,934860.0
S012,2026-01-01,organic,2800,1089952.0
S012,2026-02-01,organic,2663,992512.0
S012,2026-03-01,organic,2790,1344588.0
S012,2026-04-01,organic,2539,1192544.0
S012,2026-05-01,organic,2775,1187343.0
S012,2026-06-01,organic,2788,1117955.0
S012,2026-07-01,organic,2243,1232491.0
S012,2026-08-01,organic,2245,1040923.0
S012,2026-09-01,organic,2498,1006852.0
S012,2026-10-01,organic,3243,1116017.0
S012,2026-11-01,organic,2917,1312343.0
S012,2026-12-01,organic,3211,1377760.0
S012,2023-07-01,direct,1018,120128.0
S012,2023-08-01,direct,915,315098.0
S012,2023-09-01,direct,1180,455852.0
S012,2023-10-01,direct,1032,396184.0
S012,2023-11-01,direct,1129,469616.0
S012,2023-12-01,direct,1125,498940.0
S012,2024-01-01,direct,1456,541920.0
S012,2024-02-01,direct,873,471185.0
S012,2024-03-01,direct,1111,484775.0
S012,2024-04-01,direct,1200,443674.0
S012,2024-05-01,direct,1140,487761.0
S012,2024-06-01,direct,1162,485881.0
S012,2024-07-01,direct,1445,178369.0
S012,2024-08-01,direct,1320,465856.0
S012,2024-09-01,direct,1560,583067.0
S012,2024-10-01,direct,1579,612241.0
S012,2024-11-01,direct,1606,666067.0
S012,2024-12-01,direct,1550,697596.0
S012,2025-01-01,direct,1793,694061.0
S012,2025-02-01,direct,1203,646405.0
S012,2025-03-01,direct,1443,630859.0
S012,2025-04-01,direct,1511,565180.0
S012,2025-05-01,direct,1450,615127.0
S012,2025-06-01,direct,1562,641799.0
S012,2025-07-01,direct,1512,652915.0
S012,2025-08-01,direct,1494,647761.0
S012,2025-09-01,direct,1404,635307.0
S012,2025-10-01,direct,1965,680073.0
S012,2025-11-01,direct,2284,855674.0
S012,2025-12-01,direct,1903,905261.0
S012,2026-01-01,direct,2419,969209.0
S012,2026-02-01,direct,1807,858382.0
S012,2026-03-01,direct,1817,820240.0
S012,2026-04-01,direct,1623,734250.0
S012,2026-05-01,direct,1624,656548.0
S012,2026-06-01,direct,1904,722036.0
S012,2026-07-01,direct,1625,795773.0
S012,2026-08-01,direct,2019,761905.0
S012,2026-09-01,direct,1801,839973.0
S012,2026-10-01,direct,2107,830962.0
S012,2026-11-01,direct,1866,826194.0
S012,2026-12-01,direct,2493,864950.0
S012,2023-07-01,paid,302,35445.0
S012,2023-08-01,paid,269,107138.0
S012,2023-09-01,paid,313,113438.0
S012,2023-10-01,paid,372,134935.0
S012,2023-11-01,paid,402,157456.0
S012,2023-12-01,paid,425,180185.0
S012,2024-01-01,paid,353,157811.0
S012,2024-02-01,paid,356,167524.0
S012,2024-03-01,paid,435,158953.0
S012,2024-04-01,paid,466,189192.0
S012,2024-05-01,paid,437,195384.0
S012,2024-06-01,paid,455,196155.0
S012,2024-07-01,paid,459,54607.0
S012,2024-08-01,paid,371,146922.0
S012,2024-09-01,paid,493,175414.0
S012,2024-10-01,paid,530,189562.0
S012,2024-11-01,paid,588,222839.0
S012,2024-12-01,paid,672,288115.0
S012,2025-01-01,paid,530,242575.0
S012,2025-02-01,paid,445,204183.0
S012,2025-03-01,paid,593,220538.0
S012,2025-04-01,paid,631,259961.0
S012,2025-05-01,paid,635,284117.0
S012,2025-06-01,paid,585,255934.0
S012,2025-07-01,paid,706,290954.0
S012,2025-08-01,paid,622,289465.0
S012,2025-09-01,paid,494,257721.0
S012,2025-10-01,paid,660,235258.0
S012,2025-11-01,paid,641,271753.0
S012,2025-12-01,paid,489,258360.0
S012,2026-01-01,paid,449,203829.0
S012,2026-02-01,paid,458,203559.0
S012,2026-03-01,paid,587,204200.0
S012,2026-04-01,paid,654,236278.0
S012,2026-05-01,paid,716,286248.0
S012,2026-06-01,paid,568,297117.0
S012,2026-07-01,paid,481,226213.0
S012,2026-08-01,paid,592,235199.0
S012,2026-09-01,paid,694,265945.0
S012,2026-10-01,paid,695,301162.0
S012,2026-11-01,paid,827,312666.0
S012,2026-12-01,paid,655,299690.0
S012,2023-07-01,referral,546,67838.0
S012,2023-08-01,referral,504,178368.0
S012,2023-09-01,referral,633,240206.0
S012,2023-10-01,referral,811,302146.0
S012,2023-11-01,referral,677,281332.0
S012,2023-12-01,referral,604,275824.0
S012,2024-01-01,referral,750,317963.0
S012,2024-02-01,referral,740,295489.0
S012,2024-03-01,referral,504,289128.0
S012,2024-04-01,referral,504,226105.0
S012,2024-05-01,referral,480,185927.0
S012,2024-06-01,referral,528,236807.0
S012,2024-07-01,referral,731,89764.0
S012,2024-08-01,referral,748,254331.0
S012,2024-09-01,referral,807,305595.0
S012,2024-10-01,referral,1052,411124.0
S012,2024-11-01,referral,959,412198.0
S012,2024-12-01,referral,954,427379.0
S012,2025-01-01,referral,910,391467.0
S012,2025-02-01,referral,961,375102.0
S012,2025-03-01,referral,699,388508.0
S012,2025-04-01,referral,605,279637.0
S012,2025-05-01,referral,665,264608.0
S012,2025-06-01,referral,575,258351.0
S012,2025-07-01,referral,683,241468.0
S012,2025-08-01,referral,784,337391.0
S012,2025-09-01,referral,662,295746.0
S012,2025-10-01,referral,696,294633.0
S012,2025-11-01,referral,639,280631.0
S012,2025-12-01,referral,650,284621.0
S012,2026-01-01,referral,684,291687.0
S012,2026-02-01,referral,783,296807.0
S012,2026-03-01,referral,755,358093.0
S012,2026-04-01,referral,774,302213.0
S012,2026-05-01,referral,747,337099.0
S012,2026-06-01,referral,591,315013.0
S012,2026-07-01,referral,574,238976.0
S012,2026-08-01,referral,632,255369.0
S012,2026-09-01,referral,816,290442.0
S012,2026-10-01,referral,996,342269.0
S012,2026-11-01,referral,880,396874.0
S012,2026-12-01,referral,992,437907.0
S012,2023-07-01,social,53,6500.0
S012,2023-08-01,social,55,18794.0
S012,2023-09-01,social,58,22796.0
S012,2023-10-01,social,70,22360.0
S012,2023-11-01,social,102,33250.0
S012,2023-12-01,social,75,37290.0
S012,2024-01-01,social,82,38223.0
S012,2024-02-01,social,51,32001.0
S012,2024-03-01,social,73,23365.0
S012,2024-04-01,social,73,30346.0
S012,2024-05-01,social,72,31044.0
S012,2024-06-01,social,63,34614.0
S012,2024-07-01,social,73,9003.0
S012,2024-08-01,social,73,25719.0
S012,2024-09-01,social,85,33303.0
S012,2024-10-01,social,102,34521.0
S012,2024-11-01,social,150,48786.0
S012,2024-12-01,social,112,52753.0
S012,2025-01-01,social,108,51910.0
S012,2025-02-01,social,70,41950.0
S012,2025-03-01,social,112,36664.0
S012,2025-04-01,social,102,42050.0
S012,2025-05-01,social,118,49910.0
S012,2025-06-01,social,86,47158.0
S012,2025-07-01,social,108,43876.0
S012,2025-08-01,social,143,48386.0
S012,2025-09-01,social,149,54925.0
S012,2025-10-01,social,133,61743.0
S012,2025-11-01,social,148,60519.0
S012,2025-12-01,social,131,59395.0
S012,2026-01-01,social,105,47973.0
S012,2026-02-01,social,58,38959.0
S012,2026-03-01,social,89,35314.0
S012,2026-04-01,social,94,33170.0
S012,2026-05-01,social,87,36424.0
S012,2026-06-01,social,73,39580.0
S012,2026-07-01,social,96,36542.0
S012,2026-08-01,social,95,40115.0
S012,2026-09-01,social,102,41981.0
S012,2026-10-01,social,134,49262.0
S012,2026-11-01,social,132,52429.0
S012,2026-12-01,social,128,54178.0
S013,2023-07-01,organic,1755,224728.0
S013,2023-08-01,organic,1785,546913.0
S013,2023-09-01,organic,2039,812168.0
S013,2023-10-01,organic,2175,907698.0
S013,2023-11-01,organic,2215,848717.0
S013,2023-12-01,organic,2301,994358.0
S013,2024-01-01,organic,2572,1065370.0
S013,2024-02-01,organic,1999,990680.0
S013,2024-03-01,organic,2653,1030503.0
S013,2024-04-01,organic,2292,977423.0
S013,2024-05-01,organic,2342,1106308.0
S013,2024-06-01,organic,2401,929851.0
S013,2024-07-01,organic,2379,293490.0
S013,2024-08-01,organic,2428,757712.0
S013,2024-09-01,organic,2607,1047347.0
S013,2024-10-01,organic,2917,1216711.0
S013,2024-11-01,organic,3078,1139767.0
S013,2024-12-01,organic,2859,1289331.0
S013,2025-01-01,organic,3333,1346122.0
S013,2025-02-01,organic,2560,1307349.0
S013,2025-03-01,organic,3498,1321426.0
S013,2025-04-01,organic,3012,1320856.0
S013,2025-05-01,organic,2901,1320496.0
S013,2025-06-01,organic,3268,1261585.0
S013,2025-07-01,organic,3226,1502091.0
S013,2025-08-01,organic,3064,1376871.0
S013,2025-09-01,organic,3098,1335684.0
S013,2025-10-01,organic,3377,1389441.0
S013,2025-11-01,organic,3473,1394484.0
S013,2025-12-01,organic,3433,1480885.0
S013,2026-01-01,organic,3557,1363045.0
S013,2026-02-01,organic,3497,1377248.0
S013,2026-03-01,organic,4261,1744242.0
S013,2026-04-01,organic,3996,1742303.0
S013,2026-05-01,organic,3500,1760295.0
S013,2026-06-01,organic,4100,1698553.0
S013,2026-07-01,organic,3282,1522967.0
S013,2026-08-01,organic,3225,1632991.0
S013,2026-09-01,organic,3757,1474335.0
S013,2026-10-01,organic,3392,1463638.0
S013,2026-11-01,organic,3372,1438527.0
S013,2026-12-01,organic,3866,1498007.0
S013,2023-07-01,direct,2265,293219.0
S013,2023-08-01,direct,2774,936311.0
S013,2023-09-01,direct,3396,1306171.0
S013,2023-10-01,direct,3128,1380618.0
S013,2023-11-01,direct,2286,1182867.0
S013,2023-12-01,direct,2633,1235660.0
S013,2024-01-01,direct,2850,1233757.0
S013,2024-02-01,direct,2275,1072337.0
S013,2024-03-01,direct,3283,1270436.0
S013,2024-04-01,direct,2864,1229317.0
S013,2024-05-01,direct,2441,1382650.0
S013,2024-06-01,direct,2581,1132388.0
S013,2024-07-01,direct,3358,427895.0
S013,2024-08-01,direct,3838,1260505.0
S013,2024-09-01,direct,4004,1552486.0
S013,2024-10-01,direct,4475,2005189.0
S013,2024-11-01,direct,3497,1880840.0
S013,2024-12-01,direct,3369,1644527.0
S013,2025-01-01,direct,3745,1607984.0
S013,2025-02-01,direct,3132,1449353.0
S013,2025-03-01,direct,4380,1695977.0
S013,2025-04-01,direct,4213,1770166.0
S013,2025-05-01,direct,3248,1813693.0
S013,2025-06-01,direct,3379,1442131.0
S013,2025-07-01,direct,2450,1432482.0
S013,2025-08-01,direct,2353,1143072.0
S013,2025-09-01,direct,3645,1181547.0
S013,2025-10-01,direct,3881,1384328.0
S013,2025-11-01,direct,3462,1455609.0
S013,2025-12-01,direct,3285,1472424.0
S013,2026-01-01,direct,2873,1302912.0
S013,2026-02-01,direct,2742,1021131.0
S013,2026-03-01,direct,3147,1299165.0
S013,2026-04-01,direct,3590,1461268.0
S013,2026-05-01,direct,4456,1622669.0
S013,2026-06-01,direct,4800,1848509.0
S013,2026-07-01,direct,4427,2103020.0
S013,2026-08-01,direct,4373,1930010.0
S013,2026-09-01,direct,4795,1834498.0
S013,2026-10-01,direct,6797,2313198.0
S013,2026-11-01,direct,7995,2751777.0
S013,2026-12-01,direct,7341,3252945.0
S013,2023-07-01,paid,777,108517.0
S013,2023-08-01,paid,833,298883.0
S013,2023-09-01,paid,1022,363269.0
S013,2023-10-01,paid,1274,506194.0
S013,2023-11-01,paid,1147,470241.0
S013,2023-12-01,paid,917,488656.0
S013,2024-01-01,paid,893,405901.0
S013,2024-02-01,paid,931,335495.0
S013,2024-03-01,paid,1482,521936.0
S013,2024-04-01,paid,1417,599490.0
S013,2024-05-01,paid,1190,575676.0
S013,2024-06-01,paid,1294,527982.0
S013,2024-07-01,paid,1180,159164.0
S013,2024-08-01,paid,1124,407954.0
S013,2024-09-01,paid,1491,537844.0
S013,2024-10-01,paid,1543,584449.0
S013,2024-11-01,paid,1547,628047.0
S013,2024-12-01,paid,1172,625493.0
S013,2025-01-01,paid,1225,540476.0
S013,2025-02-01,paid,1371,501927.0
S013,2025-03-01,paid,1966,699005.0
S013,2025-04-01,paid,1833,750728.0
S013,2025-05-01,paid,1592,765585.0
S013,2025-06-01,paid,1753,717133.0
S013,2025-07-01,paid,1768,765620.0
S013,2025-08-01,paid,1565,747826.0
S013,2025-09-01,paid,1914,768469.0
S013,2025-10-01,paid,2185,852468.0
S013,2025-11-01,paid,1948,918066.0
S013,2025-12-01,paid,1734,785113.0
S013,2026-01-01,paid,1451,730864.0
S013,2026-02-01,paid,1294,580803.0
S013,2026-03-01,paid,1618,663372.0
S013,2026-04-01,paid,1383,636050.0
S013,2026-05-01,paid,1475,648433.0
S013,2026-06-01,paid,1563,623444.0
S013,2026-07-01,paid,1674,627634.0
S013,2026-08-01,paid,2015,750465.0
S013,2026-09-01,paid,1666,858211.0
S013,2026-10-01,paid,1692,774722.0
S013,2026-11-01,paid,1728,683305.0
S013,2026-12-01,paid,2433,889232.0
S013,2023-07-01,referral,1976,251360.0
S013,2023-08-01,referral,1751,675051.0
S013,2023-09-01,referral,1677,793544.0
S013,2023-10-01,referral,1807,707681.0
S013,2023-11-01,referral,2104,817314.0
S013,2023-12-01,referral,2090,906598.0
S013,2024-01-01,referral,2416,973680.0
S013,2024-02-01,referral,2689,1067911.0
S013,2024-03-01,referral,3123,1202544.0
S013,2024-04-01,referral,3388,1332296.0
S013,2024-05-01,referral,2893,1444031.0
S013,2024-06-01,referral,3321,1452306.0
S013,2024-07-01,referral,2602,326483.0
S013,2024-08-01,referral,2205,883370.0
S013,2024-09-01,referral,1950,903747.0
S013,2024-10-01,referral,2400,929863.0
S013,2024-11-01,referral,2643,1057443.0
S013,2024-12-01,referral,2523,1111547.0
S013,2025-01-01,referral,2849,1184339.0
S013,2025-02-01,referral,3263,1317177.0
S013,2025-03-01,referral,4070,1488738.0
S013,2025-04-01,referral,4445,1718006.0
S013,2025-05-01,referral,3624,1823205.0
S013,2025-06-01,referral,4149,1786769.0
S013,2025-07-01,referral,3162,1791897.0
S013,2025-08-01,referral,3745,1431928.0
S013,2025-09-01,referral,5068,1681910.0
S013,2025-10-01,referral,5842,2053408.0
S013,2025-11-01,referral,5622,2669561.0
S013,2025-12-01,referral,6092,2523708.0
S013,2026-01-01,referral,6236,2671433.0
S013,2026-02-01,referral,6875,2532266.0
S013,2026-03-01,referral,7430,2916997.0
S013,2026-04-01,referral,7011,3091932.0
S013,2026-05-01,referral,7310,3374489.0
S013,2026-06-01,referral,7686,2917411.0
S013,2026-07-01,referral,7726,3350150.0
S013,2026-08-01,referral,7993,3474781.0
S013,2026-09-01,referral,8446,3223606.0
S013,2026-10-01,referral,10367,4042741.0
S013,2026-11-01,referral,8906,3841149.0
S013,2026-12-01,referral,8645,3657802.0
S013,2023-07-01,social,255,30160.0
S013,2023-08-01,social,268,82520.0
S013,2023-09-01,social,279,126826.0
S013,2023-10-01,social,266,123054.0
S013,2023-11-01,social,262,102297.0
S013,2023-12-01,social,362,123935.0
S013,2024-01-01,social,340,135115.0
S013,2024-02-01,social,302,135382.0
S013,2024-03-01,social,334,139292.0
S013,2024-04-01,social,306,146160.0
S013,2024-05-01,social,315,133718.0
S013,2024-06-01,social,295,133704.0
S013,2024-07-01,social,322,38831.0
S013,2024-08-01,social,376,118677.0
S013,2024-09-01,social,325,149728.0
S013,2024-10-01,social,305,146258.0
S013,2024-11-01,social,326,130626.0
S013,2024-12-01,social,430,149113.0
S013,2025-01-01,social,470,188876.0
S013,2025-02-01,social,408,185700.0
S013,2025-03-01,social,465,192894.0
S013,2025-04-01,social,420,190933.0
S013,2025-05-01,social,445,188877.0
S013,2025-06-01,social,419,195059.0
S013,2025-07-01,social,287,165578.0
S013,2025-08-01,social,354,144429.0
S013,2025-09-01,social,354,138342.0
S013,2025-10-01,social,388,154219.0
S013,2025-11-01,social,311,156092.0
S013,2025-12-01,social,348,150818.0
S013,2026-01-01,social,382,145324.0
S013,2026-02-01,social,246,139144.0
S013,2026-03-01,social,313,129770.0
S013,2026-04-01,social,312,117369.0
S013,2026-05-01,social,370,153898.0
S013,2026-06-01,social,340,140145.0
S013,2026-07-01,social,298,149623.0
S013,2026-08-01,social,295,140785.0
S013,2026-09-01,social,346,140315.0
S013,2026-10-01,social,330,146517.0
S013,2026-11-01,social,280,120183.0
S013,2026-12-01,social,314,132190.0
S014,2023-07-01,organic,3249,378493.0
S014,2023-08-01,organic,3178,1037631.0
S014,2023-09-01,organic,2703,1328799.0
S014,2023-10-01,organic,3658,1339424.0
S014,2023-11-01,organic,4293,1425251.0
S014,2023-12-01,organic,4502,1933911.0
S014,2024-01-01,organic,3575,1843538.0
S014,2024-02-01,organic,4082,1768397.0
S014,2024-03-01,organic,4416,1691352.0
S014,2024-04-01,organic,4969,1797319.0
S014,2024-05-01,organic,4672,2034646.0
S014,2024-06-01,organic,4626,1805705.0
S014,2024-07-01,organic,3917,458410.0
S014,2024-08-01,organic,3901,1341767.0
S014,2024-09-01,organic,3132,1595394.0
S014,2024-10-01,organic,4735,1730676.0
S014,2024-11-01,organic,5655,1924255.0
S014,2024-12-01,organic,5576,2408387.0
S014,2025-01-01,organic,4552,2305953.0
S014,2025-02-01,organic,4514,1864384.0
S014,2025-03-01,organic,5001,1913272.0
S014,2025-04-01,organic,5923,2178714.0
S014,2025-05-01,organic,5578,2535400.0
S014,2025-06-01,organic,5819,2263064.0
S014,2025-07-01,organic,5120,2562898.0
S014,2025-08-01,organic,5203,2210805.0
S014,2025-09-01,organic,6514,2386033.0
S014,2025-10-01,organic,6372,2516337.0
S014,2025-11-01,organic,6162,2611955.0
S014,2025-12-01,organic,6667,2674414.0
S014,2026-01-01,organic,6513,2887396.0
S014,2026-02-01,organic,4955,2414908.0
S014,2026-03-01,organic,6522,2590355.0
S014,2026-04-01,organic,6096,2614663.0
S014,2026-05-01,organic,6353,2713693.0
S014,2026-06-01,organic,7352,2792364.0
S014,2026-07-01,organic,6510,2744840.0
S014,2026-08-01,organic,5709,2779011.0
S014,2026-09-01,organic,6088,2333941.0
S014,2026-10-01,organic,6890,2495893.0
S014,2026-11-01,organic,5934,2611311.0
S014,2026-12-01,organic,6085,2716098.0
S014,2023-07-01,direct,2432,273921.0
S014,2023-08-01,direct,2592,801278.0
S014,2023-09-01,direct,3113,1197542.0
S014,2023-10-01,direct,3498,1326762.0
S014,2023-11-01,direct,3979,1344927.0
S014,2023-12-01,direct,4492,1866747.0
S014,2024-01-01,direct,3804,1898995.0
S014,2024-02-01,direct,3276,1502988.0
S014,2024-03-01,direct,4730,1633153.0
S014,2024-04-01,direct,4242,1608006.0
S014,2024-05-01,direct,4135,1733687.0
S014,2024-06-01,direct,3644,1714703.0
S014,2024-07-01,direct,2796,300860.0
S014,2024-08-01,direct,3578,1085304.0
S014,2024-09-01,direct,3929,1448660.0
S014,2024-10-01,direct,4358,1638006.0
S014,2024-11-01,direct,5545,1857705.0
S014,2024-12-01,direct,5614,2356092.0
S014,2025-01-01,direct,4621,2363042.0
S014,2025-02-01,direct,3916,1825481.0
S014,2025-03-01,direct,5505,1902984.0
S014,2025-04-01,direct,5202,1946224.0
S014,2025-05-01,direct,5086,2151559.0
S014,2025-06-01,direct,5025,2353108.0
S014,2025-07-01,direct,4090,2116859.0
S014,2025-08-01,direct,3954,1831700.0
S014,2025-09-01,direct,4105,1766389.0
S014,2025-10-01,direct,4614,1796119.0
S014,2025-11-01,direct,5949,1956252.0
S014,2025-12-01,direct,5401,2223622.0
S014,2026-01-01,direct,5625,2386849.0
S014,2026-02-01,direct,5521,2234984.0
S014,2026-03-01,direct,6446,2494540.0
S014,2026-04-01,direct,6820,2747629.0
S014,2026-05-01,direct,6006,2753416.0
S014,2026-06-01,direct,6058,2570055.0
S014,2026-07-01,direct,5079,2483592.0
S014,2026-08-01,direct,5172,2288333.0
S014,2026-09-01,direct,4761,2204774.0
S014,2026-10-01,direct,5364,2074197.0
S014,2026-11-01,direct,5911,2315867.0
S014,2026-12-01,direct,5665,2409721.0
S014,2023-07-01,paid,1201,145190.0
S014,2023-08-01,paid,1383,464190.0
S014,2023-09-01,paid,1131,477403.0
S014,2023-10-01,paid,1410,530532.0
S014,2023-11-01,paid,1307,472025.0
S014,2023-12-01,paid,1314,577772.0
S014,2024-01-01,paid,1472,598558.0
S014,2024-02-01,paid,1144,542077.0
S014,2024-03-01,paid,1462,641292.0
S014,2024-04-01,paid,1662,622446.0
S014,2024-05-01,paid,1756,618040.0
S014,2024-06-01,paid,1677,729145.0
S014,2024-07-01,paid,1788,214594.0
S014,2024-08-01,paid,1963,630314.0
S014,2024-09-01,paid,1719,749329.0
S014,2024-10-01,paid,1878,689225.0
S014,2024-11-01,paid,2077,778150.0
S014,2024-12-01,paid,2105,917501.0
S014,2025-01-01,paid,1836,767945.0
S014,2025-02-01,paid,1465,681011.0
S014,2025-03-01,paid,1688,718528.0
S014,2025-04-01,paid,1945,734980.0
S014,2025-05-01,paid,2055,741515.0
S014,2025-06-01,paid,2115,917526.0
S014,2025-07-01,paid,1479,838587.0
S014,2025-08-01,paid,1920,722580.0
S014,2025-09-01,paid,1844,757394.0
S014,2025-10-01,paid,2276,859837.0
S014,2025-11-01,paid,2411,929006.0
S014,2025-12-01,paid,2491,1026488.0
S014,2026-01-01,paid,2574,1086141.0
S014,2026-02-01,paid,2697,1131520.0
S014,2026-03-01,paid,4022,1248414.0
S014,2026-04-01,paid,3452,1399212.0
S014,2026-05-01,paid,3479,1496664.0
S014,2026-06-01,paid,3331,1422508.0
S014,2026-07-01,paid,2741,1272443.0
S014,2026-08-01,paid,2497,1170438.0
S014,2026-09-01,paid,2848,1152592.0
S014,2026-10-01,paid,3763,1267674.0
S014,2026-11-01,paid,4304,1493217.0
S014,2026-12-01,paid,4186,1850963.0
S014,2023-07-01,referral,2139,270925.0
S014,2023-08-01,referral,2332,692108.0
S014,2023-09-01,referral,2236,894479.0
S014,2023-10-01,referral,2750,1030161.0
S014,2023-11-01,referral,2651,1063006.0
S014,2023-12-01,referral,3140,1237665.0
S014,2024-01-01,referral,3270,1410108.0
S014,2024-02-01,referral,2598,1239501.0
S014,2024-03-01,referral,2986,1103334.0
S014,2024-04-01,referral,4677,1398846.0
S014,2024-05-01,referral,5755,1939705.0
S014,2024-06-01,referral,4691,2132704.0
S014,2024-07-01,referral,2644,331163.0
S014,2024-08-01,referral,2859,876249.0
S014,2024-09-01,referral,2806,1143662.0
S014,2024-10-01,referral,3580,1368010.0
S014,2024-11-01,referral,3503,1410784.0
S014,2024-12-01,referral,4160,1608070.0
S014,2025-01-01,referral,3877,1666719.0
S014,2025-02-01,referral,3224,1557528.0
S014,2025-03-01,referral,4099,1518525.0
S014,2025-04-01,referral,5652,1747597.0
S014,2025-05-01,referral,7245,2412652.0
S014,2025-06-01,referral,5810,2556985.0
S014,2025-07-01,referral,4483,2495780.0
S014,2025-08-01,referral,4477,2061351.0
S014,2025-09-01,referral,4204,1743001.0
S014,2025-10-01,referral,4496,1896960.0
S014,2025-11-01,referral,4833,1933595.0
S014,2025-12-01,referral,5596,2089990.0
S014,2026-01-01,referral,4966,2376966.0
S014,2026-02-01,referral,4434,2009552.0
S014,2026-03-01,referral,6071,2206878.0
S014,2026-04-01,referral,6452,2328065.0
S014,2026-05-01,referral,5769,2764400.0
S014,2026-06-01,referral,5919,2519108.0
S014,2026-07-01,referral,6032,2400836.0
S014,2026-08-01,referral,6547,2729546.0
S014,2026-09-01,referral,8457,2779195.0
S014,2026-10-01,referral,7148,3438944.0
S014,2026-11-01,referral,8519,3388641.0
S014,2026-12-01,referral,8089,3314050.0
S014,2023-07-01,social,160,19209.0
S014,2023-08-01,social,139,48938.0
S014,2023-09-01,social,224,70312.0
S014,2023-10-01,social,232,90015.0
S014,2023-11-01,social,292,102283.0
S014,2023-12-01,social,221,105179.0
S014,2024-01-01,social,215,94824.0
S014,2024-02-01,social,153,78349.0
S014,2024-03-01,social,170,86141.0
S014,2024-04-01,social,175,60392.0
S014,2024-05-01,social,145,74187.0
S014,2024-06-01,social,119,53287.0
S014,2024-07-01,social,221,25800.0
S014,2024-08-01,social,220,76001.0
S014,2024-09-01,social,319,96641.0
S014,2024-10-01,social,347,135302.0
S014,2024-11-01,social,410,144613.0
S014,2024-12-01,social,339,161068.0
S014,2025-01-01,social,330,142939.0
S014,2025-02-01,social,239,123517.0
S014,2025-03-01,social,224,116190.0
S014,2025-04-01,social,269,97113.0
S014,2025-05-01,social,190,98509.0
S014,2025-06-01,social,189,85681.0
S014,2025-07-01,social,207,84205.0
S014,2025-08-01,social,214,87576.0
S014,2025-09-01,social,225,91139.0
S014,2025-10-01,social,224,87694.0
S014,2025-11-01,social,299,111970.0
S014,2025-12-01,social,252,116592.0
S014,2026-01-01,social,242,94516.0
S014,2026-02-01,social,206,92930.0
S014,2026-03-01,social,260,99951.0
S014,2026-04-01,social,189,90973.0
S014,2026-05-01,social,205,93017.0
S014,2026-06-01,social,172,79568.0
S014,2026-07-01,social,157,72191.0
S014,2026-08-01,social,186,78212.0
S014,2026-09-01,social,162,68608.0
S014,2026-10-01,social,298,79638.0
S014,2026-11-01,social,225,107310.0
S014,2026-12-01,social,212,103515.0
S015,2023-07-01,organic,1099,138695.0
S015,2023-08-01,organic,1069,366542.0
S015,2023-09-01,organic,1039,436065.0
S015,2023-10-01,organic,1693,571824.0
S015,2023-11-01,organic,1484,604101.0
S015,2023-12-01,organic,1676,699022.0
S015,2024-01-01,organic,2017,863494.0
S015,2024-02-01,organic,1379,693550.0
S015,2024-03-01,organic,1560,678482.0
S015,2024-04-01,organic,1642,647599.0
S015,2024-05-01,organic,1279,642562.0
S015,2024-06-01,organic,1402,592680.0
S015,2024-07-01,organic,1341,170709.0
S015,2024-08-01,organic,1287,443135.0
S015,2024-09-01,organic,1382,579388.0
S015,2024-10-01,organic,1878,646434.0
S015,2024-11-01,organic,1820,752267.0
S015,2024-12-01,organic,2055,822773.0
S015,2025-01-01,organic,2750,1163711.0
S015,2025-02-01,organic,2065,1026681.0
S015,2025-03-01,organic,2252,994809.0
S015,2025-04-01,organic,2333,949309.0
S015,2025-05-01,organic,1817,953638.0
S015,2025-06-01,organic,1875,821621.0
S015,2025-07-01,organic,2114,885143.0
S015,2025-08-01,organic,2112,879981.0
S015,2025-09-01,organic,2216,889179.0
S015,2025-10-01,organic,2177,981073.0
S015,2025-11-01,organic,2446,889841.0
S015,2025-12-01,organic,2359,1007895.0
S015,2026-01-01,organic,2086,1031156.0
S015,2026-02-01,organic,1695,811518.0
S015,2026-03-01,organic,1971,890680.0
S015,2026-04-01,organic,2089,810340.0
S015,2026-05-01,organic,2198,957585.0
S015,2026-06-01,organic,2281,940558.0
S015,2026-07-01,organic,2081,973597.0
S015,2026-08-01,organic,2376,934544.0
S015,2026-09-01,organic,2465,1029178.0
S015,2026-10-01,organic,2331,1023279.0
S015,2026-11-01,organic,2627,986436.0
S015,2026-12-01,organic,2342,1145269.0
S015,2023-07-01,direct,978,126141.0
S015,2023-08-01,direct,887,306671.0
S015,2023-09-01,direct,933,391971.0
S015,2023-10-01,direct,884,378310.0
S015,2023-11-01,direct,1194,470639.0
S015,2023-12-01,direct,1372,483630.0
S015,2024-01-01,direct,1474,533010.0
S015,2024-02-01,direct,1142,478993.0
S015,2024-03-01,direct,1470,586621.0
S015,2024-04-01,direct,1399,626208.0
S015,2024-05-01,direct,1245,578319.0
S015,2024-06-01,direct,1374,507744.0
S015,2024-07-01,direct,1280,173070.0
S015,2024-08-01,direct,1327,457125.0
S015,2024-09-01,direct,1252,530275.0
S015,2024-10-01,direct,1274,545426.0
S015,2024-11-01,direct,1465,572223.0
S015,2024-12-01,direct,1733,636046.0
S015,2025-01-01,direct,2020,743125.0
S015,2025-02-01,direct,1764,766498.0
S015,2025-03-01,direct,2156,839767.0
S015,2025-04-01,direct,1768,810388.0
S015,2025-05-01,direct,1718,812430.0
S015,2025-06-01,direct,2010,741826.0
S015,2025-07-01,direct,2020,902151.0
S015,2025-08-01,direct,1916,935128.0
S015,2025-09-01,direct,1875,830688.0
S015,2025-10-01,direct,2111,853374.0
S015,2025-11-01,direct,1657,892415.0
S015,2025-12-01,direct,1713,740935.0
S015,2026-01-01,direct,1341,682498.0
S015,2026-02-01,direct,1325,583615.0
S015,2026-03-01,direct,1728,628190.0
S015,2026-04-01,direct,2274,725287.0
S015,2026-05-01,direct,2096,891124.0
S015,2026-06-01,direct,2525,935953.0
S015,2026-07-01,direct,1950,988474.0
S015,2026-08-01,direct,2113,919240.0
S015,2026-09-01,direct,2033,809562.0
S015,2026-10-01,direct,2077,977422.0
S015,2026-11-01,direct,2447,933787.0
S015,2026-12-01,direct,2621,1041093.0
S015,2023-07-01,paid,313,36117.0
S015,2023-08-01,paid,315,108606.0
S015,2023-09-01,paid,312,133436.0
S015,2023-10-01,paid,468,152170.0
S015,2023-11-01,paid,345,171045.0
S015,2023-12-01,paid,564,230514.0
S015,2024-01-01,paid,515,201443.0
S015,2024-02-01,paid,608,240834.0
S015,2024-03-01,paid,772,248359.0
S015,2024-04-01,paid,729,316701.0
S015,2024-05-01,paid,682,318414.0
S015,2024-06-01,paid,907,306314.0
S015,2024-07-01,paid,463,54071.0
S015,2024-08-01,paid,443,151272.0
S015,2024-09-01,paid,411,174465.0
S015,2024-10-01,paid,702,227805.0
S015,2024-11-01,paid,495,238862.0
S015,2024-12-01,paid,723,288943.0
S015,2025-01-01,paid,715,273783.0
S015,2025-02-01,paid,799,317592.0
S015,2025-03-01,paid,1076,347842.0
S015,2025-04-01,paid,942,421775.0
S015,2025-05-01,paid,944,459132.0
S015,2025-06-01,paid,1331,444289.0
S015,2025-07-01,paid,1067,489672.0
S015,2025-08-01,paid,1192,538488.0
S015,2025-09-01,paid,1422,563025.0
S015,2025-10-01,paid,1603,611780.0
S015,2025-11-01,paid,1450,635150.0
S015,2025-12-01,paid,1514,712748.0
S015,2026-01-01,paid,1074,546403.0
S015,2026-02-01,paid,968,429582.0
S015,2026-03-01,paid,1287,487249.0
S015,2026-04-01,paid,1582,545687.0
S015,2026-05-01,paid,1376,626798.0
S015,2026-06-01,paid,1575,582979.0
S015,2026-07-01,paid,1365,711794.0
S015,2026-08-01,paid,1549,647403.0
S015,2026-09-01,paid,1577,654463.0
S015,2026-10-01,paid,1923,741705.0
S015,2026-11-01,paid,1832,767045.0
S015,2026-12-01,paid,1931,792653.0
S015,2023-07-01,referral,743,94520.0
S015,2023-08-01,referral,586,198462.0
S015,2023-09-01,referral,729,273072.0
S015,2023-10-01,referral,699,319736.0
S015,2023-11-01,referral,752,313088.0
S015,2023-12-01,referral,896,327505.0
S015,2024-01-01,referral,1031,428083.0
S015,2024-02-01,referral,777,336435.0
S015,2024-03-01,referral,875,408628.0
S015,2024-04-01,referral,1204,409680.0
S015,2024-05-01,referral,1010,467363.0
S015,2024-06-01,referral,949,410616.0
S015,2024-07-01,referral,1052,131175.0
S015,2024-08-01,referral,931,322544.0
S015,2024-09-01,referral,1161,440905.0
S015,2024-10-01,referral,1130,524023.0
S015,2024-11-01,referral,986,400898.0
S015,2024-12-01,referral,1372,509784.0
S015,2025-01-01,referral,1434,601039.0
S015,2025-02-01,referral,1111,483568.0
S015,2025-03-01,referral,1208,566521.0
S015,2025-04-01,referral,1473,502494.0
S015,2025-05-01,referral,1313,606882.0
S015,2025-06-01,referral,1309,561252.0
S015,2025-07-01,referral,1310,524429.0
S015,2025-08-01,referral,1650,648005.0
S015,2025-09-01,referral,1966,693340.0
S015,2025-10-01,referral,2721,928897.0
S015,2025-11-01,referral,2975,1137031.0
S015,2025-12-01,referral,2103,1171148.0
S015,2026-01-01,referral,2600,1102234.0
S015,2026-02-01,referral,2316,1028827.0
S015,2026-03-01,referral,2206,1043559.0
S015,2026-04-01,referral,2216,1062642.0
S015,2026-05-01,referral,2457,1065608.0
S015,2026-06-01,referral,2101,931968.0
S015,2026-07-01,referral,2080,884524.0
S015,2026-08-01,referral,2237,891917.0
S015,2026-09-01,referral,2759,975318.0
S015,2026-10-01,referral,3091,1169280.0
S015,2026-11-01,referral,4465,1656349.0
S015,2026-12-01,referral,4003,1774921.0
S015,2023-07-01,social,51,6357.0
S015,2023-08-01,social,72,22519.0
S015,2023-09-01,social,83,30563.0
S015,2023-10-01,social,96,35720.0
S015,2023-11-01,social,80,35846.0
S015,2023-12-01,social,114,42122.0
S015,2024-01-01,social,108,44086.0
S015,2024-02-01,social,114,51307.0
S015,2024-03-01,social,86,45076.0
S015,2024-04-01,social,109,42188.0
S015,2024-05-01,social,131,51078.0
S015,2024-06-01,social,127,50857.0
S015,2024-07-01,social,82,10573.0
S015,2024-08-01,social,96,30496.0
S015,2024-09-01,social,129,47728.0
S015,2024-10-01,social,142,53412.0
S015,2024-11-01,social,122,52457.0
S015,2024-12-01,social,164,58240.0
S015,2025-01-01,social,146,59753.0
S015,2025-02-01,social,142,61904.0
S015,2025-03-01,social,103,51048.0
S015,2025-04-01,social,126,50037.0
S015,2025-05-01,social,144,57216.0
S015,2025-06-01,social,149,58485.0
S015,2025-07-01,social,162,70287.0
S015,2025-08-01,social,172,70779.0
S015,2025-09-01,social,148,68455.0
S015,2025-10-01,social,126,66379.0
S015,2025-11-01,social,130,57052.0
S015,2025-12-01,social,158,62497.0
S015,2026-01-01,social,111,64919.0
S015,2026-02-01,social,106,45751.0
S015,2026-03-01,social,138,52901.0
S015,2026-04-01,social,131,54237.0
S015,2026-05-01,social,153,58437.0
S015,2026-06-01,social,153,67958.0
S015,2026-07-01,social,176,74232.0
S015,2026-08-01,social,173,68264.0
S015,2026-09-01,social,191,66241.0
S015,2026-10-01,social,225,91520.0
S015,2026-11-01,social,166,80998.0
S015,2026-12-01,social,165,76129.0
S016,2023-07-01,organic,1112,150882.0
S016,2023-08-01,organic,1169,436807.0
S016,2023-09-01,organic,1382,548118.0
S016,2023-10-01,organic,1404,607534.0
S016,2023-11-01,organic,1429,663635.0
S016,2023-12-01,organic,1521,703417.0
S016,2024-01-01,organic,1371,676105.0
S016,2024-02-01,organic,1462,692457.0
S016,2024-03-01,organic,1948,762254.0
S016,2024-04-01,organic,2015,937892.0
S016,2024-05-01,organic,1964,932801.0
S016,2024-06-01,organic,2006,843633.0
S016,2024-07-01,organic,1667,234771.0
S016,2024-08-01,organic,1672,613583.0
S016,2024-09-01,organic,1966,743222.0
S016,2024-10-01,organic,2323,1047508.0
S016,2024-11-01,organic,2157,997981.0
S016,2024-12-01,organic,2128,966726.0
S016,2025-01-01,organic,1906,943515.0
S016,2025-02-01,organic,2065,1017708.0
S016,2025-03-01,organic,2503,969202.0
S016,2025-04-01,organic,2401,1130162.0
S016,2025-05-01,organic,2405,1127179.0
S016,2025-06-01,organic,2849,1143271.0
S016,2025-07-01,organic,2678,1251231.0
S016,2025-08-01,organic,2898,1239815.0
S016,2025-09-01,organic,2658,1244621.0
S016,2025-10-01,organic,3498,1354229.0
S016,2025-11-01,organic,3426,1508978.0
S016,2025-12-01,organic,3351,1676702.0
S016,2026-01-01,organic,4222,1944850.0
S016,2026-02-01,organic,4048,1757508.0
S016,2026-03-01,organic,4591,2125800.0
S016,2026-04-01,organic,4177,1933691.0
S016,2026-05-01,organic,4861,1950822.0
S016,2026-06-01,organic,5313,2431573.0
S016,2026-07-01,organic,4521,2274993.0
S016,2026-08-01,organic,4245,2155250.0
S016,2026-09-01,organic,4683,1937325.0
S016,2026-10-01,organic,6209,2497797.0
S016,2026-11-01,organic,5210,2648964.0
S016,2026-12-01,organic,5450,2540070.0
S016,2023-07-01,direct,1253,172488.0
S016,2023-08-01,direct,1223,441549.0
S016,2023-09-01,direct,1326,579809.0
S016,2023-10-01,direct,1750,752212.0
S016,2023-11-01,direct,1357,705082.0
S016,2023-12-01,direct,1677,653372.0
S016,2024-01-01,direct,1461,730456.0
S016,2024-02-01,direct,1586,776394.0
S016,2024-03-01,direct,1575,714965.0
S016,2024-04-01,direct,1570,661439.0
S016,2024-05-01,direct,1791,777206.0
S016,2024-06-01,direct,1849,795881.0
S016,2024-07-01,direct,1935,267737.0
S016,2024-08-01,direct,1884,714209.0
S016,2024-09-01,direct,1881,844982.0
S016,2024-10-01,direct,2262,1016338.0
S016,2024-11-01,direct,1794,932204.0
S016,2024-12-01,direct,2382,944828.0
S016,2025-01-01,direct,1754,874628.0
S016,2025-02-01,direct,1940,963760.0
S016,2025-03-01,direct,2009,925542.0
S016,2025-04-01,direct,2138,903223.0
S016,2025-05-01,direct,2522,1119193.0
S016,2025-06-01,direct,2740,1175514.0
S016,2025-07-01,direct,2535,1192617.0
S016,2025-08-01,direct,2396,1231807.0
S016,2025-09-01,direct,2712,1184627.0
S016,2025-10-01,direct,2651,1258951.0
S016,2025-11-01,direct,3928,1494520.0
S016,2025-12-01,direct,3999,1587462.0
S016,2026-01-01,direct,4515,2187145.0
S016,2026-02-01,direct,4198,1863715.0
S016,2026-03-01,direct,4300,2165546.0
S016,2026-04-01,direct,4731,2044113.0
S016,2026-05-01,direct,4230,2252053.0
S016,2026-06-01,direct,4451,1873308.0
S016,2026-07-01,direct,3960,2029995.0
S016,2026-08-01,direct,5638,2183376.0
S016,2026-09-01,direct,4478,2196691.0
S016,2026-10-01,direct,4547,2010088.0
S016,2026-11-01,direct,4371,2143922.0
S016,2026-12-01,direct,4306,2218377.0
S016,2023-07-01,paid,446,57874.0
S016,2023-08-01,paid,559,185255.0
S016,2023-09-01,paid,680,253066.0
S016,2023-10-01,paid,668,305009.0
S016,2023-11-01,paid,796,305100.0
S016,2023-12-01,paid,644,339582.0
S016,2024-01-01,paid,922,400756.0
S016,2024-02-01,paid,685,290690.0
S016,2024-03-01,paid,1045,431025.0
S016,2024-04-01,paid,916,433401.0
S016,2024-05-01,paid,855,474850.0
S016,2024-06-01,paid,980,385122.0
S016,2024-07-01,paid,649,83192.0
S016,2024-08-01,paid,799,264032.0
S016,2024-09-01,paid,1057,389969.0
S016,2024-10-01,paid,1017,457483.0
S016,2024-11-01,paid,1186,476539.0
S016,2024-12-01,paid,964,496425.0
S016,2025-01-01,paid,1052,453593.0
S016,2025-02-01,paid,904,401602.0
S016,2025-03-01,paid,1259,545175.0
S016,2025-04-01,paid,1141,563927.0
S016,2025-05-01,paid,1085,591940.0
S016,2025-06-01,paid,1292,508377.0
S016,2025-07-01,paid,1433,604273.0
S016,2025-08-01,paid,1366,645750.0
S016,2025-09-01,paid,1656,680036.0
S016,2025-10-01,paid,1749,747006.0
S016,2025-11-01,paid,1714,859967.0
S016,2025-12-01,paid,1721,801385.0
S016,2026-01-01,paid,1748,851185.0
S016,2026-02-01,paid,1465,668758.0
S016,2026-03-01,paid,2167,888207.0
S016,2026-04-01,paid,1737,864844.0
S016,2026-05-01,paid,1820,907035.0
S016,2026-06-01,paid,1851,838300.0
S016,2026-07-01,paid,2026,892517.0
S016,2026-08-01,paid,1842,917616.0
S016,2026-09-01,paid,2273,987953.0
S016,2026-10-01,paid,2479,1107856.0
S016,2026-11-01,paid,2385,1101149.0
S016,2026-12-01,paid,2441,1114905.0
S016,2023-07-01,referral,650,93487.0
S016,2023-08-01,referral,811,268335.0
S016,2023-09-01,referral,945,387973.0
S016,2023-10-01,referral,843,414958.0
S016,2023-11-01,referral,879,412026.0
S016,2023-12-01,referral,914,409497.0
S016,2024-01-01,referral,843,438751.0
S016,2024-02-01,referral,670,372481.0
S016,2024-03-01,referral,763,340250.0
S016,2024-04-01,referral,822,345047.0
S016,2024-05-01,referral,950,383005.0
S016,2024-06-01,referral,897,381975.0
S016,2024-07-01,referral,825,120969.0
S016,2024-08-01,referral,1015,335708.0
S016,2024-09-01,referral,1108,462633.0
S016,2024-10-01,referral,967,468232.0
S016,2024-11-01,referral,1023,477426.0
S016,2024-12-01,referral,1131,519060.0
S016,2025-01-01,referral,1058,530470.0
S016,2025-02-01,referral,896,484801.0
S016,2025-03-01,referral,995,450648.0
S016,2025-04-01,referral,1069,461532.0
S016,2025-05-01,referral,1222,495325.0
S016,2025-06-01,referral,1247,515904.0
S016,2025-07-01,referral,1109,515044.0
S016,2025-08-01,referral,1373,581746.0
S016,2025-09-01,referral,1400,628298.0
S016,2025-10-01,referral,1731,758466.0
S016,2025-11-01,referral,1520,691960.0
S016,2025-12-01,referral,1630,824994.0
S016,2026-01-01,referral,1462,690378.0
S016,2026-02-01,referral,1376,590669.0
S016,2026-03-01,referral,1448,682057.0
S016,2026-04-01,referral,1236,605585.0
S016,2026-05-01,referral,1161,642490.0
S016,2026-06-01,referral,1319,548246.0
S016,2026-07-01,referral,1173,558684.0
S016,2026-08-01,referral,1120,520056.0
S016,2026-09-01,referral,1033,508006.0
S016,2026-10-01,referral,1557,568789.0
S016,2026-11-01,referral,1493,680609.0
S016,2026-12-01,referral,1217,696432.0
S016,2023-07-01,social,85,11979.0
S016,2023-08-01,social,80,32902.0
S016,2023-09-01,social,73,31017.0
S016,2023-10-01,social,119,39837.0
S016,2023-11-01,social,73,44270.0
S016,2023-12-01,social,107,49890.0
S016,2024-01-01,social,108,46114.0
S016,2024-02-01,social,99,43153.0
S016,2024-03-01,social,85,42878.0
S016,2024-04-01,social,75,40942.0
S016,2024-05-01,social,84,34682.0
S016,2024-06-01,social,82,39821.0
S016,2024-07-01,social,139,19866.0
S016,2024-08-01,social,112,45985.0
S016,2024-09-01,social,113,49747.0
S016,2024-10-01,social,183,62277.0
S016,2024-11-01,social,112,69144.0
S016,2024-12-01,social,136,61973.0
S016,2025-01-01,social,145,61861.0
S016,2025-02-01,social,145,65157.0
S016,2025-03-01,social,124,61468.0
S016,2025-04-01,social,102,56947.0
S016,2025-05-01,social,125,51246.0
S016,2025-06-01,social,113,55044.0
S016,2025-07-01,social,79,51022.0
S016,2025-08-01,social,88,40454.0
S016,2025-09-01,social,164,49162.0
S016,2025-10-01,social,258,87324.0
S016,2025-11-01,social,177,101394.0
S016,2025-12-01,social,165,92572.0
S016,2026-01-01,social,196,78045.0
S016,2026-02-01,social,187,81333.0
S016,2026-03-01,social,180,91994.0
S016,2026-04-01,social,178,84069.0
S016,2026-05-01,social,187,92915.0
S016,2026-06-01,social,161,82200.0
S016,2026-07-01,social,107,71211.0
S016,2026-08-01,social,133,61557.0
S016,2026-09-01,social,151,61482.0
S016,2026-10-01,social,156,72705.0
S016,2026-11-01,social,170,75603.0
S016,2026-12-01,social,177,75979.0
